Date,Open,High,Low,Close,Volume,Dividends,Stock Splits
2015-02-17 00:00:00-05:00,28.3484904589152,28.657570397556903,28.221746155981133,28.42409324645996,252609600,0.0,0.0
2015-02-18 00:00:00-05:00,28.379624198005633,28.63533689747999,28.33959958681433,28.62199592590332,179566800,0.0,0.0
2015-02-19 00:00:00-05:00,28.56862307542989,28.690920945904033,28.535270652992356,28.561952590942383,149449600,0.0,0.0
2015-02-20 00:00:00-05:00,28.59975264035525,28.795429229736328,28.4730100443584,28.795429229736328,195793600,0.0,0.0
2015-02-23 00:00:00-05:00,28.911055353853747,29.57368278503418,28.831006151951826,29.57368278503418,283896400,0.0,0.0
2015-02-24 00:00:00-05:00,29.56035243044005,29.70710991877343,29.16677676369978,29.389135360717773,276912400,0.0,0.0
2015-02-25 00:00:00-05:00,29.253490207727708,29.262386449737566,28.495246740191888,28.637556076049805,298846800,0.0,0.0
2015-02-26 00:00:00-05:00,28.637550731789126,29.100056835246285,28.15281081330094,28.999996185302734,365150000,0.0,0.0
2015-02-27 00:00:00-05:00,28.906609112630072,29.0333551042649,28.515259318403285,28.564178466796875,248059200,0.0,0.0
2015-03-02 00:00:00-05:00,28.73984377825784,28.96887282281326,28.528603825590125,28.704265594482422,192386800,0.0,0.0
2015-03-03 00:00:00-05:00,28.67535923988826,28.799879481281902,28.481905000009753,28.764301300048828,151265200,0.0,0.0
2015-03-04 00:00:00-05:00,28.706482375027377,28.808765380244864,28.53304302450965,28.581958770751953,126665200,0.0,0.0
2015-03-05 00:00:00-05:00,28.590862676575895,28.628663222806804,27.963811635398883,28.10834503173828,226068400,0.0,0.0
2015-03-06 00:00:00-05:00,28.55083525175208,28.76652330753673,28.074989807114648,28.150590896606445,291368400,0.0,0.0
2015-03-09 00:00:00-04:00,28.453003906240394,28.811003054898826,27.80816368012048,28.27066993713379,354114000,0.0,0.0
2015-03-10 00:00:00-04:00,28.10833926918182,28.288449114325243,27.527983438763286,27.68585777282715,275426400,0.0,0.0
2015-03-11 00:00:00-04:00,27.739230852600457,27.7436772774365,27.152204379492783,27.181110382080078,275756000,0.0,0.0
2015-03-12 00:00:00-04:00,27.196668793831925,27.77257821643837,27.045464939292476,27.672515869140625,193450800,0.0,0.0
2015-03-13 00:00:00-04:00,27.661398546412165,27.88375705290027,27.25670613246225,27.481287002563477,207309200,0.0,0.0
2015-03-16 00:00:00-04:00,27.54577357347837,27.7836971282959,27.321192683806192,27.7836971282959,143497200,0.0,0.0
2015-03-17 00:00:00-04:00,27.99493597138094,28.310684639667738,27.939346345423655,28.248424530029297,204092400,0.0,0.0
2015-03-18 00:00:00-04:00,28.23953698952777,28.71983229121008,28.099451708101018,28.566404342651367,261083600,0.0,0.0
2015-03-19 00:00:00-04:00,28.62865997763241,28.739839239681466,28.328476309392133,28.350711822509766,183238000,0.0,0.0
2015-03-20 00:00:00-04:00,28.517487849174326,28.550840278963356,27.830400652138934,27.994945526123047,274780400,0.0,0.0
2015-03-23 00:00:00-04:00,28.266224350684,28.428545170097408,28.132807840557245,28.286235809326172,150838800,0.0,0.0
2015-03-24 00:00:00-04:00,28.2906842705343,28.470792489858958,28.141702725300167,28.170610427856445,131369200,0.0,0.0
2015-03-25 00:00:00-04:00,28.13724888449329,28.199509002111668,27.434595108032227,27.434595108032227,206620800,0.0,0.0
2015-03-26 00:00:00-04:00,27.29673429209827,27.76813330160785,27.261156112118154,27.625823974609375,190291600,0.0,0.0
2015-03-27 00:00:00-04:00,27.699204363485794,27.728110364111448,27.33009005453991,27.405691146850586,158184800,0.0,0.0
2015-03-30 00:00:00-04:00,27.58357741557871,28.106119642444803,27.572458810054766,28.099449157714844,188398800,0.0,0.0
2015-03-31 00:00:00-04:00,28.037186021679155,28.126129772299695,27.65250671770215,27.668071746826172,168362400,0.0,0.0
2015-04-01 00:00:00-04:00,27.75479032396762,27.821498558372735,27.372333399161498,27.6280460357666,162485600,0.0,0.0
2015-04-02 00:00:00-04:00,27.801486434991567,27.91933618318835,27.614706086104803,27.865970611572266,128880400,0.0,0.0
2015-04-06 00:00:00-04:00,27.676969799655623,28.35294001500725,27.645839737461767,28.31736183166504,148776000,0.0,0.0
2015-04-07 00:00:00-04:00,28.38184537852191,28.488576533226613,28.012731065181562,28.01940155029297,140049200,0.0,0.0
2015-04-08 00:00:00-04:00,27.983821827810612,28.106119702993404,27.788146923979166,27.928232192993164,149316800,0.0,0.0
2015-04-09 00:00:00-04:00,27.983824463106682,28.14614695850273,27.719218930050666,28.141698837280273,129936000,0.0,0.0
2015-04-10 00:00:00-04:00,28.006057586730154,28.286229823662996,27.852631346889225,28.261770248413086,160752000,0.0,0.0
2015-04-13 00:00:00-04:00,28.54416287801489,28.588637297522965,28.15281309396547,28.206178665161133,145460400,0.0,0.0
2015-04-14 00:00:00-04:00,28.239535497342878,28.304019679612928,27.997165495170943,28.083885192871094,102098400,0.0,0.0
2015-04-15 00:00:00-04:00,28.10834693194571,28.268443673239815,28.019403166919286,28.19061851501465,115881600,0.0,0.0
2015-04-16 00:00:00-04:00,28.079431265800114,28.261765168962683,28.04163072773902,28.05497169494629,113476000,0.0,0.0
2015-04-17 00:00:00-04:00,27.917110962690113,28.048301666251334,27.674739310242384,27.73922348022461,207828000,0.0,0.0
2015-04-20 00:00:00-04:00,27.92156766272012,28.488581040901067,27.83262388875211,28.372955322265625,188217200,0.0,0.0
2015-04-21 00:00:00-04:00,28.484133526040274,28.50636734678086,28.16615901385577,28.219526290893555,129740400,0.0,0.0
2015-04-22 00:00:00-04:00,28.237306757612185,28.655340146392774,28.088326962811,28.599750518798828,150618000,0.0,0.0
2015-04-23 00:00:00-04:00,28.528610299517798,29.000009466287295,28.493032107668707,28.833240509033203,183083600,0.0,0.0
2015-04-24 00:00:00-04:00,29.01556312815039,29.04669318376572,28.73538923469084,28.9688663482666,178103600,0.0,0.0
2015-04-27 00:00:00-04:00,29.42025615391798,29.60259177459487,29.16231944838953,29.49585723876953,387816800,0.0,0.0
2015-04-28 00:00:00-04:00,29.898336053763348,29.91612175432839,28.811002737132416,29.03113555908203,475696000,0.0,0.0
2015-04-29 00:00:00-04:00,28.94218433943495,29.260155378633304,28.528597377068202,28.604198455810547,253544400,0.0,0.0
2015-04-30 00:00:00-04:00,28.604209424575753,28.604209424575753,27.70143407491552,27.82817840576172,332781600,0.0,0.0
2015-05-01 00:00:00-04:00,28.039406737224382,28.935512924490588,27.861520953663764,28.673128128051758,234050400,0.0,0.0
2015-05-04 00:00:00-04:00,28.795429770265706,29.033355027085868,28.519703970318606,28.617542266845703,203953200,0.0,0.0
2015-05-05 00:00:00-04:00,28.49524833280351,28.561956579916988,27.968259627159547,27.972707748413086,197085600,0.0,0.0
2015-05-06 00:00:00-04:00,28.141695650753707,28.183944315277262,27.43014901723643,27.797040939331055,288564000,0.0,0.0
2015-05-07 00:00:00-04:00,27.859563034667513,28.152070633388597,27.692097515406704,27.968975067138672,175763600,0.13,0.0
2015-05-08 00:00:00-04:00,28.286039082313177,28.495929718017578,28.158765372131114,28.495929718017578,222201600,0.0,0.0
2015-05-11 00:00:00-04:00,28.444573431626868,28.482531869675185,28.051587245555062,28.205656051635742,168143200,0.0,0.0
2015-05-12 00:00:00-04:00,28.044892198904186,28.330699748396363,27.8707283299041,28.105180740356445,192640000,0.0,0.0
2015-05-13 00:00:00-04:00,28.167700370734202,28.399919425982123,28.105180183465016,28.13644027709961,138776800,0.0,0.0
2015-05-14 00:00:00-04:00,28.449042870725208,28.792903900146484,28.39322103167603,28.792903900146484,180814000,0.0,0.0
2015-05-15 00:00:00-04:00,28.819695310810875,28.913475574026457,28.62766808410448,28.752708435058594,152832000,0.0,0.0
2015-05-18 00:00:00-04:00,28.665632676256102,29.18812428658893,28.6611659750214,29.069782257080078,203531600,0.0,0.0
2015-05-19 00:00:00-04:00,29.18142297650986,29.223848116196663,28.946970588357917,29.042985916137695,178532800,0.0,0.0
2015-05-20 00:00:00-04:00,29.027357621393374,29.246178286398866,28.879987141920466,29.040754318237305,145819600,0.0,0.0
2015-05-21 00:00:00-04:00,29.042992820868108,29.391320608548444,28.989402620034507,29.337730407714844,158921600,0.0,0.0
2015-05-22 00:00:00-04:00,29.384614265161087,29.690516819846707,29.339954073068743,29.594501495361328,182384000,0.0,0.0
2015-05-26 00:00:00-04:00,29.60790558244299,29.677124119570855,28.830863109091734,28.942506790161133,282790400,0.0,0.0
2015-05-27 00:00:00-04:00,29.103276512420365,29.53198787642331,29.03852467085065,29.482864379882812,183332800,0.0,0.0
2015-05-28 00:00:00-04:00,29.44266999162981,29.462765035348177,29.272972832850446,29.424806594848633,122933200,0.0,0.0
2015-05-29 00:00:00-04:00,29.30199271580637,29.35111619653783,29.005020184873068,29.08987045288086,203538000,0.0,0.0
2015-06-01 00:00:00-04:00,29.089874755325262,29.337723842184424,29.038519620453748,29.14792823791504,128451200,0.0,0.0
2015-06-02 00:00:00-04:00,28.99609679623413,29.17472736620968,28.87552312058011,29.0184268951416,134670400,0.0,0.0
2015-06-03 00:00:00-04:00,29.1747247924485,29.237244975360273,29.00502423274989,29.054147720336914,123934000,0.0,0.0
2015-06-04 00:00:00-04:00,28.933580132426236,29.156867520322322,28.783977991387278,28.884456634521484,153800400,0.0,0.0
2015-06-05 00:00:00-04:00,28.915709597179813,28.958134735546285,28.661162174075283,28.725914001464844,142507200,0.0,0.0
2015-06-08 00:00:00-04:00,28.781733462637305,28.850955392058644,28.319530493529204,28.53611946105957,210699200,0.0,0.0
2015-06-09 00:00:00-04:00,28.290505804225184,28.598643429224612,28.049356767393892,28.45127296447754,224301600,0.0,0.0
2015-06-10 00:00:00-04:00,28.56291204846722,28.879979617175298,28.547282005039268,28.77726936340332,156349200,0.0,0.0
2015-06-11 00:00:00-04:00,28.844251658720694,29.06753895779273,28.687951230789025,28.712512969970703,141563600,0.0,0.0
2015-06-12 00:00:00-04:00,28.62320078731747,28.65446087440453,28.38205008389129,28.39544677734375,147544800,0.0,0.0
2015-06-15 00:00:00-04:00,28.156534567618184,28.411082010997315,28.06945263717518,28.339630126953125,175955600,0.0,0.0
2015-06-16 00:00:00-04:00,28.364192796378532,28.547288361681776,28.216824026035603,28.491466522216797,125976400,0.0,0.0
2015-06-17 00:00:00-04:00,28.518264543999997,28.553989639077844,28.299442161288418,28.424484252929688,131672400,0.0,0.0
2015-06-18 00:00:00-04:00,28.408844488633445,28.649993482691986,28.406611138596283,28.553979873657227,141628800,0.0,0.0
2015-06-19 00:00:00-04:00,28.516031889502628,28.540593638270437,28.223525958691983,28.2681827545166,218867600,0.0,0.0
2015-06-22 00:00:00-04:00,28.466904931100128,28.594178657629293,28.37535799972522,28.49370002746582,136157200,0.0,0.0
2015-06-23 00:00:00-04:00,28.464671382295435,28.49369812375843,28.330697612965324,28.36419105529785,121075600,0.0,0.0
2015-06-24 00:00:00-04:00,28.404382013082174,28.98269710333946,28.384286970399828,28.6053409576416,221123600,0.0,0.0
2015-06-25 00:00:00-04:00,28.772808124768485,28.848725006243843,28.46913719177246,28.46913719177246,127752400,0.0,0.0
2015-06-26 00:00:00-04:00,28.50709978002652,28.578551674447795,28.24808730157972,28.30167579650879,176267200,0.0,0.0
2015-06-29 00:00:00-04:00,28.0136341970433,28.239154925475177,27.79481352092118,27.80597686767578,196645600,0.0,0.0
2015-06-30 00:00:00-04:00,28.038195215404492,28.161003951342472,27.879661385814753,28.006935119628906,177482800,0.0,0.0
2015-07-01 00:00:00-04:00,28.335169651801092,28.34410135167553,28.131977312639684,28.2681827545166,120955200,0.0,0.0
2015-07-02 00:00:00-04:00,28.230219042139197,28.28827422872065,28.082848577020254,28.232452392578125,108844000,0.0,0.0
2015-07-06 00:00:00-04:00,27.897526502939094,28.185567434798507,27.877429752389688,28.13421058654785,112241600,0.0,0.0
2015-07-07 00:00:00-04:00,28.109645880970817,28.167701072115218,27.636276059999904,28.06498908996582,187787200,0.0,0.0
2015-07-08 00:00:00-04:00,27.79480965149628,27.830534741104064,27.3616316540013,27.368330001831055,243046400,0.0,0.0
2015-07-09 00:00:00-04:00,27.65413987586442,27.70103001819271,26.620319986898956,26.81011390686035,314380000,0.0,0.0
2015-07-10 00:00:00-04:00,27.22765699259238,27.65413489807677,27.06465649556041,27.5268611907959,245418000,0.0,0.0
2015-07-13 00:00:00-04:00,27.91761835446566,28.080618876862893,27.759084533255947,28.058290481567383,165762000,0.0,0.0
2015-07-14 00:00:00-04:00,28.143136579806693,28.216821810967417,27.9198492394752,28.047122955322266,127072400,0.0,0.0
2015-07-15 00:00:00-04:00,28.071685059698005,28.390986028616197,28.040424967933756,28.31730079650879,134596800,0.0,0.0
2015-07-16 00:00:00-04:00,28.52272965247309,28.70806029162525,28.43564770992104,28.694660186767578,144889600,0.0,0.0
2015-07-17 00:00:00-04:00,28.821933113727873,28.942506790161133,28.650000890894464,28.942506790161133,184658800,0.0,0.0
2015-07-20 00:00:00-04:00,29.243941748870032,29.690516406826855,29.183653216059472,29.489559173583984,235600800,0.0,0.0
2015-07-21 00:00:00-04:00,29.66372713010115,29.67935547360729,29.09881038203511,29.194822311401367,307025600,0.0,0.0
2015-07-22 00:00:00-04:00,27.238825903164294,28.022565052133587,27.238825903164294,27.960044860839844,461802400,0.0,0.0
2015-07-23 00:00:00-04:00,28.178859236781584,28.37758481624424,27.924311827053078,27.94664192199707,203998000,0.0,0.0
2015-07-24 00:00:00-04:00,27.982369999286025,28.076150275307967,27.665302378327695,27.799274444580078,168649200,0.0,0.0
2015-07-27 00:00:00-04:00,27.48443672572424,27.60054709170659,27.26784944586523,27.41298484802246,177822000,0.0,0.0
2015-07-28 00:00:00-04:00,27.549190521240234,27.667534238662494,27.363863329620226,27.549190521240234,134472400,0.0,0.0
2015-07-29 00:00:00-04:00,27.497833493217588,27.575983713639953,27.301339563530455,27.462106704711914,148046800,0.0,0.0
2015-07-30 00:00:00-04:00,27.31250819952921,27.368330036243712,27.176302781662045,27.323673248291016,134513200,0.0,0.0
2015-07-31 00:00:00-04:00,27.37502746286655,27.383959160865977,26.997673017787267,27.084754943847656,171540000,0.0,0.0
2015-08-03 00:00:00-04:00,27.129406500238854,27.368323839136117,26.240722311411144,26.446147918701172,279904000,0.0,0.0
2015-08-04 00:00:00-04:00,26.218400539858273,26.280920726034005,25.28729268813971,25.5976619720459,496554400,0.0,0.0
2015-08-05 00:00:00-04:00,25.220301920594746,26.222863206316752,25.03050804074894,25.767356872558594,397250400,0.0,0.0
2015-08-06 00:00:00-04:00,26.01183840343258,26.1307160653794,25.59688746052577,25.823427200317383,211612000,0.13,0.0
2015-08-07 00:00:00-04:00,25.700070652053586,26.07464798007613,25.68212639758036,25.91090965270996,154681600,0.0,0.0
2015-08-10 00:00:00-04:00,26.13744746242508,26.913518390407532,26.13744746242508,26.85295867919922,219806400,0.0,0.0
2015-08-11 00:00:00-04:00,26.42455893720568,26.507549851275787,25.41970439519699,25.455591201782227,388331200,0.0,0.0
2015-08-12 00:00:00-04:00,25.240257021476328,25.88847819074605,24.589792392756152,25.84810447692871,404870000,0.0,0.0
2015-08-13 00:00:00-04:00,26.02755180844815,26.108299261594233,25.691104657425694,25.827926635742188,194143200,0.0,0.0
2015-08-14 00:00:00-04:00,25.641756689791208,26.088109394236614,25.572224831908866,26.009605407714844,171718000,0.0,0.0
2015-08-17 00:00:00-04:00,26.027546472717383,26.38866647768475,25.90642531782848,26.27876091003418,163538800,0.0,0.0
2015-08-18 00:00:00-04:00,26.115015532709126,26.341556985999453,26.02081078584863,26.13071632385254,138242800,0.0,0.0
2015-08-19 00:00:00-04:00,26.041004295950447,26.135209069986114,25.722501463015533,25.796520233154297,193146000,0.0,0.0
2015-08-20 00:00:00-04:00,25.58792388594571,25.648483611062783,25.038392595214948,25.26717758178711,274006400,0.0,0.0
2015-08-21 00:00:00-04:00,24.7692351538536,25.098953580109377,23.69709068702081,23.721763610839844,513102000,0.0,0.0
2015-08-24 00:00:00-04:00,21.279153341552664,24.40362476518599,20.635417421165577,23.12961196899414,648825200,0.0,0.0
2015-08-25 00:00:00-04:00,24.921761998296493,24.921761998296493,23.21485332242341,23.26868438720703,414406400,0.0,0.0
2015-08-26 00:00:00-04:00,24.020078003441117,24.648113244948537,23.56251147495979,24.603254318237305,387098400,0.0,0.0
2015-08-27 00:00:00-04:00,25.172975198332875,25.39951503536891,24.677274917371502,25.327739715576172,338464400,0.0,0.0
2015-08-28 00:00:00-04:00,25.159510224151333,25.415209847647688,25.018203077879622,25.410724639892578,212657600,0.0,0.0
2015-08-31 00:00:00-04:00,25.12811269840866,25.688857877651053,25.12138403005911,25.291851043701172,224917200,0.0,0.0
2015-09-01 00:00:00-04:00,24.706428875535263,25.09446351743567,24.080637153090667,24.16138458251953,307383600,0.0,0.0
2015-09-02 00:00:00-04:00,24.72437033244307,25.1976375579834,24.477641153063455,25.1976375579834,247555200,0.0,0.0
2015-09-03 00:00:00-04:00,25.23128620434368,25.296332841717195,24.681756687277375,24.755775451660156,212935600,0.0,0.0
2015-09-04 00:00:00-04:00,24.441758168011564,24.77371831536382,24.338581272955686,24.50904655456543,199985200,0.0,0.0
2015-09-08 00:00:00-04:00,25.065302096619618,25.246982933341556,24.7445558805347,25.190908432006836,219374400,0.0,0.0
2015-09-09 00:00:00-04:00,25.516148498685553,25.574464763811182,24.621197982139098,24.706432342529297,340043200,0.0,0.0
2015-09-10 00:00:00-04:00,24.733345140663832,25.408482748135636,24.650355957637192,25.249231338500977,251571200,0.0,0.0
2015-09-11 00:00:00-04:00,25.07427980539464,25.617080688476562,25.067551137537496,25.617080688476562,199662000,0.0,0.0
2015-09-14 00:00:00-04:00,26.14866908926784,26.218200942508812,25.762876139817724,25.86380958557129,233453600,0.0,0.0
2015-09-15 00:00:00-04:00,26.002876857237627,26.137455364923568,25.664186272408795,26.08138084411621,173364800,0.0,0.0
2015-09-16 00:00:00-04:00,26.074649970979333,26.139696614967626,25.892969086526172,26.110538482666016,148694000,0.0,0.0
2015-09-17 00:00:00-04:00,25.942308421960558,26.128474468010587,25.507169738917224,25.55202865600586,256450400,0.0,0.0
2015-09-18 00:00:00-04:00,25.168487979477092,25.637271868229078,25.092227451778268,25.446617126464844,297141200,0.0,0.0
2015-09-21 00:00:00-04:00,25.49595994952382,25.877267676484564,25.49371820104041,25.841379165649414,200888000,0.0,0.0
2015-09-22 00:00:00-04:00,25.430907368673534,25.610346458431458,25.238010946124064,25.435394287109375,201384800,0.0,0.0
2015-09-23 00:00:00-04:00,25.486986045553678,25.73147180261867,25.412968991816815,25.641752243041992,143026800,0.0,0.0
2015-09-24 00:00:00-04:00,25.40175558173138,25.90642622242803,25.204373902756387,25.79427719116211,200878000,0.0,0.0
2015-09-25 00:00:00-04:00,26.11726728689416,26.173341803252995,25.57446466798422,25.729230880737305,224607600,0.0,0.0
2015-09-28 00:00:00-04:00,25.53633306574261,25.697827938171578,25.220073699951172,25.220073699951172,208436000,0.0,0.0
2015-09-29 00:00:00-04:00,25.307549179785273,25.460071920955418,24.192787606840596,24.461944580078125,293461600,0.0,0.0
2015-09-30 00:00:00-04:00,24.710916222809423,25.018205173145,24.38792818838707,24.740076065063477,265892000,0.0,0.0
2015-10-01 00:00:00-04:00,24.464184574138518,24.587549167630684,24.06941958622165,24.578577041625977,255716400,0.0,0.0
2015-10-02 00:00:00-04:00,24.226435069223086,24.899329280594365,24.12325816216384,24.758020401000977,232079200,0.0,0.0
2015-10-05 00:00:00-04:00,24.645865890477733,24.980071173318276,24.464185041372186,24.847734451293945,208258800,0.0,0.0
2015-10-06 00:00:00-04:00,24.814091037028717,25.063061993191063,24.621194589709095,24.96661376953125,192787200,0.0,0.0
2015-10-07 00:00:00-04:00,25.063060345745207,25.069789012562733,24.540447258239688,24.847734451293945,187062400,0.0,0.0
2015-10-08 00:00:00-04:00,24.715404642141984,24.715404642141984,24.271293714878546,24.560638427734375,247918400,0.0,0.0
2015-10-09 00:00:00-04:00,24.67278951874186,25.184188882238043,24.558397015457107,25.14830207824707,211064400,0.0,0.0
2015-10-12 00:00:00-04:00,25.28511795183777,25.28960315953331,24.995773284617183,25.031660079956055,121868800,0.0,0.0
2015-10-13 00:00:00-04:00,24.856706616309225,25.222311774450123,24.825305030272983,25.074275970458984,132197200,0.0,0.0
2015-10-14 00:00:00-04:00,24.962129073655152,25.013716664543725,24.57409271155276,24.719886779785156,177849600,0.0,0.0
2015-10-15 00:00:00-04:00,24.88138570675293,25.143814045684113,24.782694005441982,25.089982986450195,150694000,0.0,0.0
2015-10-16 00:00:00-04:00,25.072045127073295,25.121390990320002,24.791672459770616,24.906064987182617,156930400,0.0,0.0
2015-10-19 00:00:00-04:00,24.852226172607406,25.06530864887749,24.69745996086399,25.060823440551758,119036800,0.0,0.0
2015-10-20 00:00:00-04:00,24.973342544077195,25.60810639760575,24.856708318136878,25.518386840820312,195871200,0.0,0.0
2015-10-21 00:00:00-04:00,25.569986313901964,25.924377762989756,25.502696191730244,25.516155242919922,167180800,0.0,0.0
2015-10-22 00:00:00-04:00,25.643997161174436,25.90642547607422,25.592407855324677,25.90642547607422,166616400,0.0,0.0
2015-10-23 00:00:00-04:00,26.175586786234405,26.743062399364046,26.092597586974016,26.70941734313965,237467600,0.0,0.0
2015-10-26 00:00:00-04:00,26.485111813893756,26.496325688647662,25.77632921713342,25.85707664489746,265335200,0.0,0.0
2015-10-27 00:00:00-04:00,25.883999051348866,26.139698728385536,25.56773793375908,25.69334602355957,279537600,0.0,0.0
2015-10-28 00:00:00-04:00,26.22716715926366,26.758754074856693,26.032027268696027,26.752023696899414,342205600,0.0,0.0
2015-10-29 00:00:00-04:00,26.624181095681912,27.07053550169343,26.527732853975635,27.03464698791504,204909200,0.0,0.0
2015-10-30 00:00:00-04:00,27.1378230301597,27.189412339251472,26.792403796753966,26.803619384765625,197461200,0.0,0.0
2015-11-02 00:00:00-05:00,27.095202545828723,27.220808894271993,26.82828734412862,27.180435180664062,128813200,0.0,0.0
2015-11-03 00:00:00-05:00,27.092958275581612,27.698562250318563,27.072770563752727,27.49220848083496,182076000,0.0,0.0
2015-11-04 00:00:00-05:00,27.61781505280359,27.77258123681901,27.279126268991515,27.36435890197754,179544400,0.0,0.0
2015-11-05 00:00:00-05:00,27.447706558500503,27.636924307296095,27.07152584230477,27.238216400146484,158210800,0.13,0.0
2015-11-06 00:00:00-05:00,27.28100846541271,27.438688447037006,27.17063247827571,27.269744873046875,132169200,0.0,0.0
2015-11-09 00:00:00-05:00,27.247224775357775,27.438693853221398,27.042240758858657,27.159374237060547,135485600,0.0,0.0
2015-11-10 00:00:00-05:00,26.332680887492543,26.596232538644294,26.143463127646314,26.303396224975586,236511600,0.0,0.0
2015-11-11 00:00:00-05:00,26.213291721716057,26.44981174975811,25.951991440926772,26.15472412109375,180872000,0.0,0.0
2015-11-12 00:00:00-05:00,26.18851124213056,26.314655247715674,26.05110364236827,26.066871643066406,130102400,0.0,0.0
2015-11-13 00:00:00-05:00,25.949734572432085,26.033080694994815,25.28972821626337,25.305496215820312,183249600,0.0,0.0
2015-11-16 00:00:00-05:00,25.089252898378675,25.73349136463906,25.003655417441404,25.7199764251709,152426800,0.0,0.0
2015-11-17 00:00:00-05:00,25.88666085008038,25.915945503437875,25.526248228081126,25.609594345092773,110467600,0.0,0.0
2015-11-18 00:00:00-05:00,26.075881837582,26.465577443476526,26.017314242067567,26.4205265045166,186698800,0.0,0.0
2015-11-19 00:00:00-05:00,26.499364713164006,26.974659476924646,26.30113818914247,26.75615882873535,173183200,0.0,0.0
2015-11-20 00:00:00-05:00,26.850763831598456,27.012949932525594,26.77192384325411,26.873291015625,137148400,0.0,0.0
2015-11-23 00:00:00-05:00,26.86653479991205,26.9701550458595,26.431786566305384,26.52414321899414,129930000,0.0,0.0
2015-11-24 00:00:00-05:00,26.42953744464211,26.884558122071645,26.38223344242789,26.7786865234375,171212800,0.0,0.0
2015-11-25 00:00:00-05:00,26.853027777546504,26.857533903611337,26.562444515372583,26.587223052978516,85553200,0.0,0.0
2015-11-27 00:00:00-05:00,26.64578717592846,26.672818773030528,26.490358500112393,26.537662506103516,52185600,0.0,0.0
2015-11-30 00:00:00-05:00,26.57820767153652,26.898075539036938,26.524146198704255,26.648038864135742,156721200,0.0,0.0
2015-12-01 00:00:00-05:00,26.749408061956874,26.76292300239936,26.323670252183778,26.431793212890625,139409600,0.0,0.0
2015-12-02 00:00:00-05:00,26.431794903156916,26.605244669983524,26.14797082421379,26.193021774291992,133546400,0.0,0.0
2015-12-03 00:00:00-05:00,26.253837418650917,26.307898892106483,25.728985529710997,25.949737548828125,166278000,0.0,0.0
2015-12-04 00:00:00-05:00,25.97001581338318,26.862038001153735,25.92946927218527,26.812480926513672,231108000,0.0,0.0
2015-12-07 00:00:00-05:00,26.80121736144958,26.999443928947482,26.537664000962682,26.643535614013672,128336800,0.0,0.0
2015-12-08 00:00:00-05:00,26.4723360202465,26.71561522541016,26.323666540590864,26.63227081298828,137238000,0.0,0.0
2015-12-09 00:00:00-05:00,26.499366526441563,26.51063012048139,25.922706258132,26.04434585571289,185445600,0.0,0.0
2015-12-10 00:00:00-05:00,26.138950936246847,26.341683576214866,26.019564414538728,26.16823387145996,116850800,0.0,0.0
2015-12-11 00:00:00-05:00,25.94748405082484,25.992534988534192,25.420379142993248,25.494714736938477,187544800,0.0,0.0
2015-12-14 00:00:00-05:00,25.26946180846365,25.382090894484865,24.731094914768907,25.337039947509766,257274800,0.0,0.0
2015-12-15 00:00:00-05:00,25.215398319061666,25.40912046906789,24.857236960391255,24.88877296447754,213292400,0.0,0.0
2015-12-16 00:00:00-05:00,25.01942511402226,25.226662219957333,24.508089819376277,25.080244064331055,224954000,0.0,0.0
2015-12-17 00:00:00-05:00,25.233416828828133,25.285226958728675,24.548633575439453,24.548633575439453,179091200,0.0,0.0
2015-12-18 00:00:00-05:00,24.53286746057647,24.670273359488462,23.834565777468676,23.884122848510742,385813200,0.0,0.0
2015-12-21 00:00:00-05:00,24.165690676051728,24.18596480037853,23.780499499673077,24.17695426940918,190362400,0.0,0.0
2015-12-22 00:00:00-05:00,24.192727680349428,24.264810225644474,23.978731388772907,24.154434204101562,131157600,0.0,0.0
2015-12-23 00:00:00-05:00,24.163441343209882,24.519349637808695,24.147673341225545,24.465288162231445,130629600,0.0,0.0
2015-12-24 00:00:00-05:00,24.55314120884414,24.55314120884414,24.316619436371415,24.334640502929688,54281600,0.0,0.0
2015-12-28 00:00:00-05:00,24.2355322799169,24.258059477913356,23.9179190674571,24.062084197998047,106816800,0.0,0.0
2015-12-29 00:00:00-05:00,24.093610562316112,24.649998445725377,24.07108509192604,24.494569778442383,123724800,0.0,0.0
2015-12-30 00:00:00-05:00,24.45853705555636,24.485566941085214,24.143175215244145,24.174711227416992,100855200,0.0,0.0
2015-12-31 00:00:00-05:00,24.104870246767142,24.10937465268121,23.611554447903817,23.710668563842773,163649200,0.0,0.0
2016-01-04 00:00:00-05:00,23.113738741825244,23.735451712532264,22.97633113383233,23.730945587158203,270597600,0.0,0.0
2016-01-05 00:00:00-05:00,23.821049795708866,23.843575267401853,23.068688385946427,23.13626480102539,223164000,0.0,0.0
2016-01-06 00:00:00-05:00,22.651956660286036,23.059675038056618,22.496529721573108,22.68349266052246,273829600,0.0,0.0
2016-01-07 00:00:00-05:00,22.2284731013443,22.555096713640157,21.721642291419773,21.726146697998047,324377600,0.0,0.0
2016-01-08 00:00:00-05:00,22.199193413329677,22.325337438994353,21.7959810814847,21.841032028198242,283192000,0.0,0.0
2016-01-11 00:00:00-05:00,22.29379911707544,22.31407152541594,21.92662723702021,22.194684982299805,198957600,0.0,0.0
2016-01-12 00:00:00-05:00,22.64969734629855,22.681233335437916,22.26450457301446,22.516794204711914,196616800,0.0,0.0
2016-01-13 00:00:00-05:00,22.597897452169544,22.79387266060429,21.917618597967834,21.937891006469727,249758400,0.0,0.0
2016-01-14 00:00:00-05:00,22.0662899913546,22.63394153867265,21.566216582054608,22.417692184448242,252680400,0.0,0.0
2016-01-15 00:00:00-05:00,21.669837584793374,22.00997793908476,21.480621526671204,21.87932777404785,319335600,0.0,0.0
2016-01-19 00:00:00-05:00,22.167660331630024,22.22172181853563,21.51215814338778,21.77345848083496,212350800,0.0,0.0
2016-01-20 00:00:00-05:00,21.422053211574006,22.11810190214439,21.04361938917253,21.8027400970459,289337600,0.0,0.0
2016-01-21 00:00:00-05:00,21.863560643341184,22.048272301143232,21.386014352653977,21.692365646362305,208646000,0.0,0.0
2016-01-22 00:00:00-05:00,22.21720610774015,22.85468695248026,22.158640238267267,22.84567642211914,263202000,0.0,0.0
2016-01-25 00:00:00-05:00,22.868211106825548,22.870464169969765,22.347865228447493,22.399675369262695,207178000,0.0,0.0
2016-01-26 00:00:00-05:00,22.510052257496053,22.72404686256047,22.09107186311873,22.52356719970703,300308000,0.0,0.0
2016-01-27 00:00:00-05:00,21.633790334665466,21.766691802288033,21.025592371541684,21.04361343383789,533478800,0.0,0.0
2016-01-28 00:00:00-05:00,21.12696360512257,21.29140110397176,20.811601828860308,21.19454002380371,222715200,0.0,0.0
2016-01-29 00:00:00-05:00,21.35222084528705,21.92662811279297,21.25310670655269,21.92662811279297,257666000,0.0,0.0
2016-02-01 00:00:00-05:00,21.730655888235283,21.784717367715892,21.48962971559591,21.72164535522461,163774000,0.0,0.0
2016-02-02 00:00:00-05:00,21.49412823246745,21.633788877984557,21.2373341270782,21.282386779785156,149428800,0.0,0.0
2016-02-03 00:00:00-05:00,21.39952653410023,21.81400074941957,21.192289426440556,21.703624725341797,183857200,0.0,0.0
2016-02-04 00:00:00-05:00,21.71042800629479,22.04335472722154,21.55868643610263,21.878023147583008,185886800,0.13,0.0
2016-02-05 00:00:00-05:00,21.859886898869963,21.950479402177063,21.21894869617274,21.293685913085938,185672400,0.0,0.0
2016-02-08 00:00:00-05:00,21.092125612911335,21.67418035345721,21.071743199945878,21.51791000366211,216085600,0.0,0.0
2016-02-09 00:00:00-05:00,21.354842514451022,21.72853561437277,21.27330941163505,21.513378143310547,177324800,0.0,0.0
2016-02-10 00:00:00-05:00,21.724006308427843,21.82139297982677,21.311811921371458,21.350313186645508,169374400,0.0,0.0
2016-02-11 00:00:00-05:00,21.24160415793437,21.452231070787203,20.96982654862582,21.221220016479492,200298800,0.0,0.0
2016-02-12 00:00:00-05:00,21.332194787425067,21.402403176130246,21.0649477791782,21.286897659301758,161405600,0.0,0.0
2016-02-16 00:00:00-05:00,21.52017451606062,21.93463421044413,21.427318417485296,21.887073516845703,196231600,0.0,0.0
2016-02-17 00:00:00-05:00,21.893865632747673,22.242645748166105,21.776096553939176,22.22226333618164,179452800,0.0,0.0
2016-02-18 00:00:00-05:00,22.38532646219024,22.396651175658235,21.762505235441324,21.801008224487305,156084000,0.0,0.0
2016-02-19 00:00:00-05:00,21.742128850494773,21.91425452104242,21.696833439886568,21.751188278198242,141496800,0.0,0.0
2016-02-22 00:00:00-05:00,21.812335328652846,21.945959715589726,21.724008076232284,21.941429138183594,137123200,0.0,0.0
2016-02-23 00:00:00-05:00,21.832719819786092,21.855367523451385,21.41373125429655,21.445438385009766,127770400,0.0,0.0
2016-02-24 00:00:00-05:00,21.284633068313013,21.828184756206117,21.13515514460634,21.7647705078125,145022800,0.0,0.0
2016-02-25 00:00:00-05:00,21.75344661030085,21.914247512817383,21.57226156999311,21.914247512817383,110330800,0.0,0.0
2016-02-26 00:00:00-05:00,22.013900929565107,22.199614845314983,21.873484144430357,21.948223114013672,115964400,0.0,0.0
2016-02-29 00:00:00-05:00,21.93690062201949,22.24717951851221,21.889339925986423,21.898399353027344,140865200,0.0,0.0
2016-03-01 00:00:00-05:00,22.11581667240276,22.822434582820552,22.06372540771771,22.76807975769043,201628400,0.0,0.0
2016-03-02 00:00:00-05:00,22.763558212849404,22.849620190911832,22.566519532656002,22.817913055419922,132678400,0.0,0.0
2016-03-03 00:00:00-05:00,22.779406551271965,23.035328865537434,22.74996298371058,22.987768173217773,147822800,0.0,0.0
2016-03-04 00:00:00-05:00,23.18480461656577,23.497347019940484,22.958324163361524,23.32975196838379,184220400,0.0,0.0
2016-03-07 00:00:00-05:00,23.18933279267324,23.288984742123198,22.865465684869566,23.071563720703125,143315600,0.0,0.0
2016-03-08 00:00:00-05:00,22.824702740117004,23.046654373151963,22.738640778851057,22.881322860717773,126247600,0.0,0.0
2016-03-09 00:00:00-05:00,22.944736811658146,23.005887508716018,22.70919690576823,22.90170669555664,108806800,0.0,0.0
2016-03-10 00:00:00-05:00,22.96738527389231,23.155362750632587,22.68201939810401,22.913028717041016,134054400,0.0,0.0
2016-03-11 00:00:00-05:00,23.155364365895892,23.164423792669737,22.987769290352173,23.159894943237305,109632800,0.0,0.0
2016-03-14 00:00:00-04:00,23.080621415768526,23.307101845425798,23.05117785405161,23.218772888183594,100304400,0.0,0.0
2016-03-15 00:00:00-04:00,23.54491091509402,23.82121738210756,23.519997923615165,23.68532943725586,160270800,0.0,0.0
2016-03-16 00:00:00-04:00,23.692129379145083,24.077145605193362,23.687598800725095,24.00014305114746,153214000,0.0,0.0
2016-03-17 00:00:00-04:00,23.898219603453242,24.113377097226152,23.771391086978394,23.96163558959961,137682800,0.0,0.0
2016-03-18 00:00:00-04:00,24.08393287770441,24.120170583094062,23.823481713829104,23.988811492919922,176820800,0.0,0.0
2016-03-21 00:00:00-04:00,23.991076319224767,24.380623005113264,23.812156540105804,23.986547470092773,142010800,0.0,0.0
2016-03-22 00:00:00-04:00,23.837065928955983,24.299086226519456,23.828006504151766,24.169992446899414,129777600,0.0,0.0
2016-03-23 00:00:00-04:00,24.1156388628559,24.249261497777155,23.98427978832034,24.03636932373047,102814000,0.0,0.0
2016-03-24 00:00:00-04:00,23.886890732812475,24.063545188080788,23.75553167144067,23.932186126708984,104532000,0.0,0.0
2016-03-28 00:00:00-04:00,24.006929229334705,24.04996107050679,23.79403703984186,23.8234806060791,77645600,0.0,0.0
2016-03-29 00:00:00-04:00,23.755534269217073,24.41232791999096,23.75326898090197,24.387414932250977,124760400,0.0,0.0
2016-03-30 00:00:00-04:00,24.607099882616183,25.00796949675472,24.595775169576513,24.813196182250977,182404400,0.0,0.0
2016-03-31 00:00:00-04:00,24.849446016587148,24.890212584365774,24.659201457650404,24.684114456176758,103553600,0.0,0.0
2016-04-01 00:00:00-04:00,24.636538594083206,24.912844969298952,24.50517954227434,24.910579681396484,103496000,0.0,0.0
2016-04-04 00:00:00-04:00,25.007968477050717,25.408839802752272,24.973996067225556,25.166505813598633,149424800,0.0,0.0
2016-04-05 00:00:00-04:00,24.80187653745049,25.078182984908835,24.781492396815462,24.86981964111328,106314800,0.0,0.0
2016-04-06 00:00:00-04:00,24.96494593122594,25.13480630388501,24.7316695679972,25.13027572631836,105616400,0.0,0.0
2016-04-07 00:00:00-04:00,24.90152804506245,25.00797414695786,24.487070080535233,24.582191467285156,127207600,0.0,0.0
2016-04-08 00:00:00-04:00,24.66597983809989,24.86075138172232,24.49838310721466,24.609359741210938,94326800,0.0,0.0
2016-04-11 00:00:00-04:00,24.679583534947664,25.051011464475867,24.647876399103254,24.690906524658203,117630000,0.0,0.0
2016-04-12 00:00:00-04:00,24.763380334220187,25.026098578558997,24.60937523252969,25.012510299682617,108929200,0.0,0.0
2016-04-13 00:00:00-04:00,25.094038793329254,25.44281722473084,25.094038793329254,25.374874114990234,133029200,0.0,0.0
2016-04-14 00:00:00-04:00,25.27974670374722,25.454135877913863,25.214067170437854,25.388456344604492,101895600,0.0,0.0
2016-04-15 00:00:00-04:00,25.390722005369543,25.43375384145752,24.85169918576304,24.878875732421875,187756000,0.0,0.0
2016-04-18 00:00:00-04:00,24.661453816477476,24.675042089309276,24.219817670358456,24.342117309570312,243286000,0.0,0.0
2016-04-19 00:00:00-04:00,24.43271255925679,24.459890837790415,24.059021164895416,24.213027954101562,129539600,0.0,0.0
2016-04-20 00:00:00-04:00,24.15187677049579,24.48027275522926,24.02051768543887,24.26285171508789,122444000,0.0,0.0
2016-04-21 00:00:00-04:00,24.217564161753366,24.217564161753366,23.898225771610406,24.00014305114746,126210000,0.0,0.0
2016-04-22 00:00:00-04:00,23.782716268330034,24.115642858510714,23.69438901720973,23.934457778930664,134732400,0.0,0.0
2016-04-25 00:00:00-04:00,23.780444155199945,23.927656774123356,23.669469232956722,23.79856300354004,112126400,0.0,0.0
2016-04-26 00:00:00-04:00,23.533583803504545,23.848391482941093,23.533583803504545,23.63323402404785,224064800,0.0,0.0
2016-04-27 00:00:00-04:00,21.742123500258902,22.355885320885914,21.66964982437439,22.15431785583496,458408400,0.0,0.0
2016-04-28 00:00:00-04:00,22.106759696577427,22.167908665636226,21.34578514879612,21.477144241333008,328970800,0.0,0.0
2016-04-29 00:00:00-04:00,21.28689430574203,21.452225773505287,20.951704249979535,21.230274200439453,274126000,0.0,0.0
2016-05-02 00:00:00-04:00,21.282371038114313,21.30728402921264,20.926796752694237,21.207632064819336,192640400,0.0,0.0
2016-05-03 00:00:00-04:00,21.334462004439807,21.683242175177742,21.21669290695213,21.556413650512695,227325200,0.0,0.0
2016-05-04 00:00:00-04:00,21.560945088053497,21.719482490822713,21.24840258851134,21.33220100402832,164102000,0.0,0.0
2016-05-05 00:00:00-04:00,21.418784831513033,21.434734920892943,21.11801047575662,21.2456111907959,143562000,0.1425,0.0
2016-05-06 00:00:00-04:00,21.275231829934302,21.29345925989368,20.928884584268392,21.12712287902832,174799600,0.0,0.0
2016-05-09 00:00:00-04:00,21.190926212926954,21.366377202684173,21.097503015606634,21.143075942993164,131745600,0.0,0.0
2016-05-10 00:00:00-04:00,21.26611839672215,21.320804166418394,20.988129648253217,21.286624908447266,134747200,0.0,0.0
2016-05-11 00:00:00-04:00,21.300299043631465,21.320805556693756,21.067881465015834,21.079275131225586,114876400,0.0,0.0
2016-05-12 00:00:00-04:00,21.127122427175387,21.14079343395983,20.38657942691291,20.584815979003906,305258800,0.0,0.0
2016-05-13 00:00:00-04:00,20.507347380286475,20.88787218667541,20.507347380286475,20.62583351135254,177571200,0.0,0.0
2016-05-16 00:00:00-04:00,21.051929425106646,21.507648216408324,20.883313959085207,21.39143943786621,245039200,0.0,0.0
2016-05-17 00:00:00-04:00,21.54410436737179,21.57828188250692,21.19320072507569,21.30257225036621,187667600,0.0,0.0
2016-05-18 00:00:00-04:00,21.455242440014104,21.694493772549624,21.393719427055466,21.546384811401367,168249600,0.0,0.0
2016-05-19 00:00:00-04:00,21.56461033172737,21.56461033172737,21.320800878824148,21.464351654052734,121768400,0.0,0.0
2016-05-20 00:00:00-04:00,21.56460706970189,21.74461615082954,21.537263323991663,21.696765899658203,128104000,0.0,0.0
2016-05-23 00:00:00-04:00,21.84487628086613,22.14565055016951,21.79930336828752,21.972476959228516,152074400,0.0,0.0
2016-05-24 00:00:00-04:00,22.152482054689294,22.350718538737592,22.065894405630456,22.30742645263672,140560800,0.0,0.0
2016-05-25 00:00:00-04:00,22.482888586730486,22.726698096946325,22.355287867643142,22.699356079101562,152675200,0.0,0.0
2016-05-26 00:00:00-04:00,22.713025880763425,22.952278954764644,22.4760518876046,22.879364013671875,225324800,0.0,0.0
2016-05-27 00:00:00-04:00,22.658340973272143,22.893035894534986,22.6150471277629,22.865692138671875,145364800,0.0,0.0
2016-05-31 00:00:00-04:00,22.694795833796864,22.877084048698546,22.51706578040381,22.754039764404297,169228800,0.0,0.0
2016-06-01 00:00:00-04:00,22.56263640980064,22.681124268100326,22.40541461020609,22.435035705566406,116693200,0.0,0.0
2016-06-02 00:00:00-04:00,22.239076611136976,22.29376237919357,22.01805271977049,22.266420364379883,160766400,0.0,0.0
2016-06-03 00:00:00-04:00,22.28236392901657,22.391735433109687,22.204890853390957,22.31198501586914,114019600,0.0,0.0
2016-06-06 00:00:00-04:00,22.32793648676586,23.216588270279274,22.2276795581887,22.473766326904297,93170000,0.0,0.0
2016-06-07 00:00:00-04:00,22.615044046406567,22.756317491473023,22.54896461589625,22.56491470336914,89638000,0.0,0.0
2016-06-08 00:00:00-04:00,22.562630501697267,22.685674750744663,22.485159162535258,22.544403076171875,83392400,0.0,0.0
2016-06-09 00:00:00-04:00,22.44415144520177,22.783661472688777,22.43503686036885,22.70619010925293,106405600,0.0,0.0
2016-06-10 00:00:00-04:00,22.45098201313382,22.63782661505563,22.439590088419287,22.51934051513672,126851600,0.0,0.0
2016-06-13 00:00:00-04:00,22.48744402948881,22.585423637920215,22.12514669098972,22.179832458496094,152082000,0.0,0.0
2016-06-14 00:00:00-04:00,22.175268414150814,22.4395860533754,22.045388674443178,22.207168579101562,127727600,0.0,0.0
2016-06-15 00:00:00-04:00,22.289202705853434,22.423640633323316,22.10919360138673,22.134258270263672,117780800,0.0,0.0
2016-06-16 00:00:00-04:00,21.977035417316305,22.273253292019113,21.890449483038555,22.22768211364746,125307200,0.0,0.0
2016-06-17 00:00:00-04:00,22.015771045808826,22.02260654816734,21.714996773032112,21.721832275390625,244032800,0.0,0.0
2016-06-20 00:00:00-04:00,21.874495896372444,22.004375646220005,21.65347206593758,21.669422149658203,137647600,0.0,0.0
2016-06-21 00:00:00-04:00,21.632972376778547,21.95425323250543,21.573728444965415,21.85399627685547,142185600,0.0,0.0
2016-06-22 00:00:00-04:00,21.931465901677825,22.077295769638027,21.726392106599683,21.77196502685547,116876400,0.0,0.0
2016-06-23 00:00:00-04:00,21.860830769795754,21.940581209838957,21.703607231975436,21.897287368774414,128960800,0.0,0.0
2016-06-24 00:00:00-04:00,21.17042142829734,21.569175448739053,21.111177487071437,21.282072067260742,301245600,0.0,0.0
2016-06-27 00:00:00-04:00,21.190916519553806,21.202310180795983,20.84912754343197,20.972171783447266,181958400,0.0,0.0
2016-06-28 00:00:00-04:00,21.16814133505464,21.34131498812706,20.994967681982217,21.325363159179688,161779600,0.0,0.0
2016-06-29 00:00:00-04:00,21.41194623924505,21.544105097006888,21.334473145980517,21.509925842285156,146124000,0.0,0.0
2016-06-30 00:00:00-04:00,21.51903974417218,21.82209138908081,21.487139571023903,21.783355712890625,143345600,0.0,0.0
2016-07-01 00:00:00-04:00,21.758293605992687,21.981596582765608,21.721837005998097,21.849437713623047,104106000,0.0,0.0
2016-07-05 00:00:00-04:00,21.735501762692284,21.73778084279564,21.52359251222796,21.644357681274414,110820800,0.0,0.0
2016-07-06 00:00:00-04:00,21.555495280247005,21.797027385905224,21.503088600549212,21.767404556274414,123796400,0.0,0.0
2016-07-07 00:00:00-04:00,21.806138996898415,21.988427171411196,21.787911570190232,21.86082649230957,100558400,0.0,0.0
2016-07-08 00:00:00-04:00,21.98614609748002,22.077290176471557,21.885889175175173,22.02943992614746,115648400,0.0,0.0
2016-07-11 00:00:00-04:00,22.04539088864821,22.2504646399493,22.04083446680987,22.09779930114746,95179600,0.0,0.0
2016-07-12 00:00:00-04:00,22.14109043546025,22.261855600883973,22.129698512142728,22.198055267333984,96670000,0.0,0.0
2016-07-13 00:00:00-04:00,22.195779084646954,22.25502126122021,22.065897592301713,22.072734832763672,103568800,0.0,0.0
2016-07-14 00:00:00-04:00,22.19122562037632,22.555800292868337,22.175275532780702,22.510229110717773,155676000,0.0,0.0
2016-07-15 00:00:00-04:00,22.539850004007945,22.626437683121686,22.444149479288797,22.507949829101562,120548000,0.0,0.0
2016-07-18 00:00:00-04:00,22.489719712123474,22.81555868928696,22.466934122213043,22.747201919555664,145975600,0.0,0.0
2016-07-19 00:00:00-04:00,22.685673843735028,22.785932503045608,22.635544514079736,22.756311416625977,95119600,0.0,0.0
2016-07-20 00:00:00-04:00,22.785935719373832,22.890750815071478,22.726691799743357,22.77682113647461,105104000,0.0,0.0
2016-07-21 00:00:00-04:00,22.747199538971667,23.01379456372455,22.58769694943307,22.656055450439453,130808000,0.0,0.0
2016-07-22 00:00:00-04:00,22.617325190098487,22.626439774975708,22.40085771073049,22.480609893798828,113254800,0.0,0.0
2016-07-25 00:00:00-04:00,22.387185340369452,22.52162154766204,22.084131930752637,22.179832458496094,161531600,0.0,0.0
2016-07-26 00:00:00-04:00,22.061341801452127,22.323380396934194,21.970197715402424,22.027162551879883,224959200,0.0,0.0
2016-07-27 00:00:00-04:00,23.75889849443587,23.777127663368365,23.412552976864593,23.4581241607666,369379200,0.0,0.0
2016-07-28 00:00:00-04:00,23.430776856761174,23.799907882959403,23.42849777655176,23.774843215942383,159479200,0.0,0.0
2016-07-29 00:00:00-04:00,23.74067139063949,23.822700913535343,23.62446261013216,23.745227813720703,110934800,0.0,0.0
2016-08-01 00:00:00-04:00,23.79080047410553,24.18727533810684,23.79080047410553,24.16448974609375,152671600,0.0,0.0
2016-08-02 00:00:00-04:00,24.16449238131821,24.16904880484603,23.69737987117803,23.806753158569336,135266400,0.0,0.0
2016-08-03 00:00:00-04:00,23.88193883898506,24.116633700395067,23.872824256021797,24.105241775512695,120810400,0.0,0.0
2016-08-04 00:00:00-04:00,24.187718714961047,24.283937671156025,24.118989890337996,24.2541561126709,109634800,0.1425,0.0
2016-08-05 00:00:00-04:00,24.345790419472735,24.661940892005887,24.32517282231439,24.622995376586914,162213600,0.0,0.0
2016-08-08 00:00:00-04:00,24.63215606994949,24.826887130737305,24.54968393855186,24.826887130737305,112148800,0.0,0.0
2016-08-09 00:00:00-04:00,24.794817458663687,24.957473812255955,24.744416553749847,24.927690505981445,105260800,0.0,0.0
2016-08-10 00:00:00-04:00,24.90478090734447,24.94830927837689,24.687142547875503,24.742124557495117,96034000,0.0,0.0
2016-08-11 00:00:00-04:00,24.861255874150956,24.95518516154825,24.70776346327162,24.726091384887695,109938000,0.0,0.0
2016-08-12 00:00:00-04:00,24.691721686956768,24.84292438617509,24.691721686956768,24.78335952758789,74641600,0.0,0.0
2016-08-15 00:00:00-04:00,24.77419785494055,25.094929452823862,24.760452789323715,25.08118438720703,103472800,0.0,0.0
2016-08-16 00:00:00-04:00,25.115546751946088,25.2530043978627,25.019327798081715,25.058273315429688,135177600,0.0,0.0
2016-08-17 00:00:00-04:00,24.99412220161308,25.055978479112913,24.820010501043836,25.02161407470703,101424000,0.0,0.0
2016-08-18 00:00:00-04:00,25.02391405299071,25.108677631934043,24.97580282167278,24.98954963684082,87938800,0.0,0.0
2016-08-19 00:00:00-04:00,24.91852374976063,25.129291305551583,24.824596231200175,25.05368995666504,101472400,0.0,0.0
2016-08-22 00:00:00-04:00,24.93914738819395,24.994129402375847,24.707762196235322,24.858964920043945,103280800,0.0,0.0
2016-08-23 00:00:00-04:00,24.877292352221115,25.044531578125785,24.86354728494151,24.936857223510742,85030800,0.0,0.0
2016-08-24 00:00:00-04:00,24.872705648487965,24.913942588893782,24.66881237310542,24.748994827270508,94700400,0.0,0.0
2016-08-25 00:00:00-04:00,24.60237687173623,24.71463231618468,24.439720524273138,24.643613815307617,100344800,0.0,0.0
2016-08-26 00:00:00-04:00,24.60696099582057,24.730670085075193,24.354956467736542,24.499286651611328,111065200,0.0,0.0
2016-08-29 00:00:00-04:00,24.42598369299755,24.61384055529426,24.350382312990465,24.4718017578125,99881200,0.0,0.0
2016-08-30 00:00:00-04:00,24.238119403448643,24.398484329007708,24.16939057943956,24.283937454223633,99455600,0.0,0.0
2016-08-31 00:00:00-04:00,24.206046556801446,24.414520961220756,24.201463702989773,24.306846618652344,118649600,0.0,0.0
2016-09-01 00:00:00-04:00,24.316011370743013,24.46721409021607,24.196883385456967,24.4511775970459,106806000,0.0,0.0
2016-09-02 00:00:00-04:00,24.673398774615084,24.742127605992668,24.471796882605915,24.680273056030273,107210000,0.0,0.0
2016-09-06 00:00:00-04:00,24.719214953675976,24.81085279946069,24.629868534693674,24.67339515686035,107521600,0.0,0.0
2016-09-07 00:00:00-04:00,24.703177009338134,24.9162342454262,24.52906528736866,24.824596405029297,169457200,0.0,0.0
2016-09-08 00:00:00-04:00,24.57030024636467,24.57488135148412,24.109821402700174,24.173967361450195,212008000,0.0,0.0
2016-09-09 00:00:00-04:00,23.97237213291147,24.219793825851863,23.626440048217773,23.626440048217773,186228000,0.0,0.0
2016-09-12 00:00:00-04:00,23.516475460117416,24.219793252740153,23.488983578936768,24.15564727783203,181171200,0.0,0.0
2016-09-13 00:00:00-04:00,24.629870862128524,24.923110598072498,24.568014567543866,24.730670928955078,248704800,0.0,0.0
2016-09-14 00:00:00-04:00,24.909361069182438,25.89446302139946,24.87957776681186,25.605804443359375,443554800,0.0,0.0
2016-09-15 00:00:00-04:00,26.084617798367415,26.51302379402007,25.999852470972353,26.476367950439453,359934400,0.0,0.0
2016-09-16 00:00:00-04:00,26.373275323149475,26.604658771448115,26.12585363308392,26.327455520629883,319547600,0.0,0.0
2016-09-19 00:00:00-04:00,26.389306889975177,26.616109189599428,25.944864501673187,26.020465850830078,188092000,0.0,0.0
2016-09-20 00:00:00-04:00,25.89904905191292,26.144179293697142,25.775338217576035,26.018177032470703,138057200,0.0,0.0
2016-09-21 00:00:00-04:00,26.082322656209136,26.11439564085053,25.759301382936105,26.013595581054688,144012800,0.0,0.0
2016-09-22 00:00:00-04:00,26.1968736347284,26.332039875053763,26.116691160559213,26.258729934692383,124296000,0.0,0.0
2016-09-23 00:00:00-04:00,26.212903702359732,26.297669010181558,25.555405827538955,25.82115364074707,209924800,0.0,0.0
2016-09-26 00:00:00-04:00,25.576027827500234,25.97694191692001,25.55541022758221,25.860103607177734,119477600,0.0,0.0
2016-09-27 00:00:00-04:00,25.88758934467216,25.92882628256868,25.736386656436167,25.908206939697266,98429600,0.0,0.0
2016-09-28 00:00:00-04:00,26.045661509946058,26.263299810746954,25.986096662671013,26.105224609375,118564400,0.0,0.0
2016-09-29 00:00:00-04:00,25.924244426122787,26.070864257095547,25.612676848344105,25.699731826782227,143548000,0.0,0.0
2016-09-30 00:00:00-04:00,25.76388353428328,25.972359690758676,25.61268256453063,25.899049758911133,145516400,0.0,0.0
2016-10-03 00:00:00-04:00,25.82115631669641,25.899049100467856,25.722645934420125,25.77762794494629,86807200,0.0,0.0
2016-10-04 00:00:00-04:00,25.90134119732404,26.18770841115558,25.80283080585212,25.887596130371094,118947200,0.0,0.0
2016-10-05 00:00:00-04:00,25.979232223768342,26.03879708959655,25.816575867101815,25.899049758911133,85812400,0.0,0.0
2016-10-06 00:00:00-04:00,26.047961415481065,26.194581291074226,25.917378034160695,26.091489791870117,115117200,0.0,0.0
2016-10-07 00:00:00-04:00,26.187701742390466,26.244975170571948,26.004427820917513,26.130428314208984,97433600,0.0,0.0
2016-10-10 00:00:00-04:00,26.350362382885976,26.74669533984366,26.28163530652368,26.58633041381836,144944000,0.0,0.0
2016-10-11 00:00:00-04:00,26.96433220544857,27.1911362640301,26.620691599187904,26.64360237121582,256164000,0.0,0.0
2016-10-12 00:00:00-04:00,26.88415025249878,27.028480428464434,26.74669435697869,26.881858825683594,150347200,0.0,0.0
2016-10-13 00:00:00-04:00,26.75585479891876,26.904766061091546,26.51072459731605,26.79938316345215,140769600,0.0,0.0
2016-10-14 00:00:00-04:00,27.005570938784786,27.072008336808725,26.83375062426148,26.94829750061035,142608800,0.0,0.0
2016-10-17 00:00:00-04:00,26.879565077675206,26.99640160986492,26.753562839612247,26.92996597290039,94499600,0.0,0.0
2016-10-18 00:00:00-04:00,27.074300340069897,27.081172873141668,26.907061127987973,26.911643981933594,98214000,0.0,0.0
2016-10-19 00:00:00-04:00,26.861240601927424,26.978078896927713,26.0708679102204,26.831459045410156,80138400,0.0,0.0
2016-10-20 00:00:00-04:00,26.771898542894935,26.891026536204105,26.65047912245094,26.817716598510742,96503200,0.0,0.0
2016-10-21 00:00:00-04:00,26.76043934039463,26.783350112783413,26.639019937258844,26.712329864501953,92770800,0.0,0.0
2016-10-24 00:00:00-04:00,26.826878593892154,26.97349845853765,26.803969567762543,26.952880859375,94154800,0.0,0.0
2016-10-25 00:00:00-04:00,27.02160511953125,27.11553438906691,26.874985270177547,27.090333938598633,192516000,0.0,0.0
2016-10-26 00:00:00-04:00,26.187707754551223,26.506147948519903,25.95861398923006,26.480947494506836,264536800,0.0,0.0
2016-10-27 00:00:00-04:00,26.435126540073536,26.542800877615743,26.139595405493818,26.226652145385742,138248000,0.0,0.0
2016-10-28 00:00:00-04:00,26.08691187471887,26.393896730570628,25.990691149471797,26.052547454833984,151446800,0.0,0.0
2016-10-31 00:00:00-04:00,26.036499580347005,26.169374346982334,25.93340636574529,26.01129913330078,105677600,0.0,0.0
2016-11-01 00:00:00-04:00,25.99297913354741,26.063997643480405,25.321734312392252,25.541664123535156,175303200,0.0,0.0
2016-11-02 00:00:00-04:00,25.521040947329862,25.738679283809553,25.482095434123416,25.56456756591797,113326800,0.0,0.0
2016-11-03 00:00:00-04:00,25.55535911106137,25.665887700158493,25.22607302147493,25.29054832458496,107730400,0.1425,0.0
2016-11-04 00:00:00-04:00,24.99119888939781,25.387263508213586,24.89448592624151,25.06258201599121,123348000,0.0,0.0
2016-11-07 00:00:00-05:00,25.348118992692342,25.447135151133345,25.2053509772968,25.424108505249023,130240000,0.0,0.0
2016-11-08 00:00:00-05:00,25.40108138641951,25.72576290730673,25.26061655555887,25.57378387451172,97016800,0.0,0.0
2016-11-09 00:00:00-05:00,25.302061516285825,25.633650807028452,24.88066884225742,25.532331466674805,236705600,0.0,0.0
2016-11-10 00:00:00-05:00,25.58068474636516,25.58068474636516,24.36946622370248,24.8207950592041,228538000,0.0,0.0
2016-11-11 00:00:00-05:00,24.6665171007387,25.069489503833324,24.53526330257498,24.968170166015625,136575600,0.0,0.0
2016-11-14 00:00:00-05:00,24.80238072992031,24.82540737785127,23.966501287964054,24.341840744018555,204702000,0.0,0.0
2016-11-15 00:00:00-05:00,24.539869101032913,24.795468892325932,24.445459332771897,24.664215087890625,129058000,0.0,0.0
2016-11-16 00:00:00-05:00,24.56980419383247,25.382658633805825,24.54677754904232,25.327392578125,235362000,0.0,0.0
2016-11-17 00:00:00-05:00,25.285948146808604,25.410294157671302,25.060284530547943,25.318185806274414,110528000,0.0,0.0
2016-11-18 00:00:00-05:00,25.265224440138745,25.454045768065143,25.25140880245312,25.343515396118164,113715600,0.0,0.0
2016-11-21 00:00:00-05:00,25.35732880464079,25.787932508481216,25.331998968318366,25.728063583374023,117058400,0.0,0.0
2016-11-22 00:00:00-05:00,25.778721675691163,25.886948839478784,25.652074250032346,25.744182586669922,103862000,0.0,0.0
2016-11-23 00:00:00-05:00,25.642864762386477,25.67740561027784,25.405686967323877,25.612930297851562,109705600,0.0,0.0
2016-11-25 00:00:00-05:00,25.589901391862735,25.760302436292914,25.548452726571675,25.741880416870117,45903600,0.0,0.0
2016-11-28 00:00:00-05:00,25.65898167602616,25.89846264489884,25.649770666821013,25.691219329833984,108776000,0.0,0.0
2016-11-29 00:00:00-05:00,25.509304199928877,25.797141630884603,25.345812749964455,25.6658878326416,114115200,0.0,0.0
2016-11-30 00:00:00-05:00,25.698130101759943,25.83629174207929,25.391870598557997,25.449438095092773,144649200,0.0,0.0
2016-12-01 00:00:00-05:00,25.414899919428603,25.546153745989834,25.106337213324622,25.212261199951172,148347600,0.0,0.0
2016-12-02 00:00:00-05:00,25.138567600211147,25.350415512183364,25.064881293576455,25.306665420532227,106112000,0.0,0.0
2016-12-05 00:00:00-05:00,25.32969214054196,25.336599957307254,24.926719765578795,25.124752044677734,137298000,0.0,0.0
2016-12-06 00:00:00-05:00,25.214565008965838,25.41259734958191,25.143181871123073,25.318185806274414,104782000,0.0,0.0
2016-12-07 00:00:00-05:00,25.159298368405217,25.603719497634987,25.136271721895906,25.566875457763672,119994800,0.0,0.0
2016-12-08 00:00:00-05:00,25.52773042362734,25.889254226207107,25.467859736213335,25.81787109375,108273200,0.0,0.0
2016-12-09 00:00:00-05:00,25.861613388067113,26.41195834004307,25.861613388067113,26.239255905151367,137610400,0.0,0.0
2016-12-12 00:00:00-05:00,26.087286880865953,26.481048345444968,25.90307018964767,26.089590072631836,105497600,0.0,0.0
2016-12-13 00:00:00-05:00,26.213931585950814,26.692893527728142,26.193208132680063,26.524797439575195,174935200,0.0,0.0
2016-12-14 00:00:00-05:00,26.49025659397022,26.757368835886556,26.476440958456386,26.524797439575195,136127200,0.0,0.0
2016-12-15 00:00:00-05:00,26.56854531771756,26.879411145367662,26.534006231818875,26.669864654541016,186098000,0.0,0.0
2016-12-16 00:00:00-05:00,26.819545545958974,26.82645336444651,26.630724227743848,26.704410552978516,177404400,0.0,0.0
2016-12-19 00:00:00-05:00,26.66526242876879,27.02908763527047,26.653748227886037,26.858688354492188,111117600,0.0,0.0
2016-12-20 00:00:00-05:00,26.88171820457601,27.05672388930169,26.86790256732577,26.93007469177246,85700000,0.0,0.0
2016-12-21 00:00:00-05:00,26.895531543314586,27.03369316544668,26.890925160378657,26.955400466918945,95132800,0.0,0.0
2016-12-22 00:00:00-05:00,26.791910881493962,26.82875492027494,26.628419412249425,26.778095245361328,104343600,0.0,0.0
2016-12-23 00:00:00-05:00,26.61690544877681,26.831056594848633,26.61690544877681,26.831056594848633,56998000,0.0,0.0
2016-12-27 00:00:00-05:00,26.831052380767325,27.12579937689471,26.824144563724218,27.001453399658203,73187600,0.0,0.0
2016-12-28 00:00:00-05:00,27.06132401291895,27.17645898903331,26.757367746249844,26.886320114135742,83623600,0.0,0.0
2016-12-29 00:00:00-05:00,26.81493653924547,26.96691555838618,26.803424095165973,26.879413604736328,60158000,0.0,0.0
2016-12-30 00:00:00-05:00,26.860989128341537,26.987636542550618,26.58005951756395,26.669864654541016,122345200,0.0,0.0
2017-01-03 00:00:00-05:00,26.66526500262077,26.78730781374833,26.425784007070973,26.745859146118164,115127600,0.0,0.0
2017-01-04 00:00:00-05:00,26.67677783289385,26.828756868671924,26.6537511853937,26.715923309326172,84472400,0.0,0.0
2017-01-05 00:00:00-05:00,26.6928968966973,26.90935125010862,26.667567057178076,26.851783752441406,88774400,0.0,0.0
2017-01-06 00:00:00-05:00,26.890924508131448,27.208698163829947,26.819541385739022,27.15113067626953,127007600,0.0,0.0
2017-01-09 00:00:00-05:00,27.160337482901994,27.50113775157672,27.158036048517403,27.399818420410156,134247600,0.0,0.0
2017-01-10 00:00:00-05:00,27.34915939598723,27.489624196826544,27.24093400230956,27.427452087402344,97848400,0.0,0.0
2017-01-11 00:00:00-05:00,27.342252155792867,27.616273946295752,27.310014504771377,27.574825286865234,110354400,0.0,0.0
2017-01-12 00:00:00-05:00,27.379097868845456,27.471206201765387,27.220211038479082,27.459692001342773,108344800,0.0,0.0
2017-01-13 00:00:00-05:00,27.427455726112875,27.54489390040559,27.358374033747648,27.41133689880371,104447600,0.0,0.0
2017-01-17 00:00:00-05:00,27.250147700401918,27.687660999484315,27.222516428069017,27.632396697998047,137759200,0.0,0.0
2017-01-18 00:00:00-05:00,27.632390089887483,27.747525048595346,27.565611603018517,27.63008689880371,94852000,0.0,0.0
2017-01-19 00:00:00-05:00,27.494235559650775,27.653120648879817,27.48732774144349,27.581737518310547,102389200,0.0,0.0
2017-01-20 00:00:00-05:00,27.736017482887355,27.736017482887355,27.570224578428558,27.632396697998047,130391600,0.0,0.0
2017-01-23 00:00:00-05:00,27.632399664377807,27.818917799929746,27.579436792019994,27.650821685791016,88200800,0.0,0.0
2017-01-24 00:00:00-05:00,27.528771515197217,27.655418925737962,27.517257315684336,27.625484466552734,92844000,0.0,0.0
2017-01-25 00:00:00-05:00,27.72910796672234,28.115961567076894,27.69687031309449,28.0653018951416,129510400,0.0,0.0
2017-01-26 00:00:00-05:00,28.016948663542745,28.194257535877,28.00082983485968,28.07912254333496,105350400,0.0,0.0
2017-01-27 00:00:00-05:00,28.12517466330791,28.17353114733806,28.00082866573588,28.081422805786133,82251600,0.0,0.0
2017-01-30 00:00:00-05:00,27.8465441348101,28.007732391357422,27.784372023519055,28.007732391357422,121510000,0.0,0.0
2017-01-31 00:00:00-05:00,27.89720690211886,27.952471202385627,27.77516410048706,27.943260192871094,196804000,0.0,0.0
2017-02-01 00:00:00-05:00,29.25119412743658,30.047929772891518,29.24658950101878,29.647258758544922,447940000,0.0,0.0
2017-02-02 00:00:00-05:00,29.469950247627544,29.794629977612935,29.423895201544966,29.59659767150879,134841600,0.0,0.0
2017-02-03 00:00:00-05:00,29.545940567032826,29.748579273766516,29.511401475494605,29.723249435424805,98029200,0.0,0.0
2017-02-06 00:00:00-05:00,29.734762520001542,30.050231256335138,29.68179789677811,30.001873016357422,107383600,0.0,0.0
2017-02-07 00:00:00-05:00,30.05943840086554,30.416357534095017,30.03871494817471,30.28740692138672,152735200,0.0,0.0
2017-02-08 00:00:00-05:00,30.245955269342417,30.446288974529015,30.216019055504376,30.40483856201172,92016400,0.0,0.0
2017-02-09 00:00:00-05:00,30.446472274989613,30.631487632866527,30.323900350281978,30.624549865722656,113399600,0.1425,0.0
2017-02-10 00:00:00-05:00,30.63380588413618,30.7448136993057,30.538985017759696,30.555171966552734,80262000,0.0,0.0
2017-02-13 00:00:00-05:00,30.777187888155584,30.948327712231414,30.700868920481543,30.82575225830078,92141600,0.0,0.0
2017-02-14 00:00:00-05:00,30.867371241745456,31.242024648763522,30.816491948338907,31.22583770751953,132904800,0.0,0.0
2017-02-15 00:00:00-05:00,31.34147967526806,31.514930892914073,31.133336096768414,31.33916473388672,142492400,0.0,0.0
2017-02-16 00:00:00-05:00,31.376183389497,31.429374133386304,31.184230194123913,31.30217933654785,90338400,0.0,0.0
2017-02-17 00:00:00-05:00,31.24435394089768,31.41317883990692,31.24435394089768,31.387739181518555,88792800,0.0,0.0
2017-02-21 00:00:00-05:00,31.505681585032608,31.62594209699634,31.44786450624468,31.614377975463867,98028800,0.0,0.0
2017-02-22 00:00:00-05:00,31.55193750864108,31.711513225718168,31.477933475849756,31.70920181274414,83347600,0.0,0.0
2017-02-23 00:00:00-05:00,31.77163551370787,31.794760222984667,31.521865362952113,31.575056076049805,83152800,0.0,0.0
2017-02-24 00:00:00-05:00,31.43167990001077,31.605131149291992,31.28597972137464,31.605131149291992,87106400,0.0,0.0
2017-02-27 00:00:00-05:00,31.716134194643605,31.78551538970486,31.517243317534234,31.667566299438477,81029600,0.0,0.0
2017-02-28 00:00:00-05:00,31.70224983275619,31.78550653786899,31.614366774894574,31.68143653869629,93931600,0.0,0.0
2017-03-01 00:00:00-05:00,31.889590146585466,32.412255306318166,31.82252388303502,32.32899856567383,145658400,0.0,0.0
2017-03-02 00:00:00-05:00,32.37756815367014,32.44232300766749,32.09079413677125,32.13705062866211,104844000,0.0,0.0
2017-03-03 00:00:00-05:00,32.095414741910034,32.33824716533462,32.05147319981067,32.326683044433594,84432400,0.0,0.0
2017-03-06 00:00:00-05:00,32.23186757749497,32.324377031281756,32.053793495595706,32.22492980957031,87000000,0.0,0.0
2017-03-07 00:00:00-05:00,32.160174612332,32.37294106045336,32.097731172803236,32.26655960083008,69785200,0.0,0.0
2017-03-08 00:00:00-05:00,32.13474477268337,32.331324332176784,32.10468227910414,32.14630889892578,74828800,0.0,0.0
2017-03-09 00:00:00-05:00,32.086159943764414,32.097720533766775,31.695316016322124,32.07228088378906,88623600,0.0,0.0
2017-03-10 00:00:00-05:00,32.204120081428464,32.229559742935045,32.06304623650561,32.178680419921875,78451200,0.0,0.0
2017-03-13 00:00:00-04:00,32.11160886143455,32.24574138671217,32.10467109388138,32.19255065917969,69686800,0.0,0.0
2017-03-14 00:00:00-04:00,32.215678364390186,32.29662016078054,32.109293382231215,32.143985748291016,61236400,0.0,0.0
2017-03-15 00:00:00-04:00,32.241119113457266,32.55101783239167,32.15323601777822,32.483951568603516,102767200,0.0,0.0
2017-03-16 00:00:00-04:00,32.54407384422683,32.61345503656059,32.43768887879854,32.53713607788086,76928000,0.0,0.0
2017-03-17 00:00:00-04:00,32.60883149115717,32.60883149115717,32.352123527625004,32.37525177001953,175540000,0.0,0.0
2017-03-20 00:00:00-04:00,32.47008156903279,32.72447821761043,32.430766364957286,32.71522903442383,86168000,0.0,0.0
2017-03-21 00:00:00-04:00,32.865529355942684,33.02510500435808,32.31510982172686,32.34054946899414,158119600,0.0,0.0
2017-03-22 00:00:00-04:00,32.342877504775444,32.747597084061425,32.322060673038834,32.70596694946289,103440800,0.0,0.0
2017-03-23 00:00:00-04:00,32.66895476724913,32.742962308001125,32.51863180229808,32.59032440185547,81385200,0.0,0.0
2017-03-24 00:00:00-04:00,32.7244646105998,32.77997027326692,32.458507475844264,32.52557373046875,89582400,0.0,0.0
2017-03-27 00:00:00-04:00,32.23649410452276,32.6597155945606,32.05841649279786,32.581085205078125,94300400,0.0,0.0
2017-03-28 00:00:00-04:00,32.58801300981845,33.31188030055289,32.52094323486099,33.256378173828125,133499200,0.0,0.0
2017-03-29 00:00:00-04:00,33.228624693216595,33.41595496380093,33.11530549478005,33.33038330078125,116760000,0.0,0.0
2017-03-30 00:00:00-04:00,33.34657763576764,33.418270246070115,33.18700193986894,33.28644561767578,84829200,0.0,0.0
2017-03-31 00:00:00-04:00,33.23787837068514,33.365076633853526,33.073676334799764,33.224002838134766,78646800,0.0,0.0
2017-04-03 00:00:00-04:00,33.23557986533578,33.330397217543855,33.082941890256386,33.2332649230957,79942800,0.0,0.0
2017-04-04 00:00:00-04:00,33.129202958594476,33.50848304677342,33.11070106052767,33.48073196411133,79565600,0.0,0.0
2017-04-05 00:00:00-04:00,33.35351537608284,33.640289345938676,33.25869452368603,33.3072624206543,110871600,0.0,0.0
2017-04-06 00:00:00-04:00,33.36969945878765,33.42289370539606,33.17543494533447,33.224002838134766,84596000,0.0,0.0
2017-04-07 00:00:00-04:00,33.24021133359471,33.34428142406767,33.133829829156134,33.15001678466797,66688800,0.0,0.0
2017-04-10 00:00:00-04:00,33.21013064924229,33.274885493579646,33.04824000952453,33.11068344116211,75733600,0.0,0.0
2017-04-11 00:00:00-04:00,33.057504331643614,33.15232521876181,32.39145023718006,32.75454330444336,121517600,0.0,0.0
2017-04-12 00:00:00-04:00,32.74758555682854,32.874780271017244,32.611134607612726,32.79383850097656,81400000,0.0,0.0
2017-04-13 00:00:00-04:00,32.81929806098147,32.92799448655558,32.62040710449219,32.62040710449219,71291600,0.0,0.0
2017-04-17 00:00:00-04:00,32.71983593878682,32.81234537001245,32.57876214393246,32.80078125,66328400,0.0,0.0
2017-04-18 00:00:00-04:00,32.70364677715013,32.849343387034686,32.63426559065219,32.65507888793945,58790000,0.0,0.0
2017-04-19 00:00:00-04:00,32.81235686274012,32.840107937390805,32.481641264693536,32.53483200073242,69313600,0.0,0.0
2017-04-20 00:00:00-04:00,32.65971256512075,33.052868004939796,32.645837030484415,32.94186019897461,93278400,0.0,0.0
2017-04-21 00:00:00-04:00,32.9418496633838,32.99735178417823,32.805402244599634,32.90253448486328,69283600,0.0,0.0
2017-04-24 00:00:00-04:00,33.18698675935676,33.291056743768365,33.112979241365515,33.219364166259766,68537200,0.0,0.0
2017-04-25 00:00:00-04:00,33.28182761870944,33.51078101657076,33.272574908950006,33.42521286010742,75486000,0.0,0.0
2017-04-26 00:00:00-04:00,33.411337848042365,33.44140386191959,33.15925620070607,33.228633880615234,80164800,0.0,0.0
2017-04-27 00:00:00-04:00,33.284132474768136,33.33963813576577,33.14305867416402,33.254066467285156,56985200,0.0,0.0
2017-04-28 00:00:00-04:00,33.32345740479825,33.37202531348127,33.13381918313752,33.22169876098633,83441600,0.0,0.0
2017-05-01 00:00:00-04:00,33.55702738480217,34.04268863442368,33.52464996816074,33.8993034362793,134411600,0.0,0.0
2017-05-02 00:00:00-04:00,34.12132146380019,34.248519727248016,33.95943436890024,34.114383697509766,181408800,0.0,0.0
2017-05-03 00:00:00-04:00,33.67034648844741,34.109758317545925,33.36507420791331,34.010311126708984,182788000,0.0,0.0
2017-05-04 00:00:00-04:00,33.88544111975236,34.02882637381585,33.72123903132874,33.887752532958984,93487600,0.0,0.0
2017-05-05 00:00:00-04:00,33.940929284192165,34.45434511454773,33.940929284192165,34.44972229003906,109310800,0.0,0.0
2017-05-08 00:00:00-04:00,34.46591335230264,35.54593585491734,34.46591335230264,35.38636016845703,195009600,0.0,0.0
2017-05-09 00:00:00-04:00,35.5852596197635,35.81884291000075,35.488127336953184,35.613014221191406,156521600,0.0,0.0
2017-05-10 00:00:00-04:00,35.52974356050255,35.601436155771424,35.178214820705925,35.44417190551758,103222800,0.0,0.0
2017-05-11 00:00:00-04:00,35.402386567067346,35.77859014018026,35.36987549713816,35.7507209777832,109020400,0.1575,0.0
2017-05-12 00:00:00-04:00,35.92488199853969,36.32430567087355,35.91791559499993,36.249996185302734,130108000,0.0,0.0
2017-05-15 00:00:00-04:00,36.229093023581775,36.37771553649131,36.00616102593758,36.1571044921875,104038800,0.0,0.0
2017-05-16 00:00:00-04:00,36.2128284846747,36.24069409022606,35.92951635010541,36.10368347167969,80194000,0.0,0.0
2017-05-17 00:00:00-04:00,35.66943907336613,35.89469557120535,34.76609212863367,34.8914909362793,203070800,0.0,0.0
2017-05-18 00:00:00-04:00,35.12836584939215,35.60906550250236,35.09585477886025,35.42328643798828,134272800,0.0,0.0
2017-05-19 00:00:00-04:00,35.61834989483456,35.757681510174486,35.44418271807944,35.544036865234375,107843200,0.0,0.0
2017-05-22 00:00:00-04:00,35.76232690430899,35.897016612667926,35.509204791580785,35.760005950927734,91865600,0.0,0.0
2017-05-23 00:00:00-04:00,35.97132055973454,35.97132055973454,35.60208705287404,35.715877532958984,79675600,0.0,0.0
2017-05-24 00:00:00-04:00,35.725166002158055,35.80179997561155,35.45346566542646,35.60905456542969,76712000,0.0,0.0
2017-05-25 00:00:00-04:00,35.69962089786806,35.843601487149655,35.53706559716929,35.73213195800781,76942400,0.0,0.0
2017-05-26 00:00:00-04:00,35.762323525862016,35.81805829270953,35.60208917168536,35.671756744384766,87710400,0.0,0.0
2017-05-30 00:00:00-04:00,35.62763610977203,35.862179957978796,35.606736899657,35.685691833496094,80507600,0.0,0.0
2017-05-31 00:00:00-04:00,35.755352628315414,35.80179648979682,35.38611914589491,35.474361419677734,97804800,0.0,0.0
2017-06-01 00:00:00-04:00,35.569582275325985,35.6067387909086,35.34897122214482,35.571903228759766,65616400,0.0,0.0
2017-06-02 00:00:00-04:00,35.66479670000693,36.09905242919922,35.50456231726266,36.09905242919922,111082800,0.0,0.0
2017-06-05 00:00:00-04:00,35.84128310541234,35.866827767268795,35.63692935400107,35.746070861816406,101326800,0.0,0.0
2017-06-06 00:00:00-04:00,35.7391056050753,36.18265222816433,35.7112399888613,35.86682891845703,106499600,0.0,0.0
2017-06-07 00:00:00-04:00,35.999195149432616,36.22212715034009,35.87379279841193,36.08047103881836,84278400,0.0,0.0
2017-06-08 00:00:00-04:00,36.05260996266278,36.1199530533986,35.8552190543476,35.99223327636719,85003200,0.0,0.0
2017-06-09 00:00:00-04:00,36.03867890361753,36.03867890361753,33.909194952599776,34.59657287597656,259530800,0.0,0.0
2017-06-12 00:00:00-04:00,33.844172355185975,33.92544825765064,33.09408971205364,33.769859313964844,289229200,0.0,0.0
2017-06-13 00:00:00-04:00,34.17391841944506,34.2412614926706,33.70714818267288,34.04154968261719,136661600,0.0,0.0
2017-06-14 00:00:00-04:00,34.25288107395131,34.25288107395131,33.4029443270465,33.70948028564453,126124800,0.0,0.0
2017-06-15 00:00:00-04:00,33.282189509280364,33.551565394676025,33.02442193475349,33.507442474365234,128661600,0.0,0.0
2017-06-16 00:00:00-04:00,33.38901597994587,33.556216789987175,33.02210328810194,33.038360595703125,201444400,0.0,0.0
2017-06-19 00:00:00-04:00,33.36113821675473,34.07638507861162,33.36113821675473,33.98349380493164,130165600,0.0,0.0
2017-06-20 00:00:00-04:00,34.10657538102148,34.10657538102148,33.6583868954916,33.67464065551758,99600400,0.0,0.0
2017-06-21 00:00:00-04:00,33.79308322790719,33.9208065536216,33.58175950203796,33.874359130859375,85063200,0.0,0.0
2017-06-22 00:00:00-04:00,33.851133653881504,34.06709925340334,33.70018664045973,33.81862258911133,76425200,0.0,0.0
2017-06-23 00:00:00-04:00,33.70250763646279,34.17391979838276,33.69786218670951,33.96956253051758,141757600,0.0,0.0
2017-06-26 00:00:00-04:00,34.17624600181138,34.43401357939867,33.760568542753184,33.86274719238281,102769600,0.0,0.0
2017-06-27 00:00:00-04:00,33.67464065132807,33.94169910603165,33.3518509697536,33.37739562988281,99047600,0.0,0.0
2017-06-28 00:00:00-04:00,33.55388868726849,33.93008865798964,33.24503179961903,33.86506652832031,88329600,0.0,0.0
2017-06-29 00:00:00-04:00,33.6049650059323,33.70249816269505,33.04066172477194,33.36577224731445,125997600,0.0,0.0
2017-06-30 00:00:00-04:00,33.544594433334126,33.66303037038063,33.38900552836239,33.444740295410156,92096400,0.0,0.0
2017-07-03 00:00:00-04:00,33.64445478843934,33.741987980943975,33.23109831111197,33.3239860534668,57111200,0.0,0.0
2017-07-05 00:00:00-04:00,33.368103179529584,33.62354619838777,33.14284672280504,33.46099090576172,86278400,0.0,0.0
2017-07-06 00:00:00-04:00,33.21251491916274,33.323980901443484,33.07085883073609,33.14516830444336,96515200,0.0,0.0
2017-07-07 00:00:00-04:00,33.184650423351705,33.614264198357915,33.184650423351705,33.481895446777344,76806800,0.0,0.0
2017-07-10 00:00:00-04:00,33.465630183207466,33.89291931457592,33.29378402358715,33.686241149902344,84362400,0.0,0.0
2017-07-11 00:00:00-04:00,33.609623475225916,33.86971556488356,33.52834757625345,33.79540252685547,79127200,0.0,0.0
2017-07-12 00:00:00-04:00,33.87436000484174,33.946348551163354,33.630528746253304,33.844173431396484,99538000,0.0,0.0
2017-07-13 00:00:00-04:00,33.788431492665154,34.482779229905475,33.77449868580418,34.31557846069336,100797600,0.0,0.0
2017-07-14 00:00:00-04:00,34.36202366897313,34.677846962729916,34.21340115093702,34.61050033569336,80528400,0.0,0.0
2017-07-17 00:00:00-04:00,34.55941190824262,35.04243239726825,34.50135618621704,34.73125457763672,95174000,0.0,0.0
2017-07-18 00:00:00-04:00,34.64765535202909,34.863624487757846,34.524577500704176,34.852012634277344,71475200,0.0,0.0
2017-07-19 00:00:00-04:00,34.9449139180129,35.16320409165923,34.8218360189896,35.070316314697266,83692000,0.0,0.0
2017-07-20 00:00:00-04:00,35.18175955795589,35.23749431408188,34.877548210576656,34.91238021850586,68974800,0.0,0.0
2017-07-21 00:00:00-04:00,34.83111891463383,34.93561852555064,34.57335131787063,34.896141052246094,105010400,0.0,0.0
2017-07-24 00:00:00-04:00,34.968123698453404,35.40005842173057,34.81021028841995,35.31877899169922,85972800,0.0,0.0
2017-07-25 00:00:00-04:00,35.25143268115461,35.725165780959614,35.25143268115461,35.469722747802734,75415600,0.0,0.0
2017-07-26 00:00:00-04:00,35.61139152098924,35.74607771648847,35.544044879798534,35.63693618774414,63124000,0.0,0.0
2017-07-27 00:00:00-04:00,35.704281368132484,35.76001615615087,34.20644393162103,34.9634895324707,129905200,0.0,0.0
2017-07-28 00:00:00-04:00,34.80789009184128,34.886845026854395,34.6453347716848,34.717323303222656,68854800,0.0,0.0
2017-07-31 00:00:00-04:00,34.81020972444371,34.9100674095341,34.39917776123744,34.538509368896484,79383600,0.0,0.0
2017-08-01 00:00:00-04:00,34.62443974039623,34.88452828403903,34.464205354244626,34.84505081176758,141474400,0.0,0.0
2017-08-02 00:00:00-04:00,36.988461510367614,37.09760655177292,36.26392722992396,36.49150466918945,279747200,0.0,0.0
2017-08-03 00:00:00-04:00,36.47059999571203,36.50775650284509,35.9991878847099,36.12691116333008,108389200,0.0,0.0
2017-08-04 00:00:00-04:00,36.24302755512729,36.55188087558903,36.1547817244582,36.31733703613281,82239600,0.0,0.0
2017-08-07 00:00:00-04:00,36.472928161695805,36.90486289808057,36.38236137229772,36.87931823730469,87481200,0.0,0.0
2017-08-08 00:00:00-04:00,36.83055879115649,37.580637876655814,36.753924797637495,37.17424774169922,144823600,0.0,0.0
2017-08-09 00:00:00-04:00,36.983815419747046,37.45058568678089,36.94898340434453,37.401817321777344,104526000,0.0,0.0
2017-08-10 00:00:00-04:00,37.2782609167138,37.30157582454633,36.049642824288746,36.210506439208984,163217200,0.1575,0.0
2017-08-11 00:00:00-04:00,36.50891694333438,36.968192857393895,36.385355764156465,36.714073181152344,105028400,0.0,0.0
2017-08-14 00:00:00-04:00,37.143040395265025,37.350530238108185,37.010151843320834,37.2666015625,88490800,0.0,0.0
2017-08-15 00:00:00-04:00,37.45543995609141,37.81446600331374,37.33420885712396,37.67458724975586,117862000,0.0,0.0
2017-08-16 00:00:00-04:00,37.75384931414014,37.88673429761588,37.33653603849995,37.52304458618164,110686400,0.0,0.0
2017-08-17 00:00:00-04:00,37.42279359706408,37.46708977173659,36.79799057498289,36.80265426635742,111762400,0.0,0.0
2017-08-18 00:00:00-04:00,36.80267106688966,37.18501211499411,36.536897454882364,36.71874237060547,109712400,0.0,0.0
2017-08-21 00:00:00-04:00,36.718726751118496,36.80964917030328,36.16153478588776,36.651119232177734,105474000,0.0,0.0
2017-08-22 00:00:00-04:00,36.888930150492534,37.30157987390728,36.83997381902732,37.25028991699219,86418400,0.0,0.0
2017-08-23 00:00:00-04:00,37.084755546287134,37.41114285393085,37.04045936367374,37.296905517578125,77596400,0.0,0.0
2017-08-24 00:00:00-04:00,37.40181566310647,37.47409044200262,36.963524641624105,37.13138198852539,79275600,0.0,0.0
2017-08-25 00:00:00-04:00,37.21996103619945,37.43211451030776,37.1313722511007,37.2689208984375,101920400,0.0,0.0
2017-08-28 00:00:00-04:00,37.334209744062925,37.767840649368395,37.28524986687383,37.64427947998047,103864000,0.0,0.0
2017-08-29 00:00:00-04:00,37.3248911781703,38.028955868971686,37.3015762700593,37.97999954223633,118067600,0.0,0.0
2017-08-30 00:00:00-04:00,38.18749819169276,38.208479479399884,37.91006708526627,38.08258819580078,109078400,0.0,0.0
2017-08-31 00:00:00-04:00,38.15018691185141,38.355346719281485,38.11288448189038,38.23411560058594,107140400,0.0,0.0
2017-09-01 00:00:00-04:00,38.42062062290216,38.45325935674631,38.14785329919999,38.24576950073242,66364400,0.0,0.0
2017-09-05 00:00:00-04:00,38.175818401771785,38.292385786204676,37.43211791991326,37.78648376464844,117874000,0.0,0.0
2017-09-06 00:00:00-04:00,37.933365242740834,37.99864270278832,37.42279945659071,37.746856689453125,86606800,0.0,0.0
2017-09-07 00:00:00-04:00,37.78882782667486,37.8238001893692,37.38550552322698,37.5953254699707,87714000,0.0,0.0
2017-09-08 00:00:00-04:00,37.502067388313236,37.56967492105878,36.958862829370304,36.982177734375,114446000,0.0,0.0
2017-09-11 00:00:00-04:00,37.41814838326752,37.7795081601223,37.275935963628775,37.651283264160156,126323200,0.0,0.0
2017-09-12 00:00:00-04:00,37.91005350394695,38.22478693622561,37.014816642265714,37.50206756591797,286856000,0.0,0.0
2017-09-13 00:00:00-04:00,37.27125682555916,37.29224165973439,36.81431464047578,37.219966888427734,179629600,0.0,0.0
2017-09-14 00:00:00-04:00,37.066104825964,37.16168739474096,36.85628136196564,36.900577545166016,95042800,0.0,0.0
2017-09-15 00:00:00-04:00,36.944876753585625,37.5277138279372,36.835303099019114,37.273597717285156,196458400,0.0,0.0
2017-09-18 00:00:00-04:00,37.327227106903024,37.418149571043095,36.83531235031033,36.991512298583984,113077600,0.0,0.0
2017-09-19 00:00:00-04:00,37.187330392736726,37.24794771699612,36.93787800840331,37.00548553466797,83242400,0.0,0.0
2017-09-20 00:00:00-04:00,36.811986678781416,36.8959153563297,35.86312981059454,36.385353088378906,211805600,0.0,0.0
2017-09-21 00:00:00-04:00,36.322399497770945,36.322399497770945,35.61133770608045,35.76054382324219,150046800,0.0,0.0
2017-09-22 00:00:00-04:00,35.32925571428282,35.49944672624575,35.10078454369383,35.41085433959961,186581600,0.0,0.0
2017-09-25 00:00:00-04:00,34.96789477014689,35.39686200772558,34.774392432494984,35.09844970703125,177549200,0.0,0.0
2017-09-26 00:00:00-04:00,35.38519941035541,35.88410773654969,35.36421813226822,35.70226287841797,146640000,0.0,0.0
2017-09-27 00:00:00-04:00,35.85614028917769,36.070623922187686,35.795522952065745,35.95638656616211,102016800,0.0,0.0
2017-09-28 00:00:00-04:00,35.87710996692245,35.9680323858252,35.59967901870899,35.73489761352539,88022000,0.0,0.0
2017-09-29 00:00:00-04:00,35.718586563733275,35.93307016660472,35.43649187240753,35.93073654174805,105199200,0.0,0.0
2017-10-02 00:00:00-04:00,35.9633808883838,36.00767707931691,35.60435478254342,35.85847091674805,74795200,0.0,0.0
2017-10-03 00:00:00-04:00,35.90509385639331,36.156879899456726,35.88178250782671,36.01466751098633,64921200,0.0,0.0
2017-10-04 00:00:00-04:00,35.81650082766994,35.87012083615752,35.54373353577037,35.78152847290039,80655200,0.0,0.0
2017-10-05 00:00:00-04:00,35.94471961360071,36.23847172079551,35.91441451040859,36.22681427001953,85135200,0.0,0.0
2017-10-06 00:00:00-04:00,36.12890233441458,36.25013343349978,36.03331620710981,36.20583724975586,69630400,0.0,0.0
2017-10-09 00:00:00-04:00,36.3247361288286,36.539219738671264,36.25013483544445,36.331729888916016,65051600,0.0,0.0
2017-10-10 00:00:00-04:00,36.38302462877141,36.83530681325023,36.159217161772034,36.34572219848633,62468000,0.0,0.0
2017-10-11 00:00:00-04:00,36.362046209643886,36.597511149322166,36.31075625330116,36.49726486206055,67622400,0.0,0.0
2017-10-12 00:00:00-04:00,36.45063625092287,36.68843124334951,36.306090220834726,36.36903762817383,64500400,0.0,0.0
2017-10-13 00:00:00-04:00,36.539220924304615,36.66744579232641,36.46461962849979,36.59983825683594,65576800,0.0,0.0
2017-10-16 00:00:00-04:00,36.81198819310298,37.30157275850037,36.753704485667825,37.273597717285156,96486000,0.0,0.0
2017-10-17 00:00:00-04:00,37.25028826075554,37.504404408582516,37.122063374168995,37.41115188598633,75989200,0.0,0.0
2017-10-18 00:00:00-04:00,37.39949823649277,37.467109346006374,37.20832947851361,37.245628356933594,65496800,0.0,0.0
2017-10-19 00:00:00-04:00,36.5438909142801,36.620825848350755,36.14056858477861,36.364376068115234,170336800,0.0,0.0
2017-10-20 00:00:00-04:00,36.51123196333908,36.77700542602539,36.3596958044935,36.427303314208984,95896400,0.0,0.0
2017-10-23 00:00:00-04:00,36.57651439512963,36.7630229250079,36.25245720294092,36.40865707397461,87937200,0.0,0.0
2017-10-24 00:00:00-04:00,36.43664605465474,36.70008958734267,36.415664770818275,36.62548828125,71028800,0.0,0.0
2017-10-25 00:00:00-04:00,36.58118992177633,36.730396082480816,36.198848912636365,36.464622497558594,84828400,0.0,0.0
2017-10-26 00:00:00-04:00,36.65579159797525,36.795673931407954,36.55088162657848,36.697757720947266,68002000,0.0,0.0
2017-10-27 00:00:00-04:00,37.1360375971169,38.14085148861399,36.99848893047398,38.01262664794922,177816800,0.0,0.0
2017-10-30 00:00:00-04:00,38.20846834005119,39.18297380971977,38.16883584459568,38.86824035644531,178803200,0.0,0.0
2017-10-31 00:00:00-04:00,39.14334503074754,39.55133107180744,38.919537537485446,39.40911865234375,144187200,0.0,0.0
2017-11-01 00:00:00-04:00,39.602615919526045,39.618937066593105,38.60946273695764,38.907875061035156,134551200,0.0,0.0
2017-11-02 00:00:00-04:00,38.84026655427204,39.283221336309026,38.532526851703295,39.192298889160156,165573600,0.0,0.0
2017-11-03 00:00:00-04:00,40.5654576840608,40.62607145512483,39.894028280591726,40.215755462646484,237594400,0.0,0.0
2017-11-06 00:00:00-05:00,40.18545788389442,40.79627368479755,40.03392163575447,40.62375259399414,140105200,0.0,0.0
2017-11-07 00:00:00-05:00,40.544475444184386,40.85687523414966,40.472204222647406,40.754295349121094,97446000,0.0,0.0
2017-11-08 00:00:00-05:00,40.7193273843951,41.08768081665039,40.64239246904859,41.08768081665039,97638000,0.0,0.0
2017-11-09 00:00:00-05:00,40.82424265097337,41.05504742704472,40.36496672397675,41.00375747680664,117930400,0.0,0.0
2017-11-10 00:00:00-05:00,40.97099827789114,41.0341719661069,40.77446188137926,40.86804962158203,100582000,0.1575,0.0
2017-11-13 00:00:00-05:00,40.59430185054368,40.828274771872465,40.57090313035342,40.70426940917969,67928400,0.0,0.0
2017-11-14 00:00:00-05:00,40.48666229886388,40.589610928932494,40.0514726345736,40.08890914916992,99130000,0.0,0.0
2017-11-15 00:00:00-05:00,39.768382111940895,39.85027407149938,39.39636598281399,39.56014633178711,116632400,0.0,0.0
2017-11-16 00:00:00-05:00,40.051479125002835,40.212920996486766,39.84558540164261,40.03276443481445,94550000,0.0,0.0
2017-11-17 00:00:00-05:00,40.01872923861939,40.10062119394135,39.69116855761888,39.81049346923828,87598000,0.0,0.0
2017-11-20 00:00:00-05:00,39.84324483623426,39.9064185208818,39.672445613446854,39.770713806152344,65049600,0.0,0.0
2017-11-21 00:00:00-05:00,39.95789080987073,40.64109123634763,39.95789080987073,40.510066986083984,100525200,0.0,0.0
2017-11-22 00:00:00-05:00,40.56155111981388,40.945266618461126,40.4890200758842,40.935909271240234,102355600,0.0,0.0
2017-11-24 00:00:00-05:00,40.96866530685794,41.06225305956291,40.86337462238495,40.93824768066406,56106800,0.0,0.0
2017-11-27 00:00:00-05:00,40.956964995235396,40.96398389801827,40.55686968589246,40.73234939575195,82867200,0.0,0.0
2017-11-28 00:00:00-05:00,40.78147230898322,40.91483498956653,40.21057793000543,40.49368667602539,105715200,0.0,0.0
2017-11-29 00:00:00-05:00,40.390745306665664,40.45859588089686,39.1109131808278,39.65372848510742,166665600,0.0,0.0
2017-11-30 00:00:00-05:00,39.87599588057501,40.276091072784766,39.41039213828489,40.2082405090332,166108800,0.0,0.0
2017-12-01 00:00:00-05:00,39.763700723794294,40.16613446908838,39.424440672392954,40.02107238769531,159037200,0.0,0.0
2017-12-04 00:00:00-05:00,40.355664587737884,40.388420666999764,39.68884363773281,39.72861862182617,130169600,0.0,0.0
2017-12-05 00:00:00-05:00,39.55544979737088,40.13102458429139,39.40102685817972,39.69115447998047,109400800,0.0,0.0
2017-12-06 00:00:00-05:00,39.19046438055372,39.82219055504739,38.9471341128749,39.54376220703125,114240000,0.0,0.0
2017-12-07 00:00:00-05:00,39.54844071761512,39.87834337776579,39.52036511084257,39.616294860839844,102693200,0.0,0.0
2017-12-08 00:00:00-05:00,39.8900466501275,40.00937156075876,39.49931228026131,39.627994537353516,93420800,0.0,0.0
2017-12-11 00:00:00-05:00,39.58822192555354,40.45158267136319,39.49229216043162,40.400108337402344,141095200,0.0,0.0
2017-12-12 00:00:00-05:00,40.27844003213489,40.33459482276244,40.11700170310015,40.173152923583984,77636800,0.0,0.0
2017-12-13 00:00:00-05:00,40.36033514994437,40.60366545476763,40.24334867124888,40.306522369384766,95273600,0.0,0.0
2017-12-14 00:00:00-05:00,40.336936111203535,40.50773893926903,40.16145639453041,40.294822692871094,81906000,0.0,0.0
2017-12-15 00:00:00-05:00,40.62471947276233,40.751063279416755,40.35097158322487,40.70426940917969,160677200,0.0,0.0
2017-12-18 00:00:00-05:00,40.91718344380719,41.45999873588689,40.91250298598988,41.27750015258789,117684400,0.0,0.0
2017-12-19 00:00:00-05:00,40.95228689059707,41.03651729897694,40.732351737041654,40.83763885498047,109745600,0.0,0.0
2017-12-20 00:00:00-05:00,40.9148304236339,41.04351620291852,40.53579555568858,40.79316711425781,93902400,0.0,0.0
2017-12-21 00:00:00-05:00,40.75105732062149,41.18390858984374,40.734681074997674,40.947593688964844,83799600,0.0,0.0
2017-12-22 00:00:00-05:00,40.870382207799324,41.04352342951681,40.828268801787004,40.947593688964844,65397600,0.0,0.0
2017-12-26 00:00:00-05:00,39.96256901940401,40.11933042216135,39.7005169634749,39.908756256103516,132742000,0.0,0.0
2017-12-27 00:00:00-05:00,39.79880407154889,39.95790397926457,39.70755475503096,39.91579055786133,85992800,0.0,0.0
2017-12-28 00:00:00-05:00,40.009376979760525,40.208255427893,39.88771003842733,40.02809524536133,65920800,0.0,0.0
2017-12-29 00:00:00-05:00,39.897068653071464,39.913444903186715,39.592903102369796,39.59524154663086,103999600,0.0,0.0
2018-01-02 00:00:00-05:00,39.81283531119191,40.313537247208004,39.60225752847971,40.304176330566406,102223600,0.0,0.0
2018-01-03 00:00:00-05:00,40.367353702932206,40.83998007240303,40.23399097485094,40.29716110229492,118071600,0.0,0.0
2018-01-04 00:00:00-05:00,40.36968122128297,40.587277867352185,40.262055690225814,40.48432922363281,89738400,0.0,0.0
2018-01-05 00:00:00-05:00,40.58025436586567,41.03182028263807,40.48900509112116,40.94525146484375,94640000,0.0,0.0
2018-01-08 00:00:00-05:00,40.79316711425781,41.087971614866134,40.69489537724607,40.79316711425781,82271200,0.0,0.0
2018-01-09 00:00:00-05:00,40.83997607024875,40.959300980537996,40.57324707008062,40.78850173950195,86336000,0.0,0.0
2018-01-10 00:00:00-05:00,40.51475348873273,40.78148248660823,40.477316963030724,40.77914047241211,95839600,0.0,0.0
2018-01-11 00:00:00-05:00,40.84932702105531,41.05990476936201,40.825931873561046,41.01076889038086,74670800,0.0,0.0
2018-01-12 00:00:00-05:00,41.22135270960487,41.497442647697724,41.0973473314388,41.434268951416016,101672400,0.0,0.0
2018-01-16 00:00:00-05:00,41.623777881825276,41.97239879142603,41.2119868591207,41.22368621826172,118263600,0.0,0.0
2018-01-17 00:00:00-05:00,41.21432196841968,41.93963933476282,40.9616343961619,41.904544830322266,137547200,0.0,0.0
2018-01-18 00:00:00-05:00,41.967719432013624,42.138522225627405,41.705670917084234,41.94198226928711,124773600,0.0,0.0
2018-01-19 00:00:00-05:00,41.78990866232449,42.01686270900164,41.50914183689063,41.75481414794922,129700400,0.0,0.0
2018-01-22 00:00:00-05:00,41.48340059982055,41.59570660494731,41.31962026523079,41.4132080078125,108434400,0.0,0.0
2018-01-23 00:00:00-05:00,41.48340452646805,41.984106493976,41.371098510710866,41.422569274902344,130756400,0.0,0.0
2018-01-24 00:00:00-05:00,41.47169778528601,41.48339714467017,40.52410679746099,40.762760162353516,204420400,0.0,0.0
2018-01-25 00:00:00-05:00,40.83061316235407,40.93356181882684,39.89940193632538,40.03510665893555,166116000,0.0,0.0
2018-01-26 00:00:00-05:00,40.243340638442135,40.243340638442135,39.78943262048329,40.128692626953125,156572000,0.0,0.0
2018-01-29 00:00:00-05:00,39.812831581035425,39.812831581035425,39.08985613945785,39.298091888427734,202561600,0.0,0.0
2018-01-30 00:00:00-05:00,38.729541853621896,39.16005122173868,38.535343878079864,39.066463470458984,184192800,0.0,0.0
2018-01-31 00:00:00-05:00,39.043055645715235,39.41039480264759,38.95648681745555,39.17407989501953,129915600,0.0,0.0
2018-02-01 00:00:00-05:00,39.11325400152449,39.452514033583086,39.01732424407224,39.255977630615234,188923200,0.0,0.0
2018-02-02 00:00:00-05:00,38.83949351087909,39.026672506887714,37.45905510933252,37.552642822265625,346375200,0.0,0.0
2018-02-05 00:00:00-05:00,37.22509515859577,38.3434854954354,36.499777636480054,36.61442565917969,290954000,0.0,0.0
2018-02-06 00:00:00-05:00,36.22603017907835,38.30604944131928,36.03183221340703,38.14460754394531,272975200,0.0,0.0
2018-02-07 00:00:00-05:00,38.158630124916996,38.231161135056325,37.21806186614332,37.328025817871094,206434400,0.0,0.0
2018-02-08 00:00:00-05:00,37.5035123688258,37.66963468893804,36.27281627231443,36.3008918762207,217562000,0.0,0.0
2018-02-09 00:00:00-05:00,36.89996378245455,37.09260194445449,35.295412891463684,36.744911193847656,282690400,0.1575,0.0
2018-02-12 00:00:00-05:00,37.235908995126586,38.502164684443535,37.00333010270935,38.224952697753906,243278000,0.0,0.0
2018-02-13 00:00:00-05:00,38.046400822690046,38.704196688200184,37.9759220541177,38.60787582397461,130196800,0.0,0.0
2018-02-14 00:00:00-05:00,38.30247969864652,39.35965073484387,38.26489411950926,39.3197135925293,162579600,0.0,0.0
2018-02-15 00:00:00-05:00,39.88824179141258,40.663501375875185,39.70265109433449,40.640010833740234,204588800,0.0,0.0
2018-02-16 00:00:00-05:00,40.491976027898616,41.06989742807061,40.35337010143182,40.508419036865234,160704400,0.0,0.0
2018-02-20 00:00:00-05:00,40.4191579538941,40.9383441911224,40.27115291804145,40.37217330932617,135722000,0.0,0.0
2018-02-21 00:00:00-05:00,40.60241196228296,40.905466051719024,40.17484333201391,40.188941955566406,149886400,0.0,0.0
2018-02-22 00:00:00-05:00,40.36042758709232,40.86551880612801,40.33928503404216,40.52487564086914,123967600,0.0,0.0
2018-02-23 00:00:00-05:00,40.799743490838885,41.2648976259703,40.76920185482098,41.22966003417969,135249600,0.0,0.0
2018-02-26 00:00:00-05:00,41.429361125321186,42.143537339161625,41.3964715020134,42.04486846923828,152648800,0.0,0.0
2018-02-27 00:00:00-05:00,42.07540332108041,42.39959996000254,41.85457149250912,41.90860366821289,155712400,0.0,0.0
2018-02-28 00:00:00-05:00,42.1129932092507,42.43249392454348,41.82873367844383,41.845176696777344,151128400,0.0,0.0
2018-03-01 00:00:00-05:00,41.94382954630269,42.23514007054136,40.56246239161252,41.11219024658203,195208000,0.0,0.0
2018-03-02 00:00:00-05:00,40.59536007435443,41.417604042820585,40.51313424362813,41.396461486816406,153816000,0.0,0.0
2018-03-05 00:00:00-05:00,41.16153961904458,41.75590432996107,40.99943950066743,41.539772033691406,113605600,0.0,0.0
2018-03-06 00:00:00-05:00,41.79583480191392,41.87570906687499,41.37766531511881,41.50452423095703,95154000,0.0,0.0
2018-03-07 00:00:00-05:00,41.098101067014966,41.31188534708122,40.940700517810946,41.11924362182617,126814000,0.0,0.0
2018-03-08 00:00:00-05:00,41.22496025858815,41.61024012699742,41.128642980010106,41.567955017089844,95096400,0.0,0.0
2018-03-09 00:00:00-05:00,41.807585336347394,42.286834550653744,41.67367530628129,42.282135009765625,128740800,0.0,0.0
2018-03-12 00:00:00-04:00,42.35496305722243,42.848310909275334,42.33617206249424,42.69091033935547,128828400,0.0,0.0
2018-03-13 00:00:00-04:00,42.8953039621089,43.109088312159365,42.10830095845635,42.2797966003418,126774000,0.0,0.0
2018-03-14 00:00:00-04:00,42.36202047107716,42.40900513429512,41.77235165588669,41.92035675048828,117473600,0.0,0.0
2018-03-15 00:00:00-04:00,41.934447003614444,42.34322105481381,41.83343016846324,41.96968460083008,90975200,0.0,0.0
2018-03-16 00:00:00-04:00,41.969675808925395,42.08009170333701,41.727701466201786,41.82167434692383,157618800,0.0,0.0
2018-03-19 00:00:00-04:00,41.6572391887555,41.69247678950339,40.79740588350734,41.18268585205078,133787200,0.0,0.0
2018-03-20 00:00:00-04:00,41.1685905456543,41.535075929863396,41.0981117599141,41.1685905456543,78597600,0.0,0.0
2018-03-21 00:00:00-04:00,41.12159543622554,41.133342496005184,40.2335722043143,40.235923767089844,148219600,0.0,0.0
2018-03-22 00:00:00-04:00,39.937560965118145,40.56716314673629,39.60866483810851,39.667396545410156,165963200,0.0,0.0
2018-03-23 00:00:00-04:00,39.55934124916197,39.91877912576028,38.748844146728516,38.748844146728516,164115200,0.0,0.0
2018-03-26 00:00:00-04:00,39.48415854628537,40.6658403493108,39.10122662256602,40.588314056396484,150164800,0.0,0.0
2018-03-27 00:00:00-04:00,40.8020930353932,41.147435786997505,39.21398884136804,39.547584533691406,163690400,0.0,0.0
2018-03-28 00:00:00-04:00,39.29152475547946,39.942273284293705,38.80757590603423,39.11063003540039,166674000,0.0,0.0
2018-03-29 00:00:00-04:00,39.42307458789862,40.34868696132009,39.2092902915603,39.4160270690918,153594000,0.0,0.0
2018-04-02 00:00:00-04:00,39.14820490735568,39.688537307064934,38.63841414116743,39.15760040283203,150347200,0.0,0.0
2018-04-03 00:00:00-04:00,39.38313865631738,39.64390761423454,38.734741813385234,39.55933380126953,121112000,0.0,0.0
2018-04-04 00:00:00-04:00,38.73474657002297,40.40977284946621,38.70890446886859,40.31580352783203,138422000,0.0,0.0
2018-04-05 00:00:00-04:00,40.543687038748985,40.931315010965584,40.42622358235605,40.59537124633789,107732800,0.0,0.0
2018-04-06 00:00:00-04:00,40.1654552459367,40.520193599758414,39.51470668278402,39.5569953918457,140021200,0.0,0.0
2018-04-09 00:00:00-04:00,39.90937316965461,40.66348632700051,39.902325651152246,39.949310302734375,116070800,0.0,0.0
2018-04-10 00:00:00-04:00,40.64235622301418,40.87728313759808,40.297013371799835,40.701087951660156,113634400,0.0,0.0
2018-04-11 00:00:00-04:00,40.46145555647489,40.858482557401416,40.336944596796116,40.51079177856445,89726400,0.0,0.0
2018-04-12 00:00:00-04:00,40.73867207140737,41.11220495899255,40.65174668618393,40.9101676940918,91557200,0.0,0.0
2018-04-13 00:00:00-04:00,41.06051414916714,41.30953603414656,40.842033901488705,41.04876708984375,100497200,0.0,0.0
2018-04-16 00:00:00-04:00,41.1192458707553,41.3917618744456,41.07226121814989,41.304840087890625,86313600,0.0,0.0
2018-04-17 00:00:00-04:00,41.46223394836548,42.037803915384,41.44343937341934,41.873355865478516,106421600,0.0,0.0
2018-04-18 00:00:00-04:00,41.772340909299764,42.00961931226193,41.55386066842869,41.779388427734375,83018000,0.0,0.0
2018-04-19 00:00:00-04:00,40.82089907518021,41.20383109012524,40.56248162193588,40.59537124633789,139235200,0.0,0.0
2018-04-20 00:00:00-04:00,40.07852353288215,40.22417703818973,38.863948518722765,38.93207931518555,261964400,0.0,0.0
2018-04-23 00:00:00-04:00,39.19284202008641,39.21398457367162,38.54914123935694,38.81930923461914,146062000,0.0,0.0
2018-04-24 00:00:00-04:00,38.92033340945452,39.075386001140814,37.87490957405361,38.27898406982422,134768000,0.0,0.0
2018-04-25 00:00:00-04:00,38.2038111036761,38.86160713670381,38.154478462401514,38.44578552246094,113528400,0.0,0.0
2018-04-26 00:00:00-04:00,38.55619490612709,38.93442729205529,38.37999976208661,38.579689025878906,111852000,0.0,0.0
2018-04-27 00:00:00-04:00,38.5280105743629,38.605536879463116,37.73630808954247,38.13333511352539,142623200,0.0,0.0
2018-04-30 00:00:00-04:00,38.08869410011174,39.293866490425344,38.020563301238745,38.824012756347656,169709600,0.0,0.0
2018-05-01 00:00:00-04:00,39.09417389038745,39.74961815624155,38.826357452714966,39.72612762451172,214277600,0.0,0.0
2018-05-02 00:00:00-04:00,41.166239996519735,41.75825679274042,40.83029624761953,41.48104476928711,266157600,0.0,0.0
2018-05-03 00:00:00-04:00,41.31893094778877,41.69951125552429,40.980635747713265,41.55620574951172,136272800,0.0,0.0
2018-05-04 00:00:00-04:00,41.875718682275796,43.28528004044497,41.85692410066955,43.18661117553711,224805200,0.0,0.0
2018-05-07 00:00:00-04:00,43.503746095720956,44.08871515844912,43.40272928542785,43.49905014038086,169805600,0.0,0.0
2018-05-08 00:00:00-04:00,43.45911943850207,43.748078461393405,43.149014274658285,43.7081413269043,113611200,0.0,0.0
2018-05-09 00:00:00-04:00,43.82560566387086,44.0252913404696,43.51315251551119,44.01589584350586,92844800,0.0,0.0
2018-05-10 00:00:00-04:00,44.10516372024267,44.7230188366596,44.08401758147566,44.64549255371094,111957200,0.0,0.0
2018-05-11 00:00:00-04:00,44.68794436066,44.82236714269352,44.20684358643458,44.47569274902344,104848800,0.1825,0.0
2018-05-14 00:00:00-04:00,44.574741639546346,44.69737566298455,44.303535447743656,44.371925354003906,83115200,0.0,0.0
2018-05-15 00:00:00-04:00,44.048848361857765,44.11724188633787,43.65265100074759,43.968666076660156,94780800,0.0,0.0
2018-05-16 00:00:00-04:00,43.88140178124538,44.445041913162775,43.864891761356354,44.379005432128906,76732400,0.0,0.0
2018-05-17 00:00:00-04:00,44.33655172267472,44.55116036327544,43.949786202651836,44.09836196899414,69176000,0.0,0.0
2018-05-18 00:00:00-04:00,44.145529867217114,44.29174501015402,43.895547745993916,43.93799591064453,73190800,0.0,0.0
2018-05-21 00:00:00-04:00,44.33656652451263,44.636075188940175,44.079509635436224,44.24930953979492,73603200,0.0,0.0
2018-05-22 00:00:00-04:00,44.426170654608676,44.544087019146,44.048836848680494,44.13845443725586,60962800,0.0,0.0
2018-05-23 00:00:00-04:00,43.94743664180622,44.45447564073993,43.80829257733751,44.42145919799805,80233600,0.0,0.0
2018-05-24 00:00:00-04:00,44.518144089130075,44.53465050849423,43.914412894544704,44.371925354003906,92936000,0.0,0.0
2018-05-25 00:00:00-04:00,44.39079237378272,44.725674408100176,44.254008962832486,44.47333526611328,69844000,0.0,0.0
2018-05-29 00:00:00-04:00,44.24223369231623,44.513439966610946,44.070073161376456,44.31298065185547,90056400,0.0,0.0
2018-05-30 00:00:00-04:00,44.27053050353937,44.336563395182296,44.04884711079983,44.21864700317383,74762000,0.0,0.0
2018-05-31 00:00:00-04:00,44.152599802347325,44.39078954154259,43.89790004633062,44.0700569152832,109931200,0.0,0.0
2018-06-01 00:00:00-04:00,44.33421379351031,44.86955171201848,44.27761262039135,44.864837646484375,93770000,0.0,0.0
2018-06-04 00:00:00-04:00,45.19499450955699,45.61477657652399,45.12660458565633,45.239803314208984,105064800,0.0,0.0
2018-06-05 00:00:00-04:00,45.532235292656786,45.73740865401023,45.36479244017438,45.58883285522461,86264000,0.0,0.0
2018-06-06 00:00:00-04:00,45.66429069374203,45.770414697964746,45.26101515946964,45.746829986572266,83734400,0.0,0.0
2018-06-07 00:00:00-04:00,45.78457108970132,45.798720479292754,45.36007140934705,45.62420654296875,85388800,0.0,0.0
2018-06-08 00:00:00-04:00,45.08414969878442,45.27989132749158,44.753985263930446,45.20914077758789,106627200,0.0,0.0
2018-06-11 00:00:00-04:00,45.126603314070564,45.27281848426944,44.85775409225702,45.09830093383789,73234000,0.0,0.0
2018-06-12 00:00:00-04:00,45.13602196658267,45.423738159030144,45.0794208210364,45.34591293334961,67644400,0.0,0.0
2018-06-13 00:00:00-04:00,45.378945065014086,45.487429731871785,44.91199714793704,44.97331237792969,86553600,0.0,0.0
2018-06-14 00:00:00-04:00,45.173761760833635,45.178479423187866,44.860103786934765,44.99688720703125,86440400,0.0,0.0
2018-06-15 00:00:00-04:00,44.81530575592877,44.8459651708129,44.39788070109959,44.534664154052734,246876800,0.0,0.0
2018-06-18 00:00:00-04:00,44.30825775933685,44.62427277739509,44.14788961977815,44.51107406616211,73939600,0.0,0.0
2018-06-19 00:00:00-04:00,43.662085061714585,43.94272667342258,43.26352704834932,43.79179382324219,134314000,0.0,0.0
2018-06-20 00:00:00-04:00,43.94743749853748,44.147893191048695,43.80121873623951,43.982810974121094,82514800,0.0,0.0
2018-06-21 00:00:00-04:00,44.15966866210472,44.419086045589594,43.61489575530754,43.73752975463867,102847600,0.0,0.0
2018-06-22 00:00:00-04:00,43.89318608376804,43.900260777710166,43.55830404259411,43.61018753051758,108801600,0.0,0.0
2018-06-25 00:00:00-04:00,43.25172795844052,43.61019477128706,42.62205490339157,42.96165466308594,126652400,0.0,0.0
2018-06-26 00:00:00-04:00,43.15504036576329,43.989886797653796,43.04891273924521,43.49463653564453,98276800,0.0,0.0
2018-06-27 00:00:00-04:00,43.683300788900816,44.166758662861064,43.400302198797014,43.43096160888672,101141200,0.0,0.0
2018-06-28 00:00:00-04:00,43.41681810764965,43.914425438825695,43.34606755089744,43.74698257446289,69460800,0.0,0.0
2018-06-29 00:00:00-04:00,43.933287364088685,44.145539026947496,43.136175008129875,43.655006408691406,90950800,0.0,0.0
2018-07-02 00:00:00-04:00,43.35077487177182,44.17147177813843,43.25643961910087,44.14316940307617,70925200,0.0,0.0
2018-07-03 00:00:00-04:00,44.28703462064132,44.32476872776422,43.284745340770385,43.37436294555664,55819200,0.0,0.0
2018-07-05 00:00:00-04:00,43.69037223212883,43.96158204295714,43.459257153905625,43.723388671875,66416800,0.0,0.0
2018-07-06 00:00:00-04:00,43.72812007900286,44.43797555593009,43.67623657187615,44.32949447631836,69940800,0.0,0.0
2018-07-09 00:00:00-04:00,44.6902999283178,44.968580807441185,44.64313410456217,44.94499969482422,79026400,0.0,0.0
2018-07-10 00:00:00-04:00,44.97567754487832,45.110100377637,44.85068284280704,44.890777587890625,63756400,0.0,0.0
2018-07-11 00:00:00-04:00,44.454477036854996,44.756342693838846,44.2445860160065,44.30826187133789,75326000,0.0,0.0
2018-07-12 00:00:00-04:00,44.69738684416554,45.14075362545193,44.64550334429064,45.0511360168457,72164400,0.0,0.0
2018-07-13 00:00:00-04:00,45.062925201040784,45.24215680710404,45.02047343207802,45.121883392333984,50055600,0.0,0.0
2018-07-16 00:00:00-04:00,45.16668143015482,45.4331699443,44.90726401087555,45.022823333740234,60172400,0.0,0.0
2018-07-17 00:00:00-04:00,44.749262066777305,45.249226320159714,44.619553341082245,45.150177001953125,62138000,0.0,0.0
2018-07-18 00:00:00-04:00,45.22801158520352,45.23272924852803,44.79171949001588,44.90256118774414,65573600,0.0,0.0
2018-07-19 00:00:00-04:00,44.735120184452185,45.40960207271725,44.735120184452185,45.25159454345703,81147200,0.0,0.0
2018-07-20 00:00:00-04:00,45.228005607044906,45.38129545886398,44.84831472637009,45.147823333740234,82704800,0.0,0.0
2018-07-23 00:00:00-04:00,44.96858946147332,45.27045870835064,44.70445791879335,45.18791580200195,63957600,0.0,0.0
2018-07-24 00:00:00-04:00,45.38600022483851,45.67135936154144,45.29166858875823,45.515708923339844,74791600,0.0,0.0
2018-07-25 00:00:00-04:00,45.52987071139773,45.9520133543751,45.38129492550352,45.94493865966797,66839600,0.0,0.0
2018-07-26 00:00:00-04:00,45.89541045457952,46.213786098393896,45.65957771057542,45.80107879638672,76304000,0.0,0.0
2018-07-27 00:00:00-04:00,45.985040464128744,46.03220630595924,44.8318181785361,45.03934860229492,96096000,0.0,0.0
2018-07-30 00:00:00-04:00,45.25630747638057,45.327058027636596,44.58890389877771,44.78700256347656,84118000,0.0,0.0
2018-07-31 00:00:00-04:00,44.87896661776497,45.31289795197806,44.6525656268372,44.87660598754883,157492000,0.0,0.0
2018-08-01 00:00:00-04:00,46.96138309102007,47.58162086147488,46.53216569994232,47.52030563354492,271742800,0.0,0.0
2018-08-02 00:00:00-04:00,47.303349427383345,49.142846219305454,47.249108884122464,48.90937042236328,249616000,0.0,0.0
2018-08-03 00:00:00-04:00,48.82444891452577,49.22772445882845,48.458907469980886,49.05084991455078,133789600,0.0,0.0
2018-08-06 00:00:00-04:00,49.05321067331347,49.3480016028406,48.8338879490359,49.3055534362793,101701600,0.0,0.0
2018-08-07 00:00:00-04:00,49.36450702270394,49.40695518531018,48.76077223252612,48.84331512451172,102349600,0.0,0.0
2018-08-08 00:00:00-04:00,48.59334416224635,49.00840855209186,48.2325203032362,48.8763427734375,90102000,0.0,0.0
2018-08-09 00:00:00-04:00,49.414035850383826,49.472994037920536,48.86454511071905,49.260746002197266,93970400,0.0,0.0
2018-08-10 00:00:00-04:00,49.07378193457011,49.48557133409341,48.910486075946345,49.114013671875,98444800,0.1825,0.0
2018-08-13 00:00:00-04:00,49.5352718097257,49.92339381288648,49.15424931305655,49.4311408996582,103563600,0.0,0.0
2018-08-14 00:00:00-04:00,49.73644334784153,49.83110585938184,49.28678739016667,49.63941192626953,82992000,0.0,0.0
2018-08-15 00:00:00-04:00,49.51397322522625,49.8736972019481,49.30334610691821,49.755367279052734,115230400,0.0,0.0
2018-08-16 00:00:00-04:00,50.11272194430814,50.60024064494456,50.04645747690956,50.48427963256836,114001600,0.0,0.0
2018-08-17 00:00:00-04:00,50.51266785097654,51.58000223969344,50.446403396443536,51.49243927001953,141708000,0.0,0.0
2018-08-20 00:00:00-04:00,51.61551983641066,51.87110932189364,50.90790551488635,50.99073791503906,121150800,0.0,0.0
2018-08-21 00:00:00-04:00,51.30786204293562,51.4001592504967,50.65231317269027,50.89133834838867,104639200,0.0,0.0
2018-08-22 00:00:00-04:00,50.668869720913406,51.20371962269942,50.60733585559325,50.89369583129883,76072400,0.0,0.0
2018-08-23 00:00:00-04:00,50.799036230072055,51.36702204650788,50.78720612628316,50.997833251953125,75532800,0.0,0.0
2018-08-24 00:00:00-04:00,51.2605335170676,51.3315285950125,50.90790898165346,51.156402587890625,73905600,0.0,0.0
2018-08-27 00:00:00-04:00,51.39067725781233,51.76696910721527,51.19661808777822,51.577640533447266,82100400,0.0,0.0
2018-08-28 00:00:00-04:00,51.83087145672263,52.192960731402756,51.809572937304424,51.99416732788086,91107200,0.0,0.0
2018-08-29 00:00:00-04:00,52.10066463492159,52.89111127993572,51.92553865671049,52.77041244506836,109019200,0.0,0.0
2018-08-30 00:00:00-04:00,52.83431518462097,54.019979815516336,52.63315285368258,53.25556945800781,195175200,0.0,0.0
2018-08-31 00:00:00-04:00,53.605814856654966,54.16433217972294,53.485119647726634,53.87087631225586,173360400,0.0,0.0
2018-09-04 00:00:00-04:00,54.05546240411528,54.23768783869692,53.63420827535133,54.04362869262695,109560400,0.0,0.0
2018-09-05 00:00:00-04:00,54.19273847104645,54.353665430113836,53.272131830936814,53.691017150878906,133332000,0.0,0.0
2018-09-06 00:00:00-04:00,53.539559593731255,53.80462109487018,52.37282820688396,52.7988166809082,137160000,0.0,0.0
2018-09-07 00:00:00-04:00,52.50298926252407,53.33602933601762,52.233197177478694,52.372825622558594,150479200,0.0,0.0
2018-09-10 00:00:00-04:00,52.28998082454722,52.502976806086835,51.22974595728019,51.6699333190918,158066000,0.0,0.0
2018-09-11 00:00:00-04:00,51.59420698255603,53.08279929926548,51.251050959636466,52.97630310058594,142996000,0.0,0.0
2018-09-12 00:00:00-04:00,53.23427779698521,53.24847681301907,52.0273108780994,52.31840515136719,197114800,0.0,0.0
2018-09-13 00:00:00-04:00,52.898217849689914,54.04128551338811,52.67339168395936,53.5821647644043,166825600,0.0,0.0
2018-09-14 00:00:00-04:00,53.425966846149215,53.683925243538226,52.66155646009072,52.97394561767578,127997200,0.0,0.0
2018-09-17 00:00:00-04:00,52.57399260949638,52.763321241890075,51.419094813067105,51.56345748901367,148780400,0.0,0.0
2018-09-18 00:00:00-04:00,51.54215509988807,52.50299727258675,51.38359340924579,51.64865493774414,126286800,0.0,0.0
2018-09-19 00:00:00-04:00,51.71017977938237,51.97523766891005,50.952868944201235,51.679412841796875,108495200,0.0,0.0
2018-09-20 00:00:00-04:00,52.12195814488498,52.60474257107298,51.86399620607935,52.07225799560547,106435200,0.0,0.0
2018-09-21 00:00:00-04:00,52.24975675278797,52.38701988693208,51.4238126496448,51.51137924194336,384986800,0.0,0.0
2018-09-24 00:00:00-04:00,51.31258479229781,52.36335137789285,51.26761884793815,52.25212097167969,110773600,0.0,0.0
2018-09-25 00:00:00-04:00,52.0060110496253,52.73255864837729,51.994177332846085,52.58346176147461,98217600,0.0,0.0
2018-09-26 00:00:00-04:00,52.30182154305388,52.95263606451722,52.00836205881916,52.16455841064453,95938800,0.0,0.0
2018-09-27 00:00:00-04:00,52.969206326478,53.58925394239841,52.90293825002227,53.236629486083984,120724800,0.0,0.0
2018-09-28 00:00:00-04:00,53.198761885137,53.44725543021233,53.016536415071876,53.42359161376953,91717600,0.0,0.0
2018-10-01 00:00:00-04:00,53.94661727059399,54.29450757242446,53.567963640883626,53.783321380615234,94403200,0.0,0.0
2018-10-02 00:00:00-04:00,53.78095239271763,54.43176699813006,53.634224437244896,54.26137161254883,99152800,0.0,0.0
2018-10-03 00:00:00-04:00,54.44361117848009,55.252987609999984,54.37971199381855,54.92166519165039,114619200,0.0,0.0
2018-10-04 00:00:00-04:00,54.616353071097365,54.98791072252861,53.65788007610717,53.95607376098633,128168000,0.0,0.0
2018-10-05 00:00:00-04:00,53.94898929690006,54.055485523559796,52.202438179564524,53.0804443359375,134322000,0.0,0.0
2018-10-08 00:00:00-04:00,52.588185792016155,53.201133924424155,52.112497192021806,52.957374572753906,118655600,0.0,0.0
2018-10-09 00:00:00-04:00,52.92660687302358,53.78568325427967,52.597649837383955,53.691017150878906,107564000,0.0,0.0
2018-10-10 00:00:00-04:00,53.357337879043975,53.56796502679298,51.13036755219829,51.203731536865234,167962400,0.0,0.0
2018-10-11 00:00:00-04:00,50.76827690881467,51.946842063881995,50.24762591104082,50.751708984375,212497600,0.0,0.0
2018-10-12 00:00:00-04:00,52.16457361864242,52.74675854920177,51.317330761268884,52.56452941894531,161351600,0.0,0.0
2018-10-15 00:00:00-04:00,52.33968816048203,52.49824981109706,51.41908157869824,51.44038009643555,123164000,0.0,0.0
2018-10-16 00:00:00-04:00,51.81194478059316,52.772786907940514,51.29839328438548,52.57398986816406,116736000,0.0,0.0
2018-10-17 00:00:00-04:00,52.60947904535247,52.68994251799394,51.90896438476094,52.34678649902344,91541600,0.0,0.0
2018-10-18 00:00:00-04:00,51.55871759140356,52.00363928676678,50.408550519609015,51.12326431274414,130325200,0.0,0.0
2018-10-19 00:00:00-04:00,51.606045917308556,52.363356709270114,51.456949057386716,51.90187072753906,132314800,0.0,0.0
2018-10-22 00:00:00-04:00,52.01547032624564,52.860347780678396,51.81431160695901,52.218997955322266,115168400,0.0,0.0
2018-10-23 00:00:00-04:00,51.07829499747305,52.83431062152317,50.810868215917154,52.711246490478516,155071200,0.0,0.0
2018-10-24 00:00:00-04:00,52.68049345581535,53.06624662457979,50.77301169104636,50.903175354003906,163702000,0.0,0.0
2018-10-25 00:00:00-04:00,51.52321928773726,52.3917605334903,51.2960242350942,52.01783752441406,119423200,0.0,0.0
2018-10-26 00:00:00-04:00,51.09485569116432,52.11012838089742,50.33044545379852,51.18952178955078,189033600,0.0,0.0
2018-10-29 00:00:00-04:00,51.873476442346316,51.99180637497226,48.77323076308927,50.22869110107422,183742000,0.0,0.0
2018-10-30 00:00:00-04:00,49.97072476050618,50.924463645690075,49.52580670807782,50.47954559326172,146640000,0.0,0.0
2018-10-31 00:00:00-04:00,51.3267752031303,52.17164875575806,51.26524134804733,51.79536056518555,153435600,0.0,0.0
2018-11-01 00:00:00-04:00,51.840341976440314,52.623685518956215,51.310222601060566,52.590553283691406,233292800,0.0,0.0
2018-11-02 00:00:00-04:00,49.592075767555244,50.56237905391569,48.617034661599845,49.10218811035156,365314800,0.0,0.0
2018-11-05 00:00:00-05:00,48.349601650275304,48.3709001672699,46.89887580704983,47.708251953125,264654800,0.0,0.0
2018-11-06 00:00:00-05:00,47.78635615026074,48.449004447935366,47.731925396254766,48.224178314208984,127531600,0.0,0.0
2018-11-07 00:00:00-05:00,48.74483182553473,49.712769789684685,48.30937854826853,49.686737060546875,133697600,0.0,0.0
2018-11-08 00:00:00-05:00,49.867233239338084,49.90048108369952,49.10015564345007,49.51338195800781,101450400,0.1825,0.0
2018-11-09 00:00:00-05:00,48.81516253903021,48.924403878426105,48.03145938671116,48.558677673339844,137463200,0.0,0.0
2018-11-12 00:00:00-05:00,47.259635249162585,47.46149946228675,46.02233365648393,46.112579345703125,204542000,0.0,0.0
2018-11-13 00:00:00-05:00,45.50937388984001,46.8274162794372,45.46662459072839,45.65186309814453,187531600,0.0,0.0
2018-11-14 00:00:00-05:00,46.04845796012335,46.18620004766759,44.15569737370678,44.36231231689453,243204000,0.0,0.0
2018-11-15 00:00:00-05:00,44.739915225013526,45.59011416840596,44.38606035126789,45.457122802734375,185915200,0.0,0.0
2018-11-16 00:00:00-05:00,45.241001735605465,46.30256253867102,44.994018333700204,45.9605827331543,147713200,0.0,0.0
2018-11-19 00:00:00-05:00,45.122266527022944,45.28850573158445,43.93246490893677,44.139076232910156,167701200,0.0,0.0
2018-11-20 00:00:00-05:00,42.36030580111065,43.09651261910129,41.68109683232495,42.03020095825195,271300800,0.0,0.0
2018-11-21 00:00:00-05:00,42.68328983761377,42.81153410282051,41.92808729886991,41.98270797729492,124496800,0.0,0.0
2018-11-23 00:00:00-05:00,41.545728433984664,41.939955371122814,40.871270248544576,40.91638946533203,94496000,0.0,0.0
2018-11-26 00:00:00-05:00,41.37949593469791,41.548108696422304,40.434300553403695,41.4697380065918,179994000,0.0,0.0
2018-11-27 00:00:00-05:00,40.73115914826122,41.505364622235895,40.58154566531735,41.37949752807617,165549600,0.0,0.0
2018-11-28 00:00:00-05:00,41.97082618812788,43.05375986988433,41.54335141276549,42.97064208984375,184250000,0.0,0.0
2018-11-29 00:00:00-05:00,43.37912145271232,43.41236929244246,42.201191258179286,42.640541076660156,167080000,0.0,0.0
2018-11-30 00:00:00-05:00,42.81628133855752,42.82578279276526,42.042079512806076,42.41018295288086,158126000,0.0,0.0
2018-12-03 00:00:00-05:00,43.80659488375015,43.92058695583574,43.034766692325256,43.89208984375,163210000,0.0,0.0
2018-12-04 00:00:00-05:00,42.97302165192976,43.31500152005368,41.86159070426997,41.961334228515625,165377200,0.0,0.0
2018-12-06 00:00:00-05:00,40.79051052337254,41.50771778930282,40.47228080475298,41.49346923828125,172393600,0.0,0.0
2018-12-07 00:00:00-05:00,41.2013783567838,41.438863958560475,39.96882750376399,40.01395034790039,169126400,0.0,0.0
2018-12-10 00:00:00-05:00,39.18512963582418,40.39393064398245,38.78852906163199,40.277565002441406,248104000,0.0,0.0
2018-12-11 00:00:00-05:00,40.766780351835095,40.79765101673973,39.6600965485078,40.04719924926758,189126800,0.0,0.0
2018-12-12 00:00:00-05:00,40.4675495230678,40.82852869193123,40.139821820886,40.15882110595703,142510800,0.0,0.0
2018-12-13 00:00:00-05:00,40.488933668613996,40.98290430298967,40.265696556336714,40.598175048828125,127594400,0.0,0.0
2018-12-14 00:00:00-05:00,40.13506061883299,40.1540598989454,39.2516140241877,39.299110412597656,162814800,0.0,0.0
2018-12-17 00:00:00-05:00,39.29199353840662,39.98070398320627,38.64603238784971,38.93339157104492,177151600,0.0,0.0
2018-12-18 00:00:00-05:00,39.275366243130854,39.78595878885459,39.04025421520292,39.439231872558594,135366000,0.0,0.0
2018-12-19 00:00:00-05:00,39.422596570001744,39.7669498514372,37.78157074669709,38.20904541015625,196189200,0.0,0.0
2018-12-20 00:00:00-05:00,38.09268708722474,38.498789039513056,36.88151275562685,37.24486541748047,259092000,0.0,0.0
2018-12-21 00:00:00-05:00,37.25200341607869,37.56073552073609,35.534982987081285,35.79621505737305,382978400,0.0,0.0
2018-12-24 00:00:00-05:00,35.18347023231992,35.9909229885297,34.81299348627547,34.869991302490234,148676800,0.0,0.0
2018-12-26 00:00:00-05:00,35.219118612948485,37.339863486779244,34.843890893788085,37.32561492919922,234330000,0.0,0.0
2018-12-27 00:00:00-05:00,37.00975026203208,37.23061372589875,35.63946113582049,37.083370208740234,212468400,0.0,0.0
2018-12-28 00:00:00-05:00,37.40397891761338,37.64621522429912,36.70339718009544,37.10237121582031,169165600,0.0,0.0
2018-12-31 00:00:00-05:00,37.64859532308761,37.845708823973354,37.16174907379083,37.46098327636719,140014000,0.0,0.0
2019-01-02 00:00:00-05:00,36.784145853458895,37.724590460067255,36.6274044817337,37.503726959228516,148158800,0.0,0.0
2019-01-03 00:00:00-05:00,34.19317547745964,34.60640172363963,33.72295500680148,33.7680778503418,365248800,0.0,0.0
2019-01-04 00:00:00-05:00,34.32380096292475,35.27849429775803,34.15043745176816,35.20962142944336,234428400,0.0,0.0
2019-01-07 00:00:00-05:00,35.314117263459316,35.34499155915994,34.64915668419154,35.13125228881836,219111200,0.0,0.0
2019-01-08 00:00:00-05:00,35.518336908581354,36.055056550079776,35.2713535405517,35.80094528198242,164101200,0.0,0.0
2019-01-09 00:00:00-05:00,35.92919831490206,36.69865303809117,35.53497493470445,36.40892028808594,180396400,0.0,0.0
2019-01-10 00:00:00-05:00,36.21654426234322,36.565648290377936,35.82706812801261,36.52527618408203,143122800,0.0,0.0
2019-01-11 00:00:00-05:00,36.30680246578782,36.50153878834281,35.98144470474648,36.166683197021484,108092800,0.0,0.0
2019-01-14 00:00:00-05:00,35.82470125952503,35.924444768462564,35.437598603803195,35.62283706665039,129756800,0.0,0.0
2019-01-15 00:00:00-05:00,35.68695695839793,36.427910763494,35.634709844065036,36.3519172668457,114843600,0.0,0.0
2019-01-16 00:00:00-05:00,36.35430090299284,37.01926139590715,36.33530161762464,36.796024322509766,122278800,0.0,0.0
2019-01-17 00:00:00-05:00,36.620280311678194,37.441982116151216,36.397043258635236,37.01450729370117,119284800,0.0,0.0
2019-01-18 00:00:00-05:00,37.40397347819809,37.49421914523494,37.04299443379252,37.24248504638672,135004000,0.0,0.0
2019-01-22 00:00:00-05:00,37.145127995415336,37.2211215121317,36.2450554347819,36.40654754638672,121576000,0.0,0.0
2019-01-23 00:00:00-05:00,36.608411731342564,36.84352383088879,36.02657260988264,36.55379104614258,92522400,0.0,0.0
2019-01-24 00:00:00-05:00,36.59890123781676,36.68676973887957,36.03606159804956,36.26404571533203,101766000,0.0,0.0
2019-01-25 00:00:00-05:00,36.92426561509673,37.55360472379612,36.64878503179591,37.46573257446289,134142000,0.0,0.0
2019-01-28 00:00:00-05:00,36.99787570546437,37.12611994377185,36.492033900729126,37.118995666503906,104768400,0.0,0.0
2019-01-29 00:00:00-05:00,37.10712999950282,37.553604147254646,36.59891089197935,36.734275817871094,166348800,0.0,0.0
2019-01-30 00:00:00-05:00,38.76952796047286,39.45823481777731,38.05232036425895,39.24449920654297,244439200,0.0,0.0
2019-01-31 00:00:00-05:00,39.44873274205534,40.13506597381766,39.080629341215584,39.527103424072266,162958400,0.0,0.0
2019-02-01 00:00:00-05:00,39.65059867839811,40.13031699712782,39.405985168485806,39.546104431152344,130672400,0.0,0.0
2019-02-04 00:00:00-05:00,39.757463103861134,40.76677685151774,39.72658881786463,40.66940689086914,125982000,0.0,0.0
2019-02-05 00:00:00-05:00,41.05175909628241,41.578977394234336,40.93064275033117,41.365238189697266,144406400,0.0,0.0
2019-02-06 00:00:00-05:00,41.476863882454516,41.69535385122478,41.049392646908444,41.37949752807617,112958400,0.0,0.0
2019-02-07 00:00:00-05:00,40.942525519836124,41.30825545825531,40.453305649769504,40.59579849243164,126966800,0.0,0.0
2019-02-08 00:00:00-05:00,40.30480305960627,40.70310440951638,40.168853996357676,40.64347839355469,95280000,0.1825,0.0
2019-02-11 00:00:00-05:00,40.796127195647315,40.834288725227694,40.36681908607748,40.40974807739258,83973600,0.0,0.0
2019-02-12 00:00:00-05:00,40.569552249159045,40.784204501347254,40.47414841763224,40.75796890258789,89134000,0.0,0.0
2019-02-13 00:00:00-05:00,40.877229955507104,41.13719862995303,40.52662853099256,40.58863830566406,89960800,0.0,0.0
2019-02-14 00:00:00-05:00,40.476531198600185,40.84620963108841,40.39782441124615,40.73649978637695,87342800,0.0,0.0
2019-02-15 00:00:00-05:00,40.84383289109825,40.95115902339319,40.48607669059228,40.6458740234375,98507200,0.0,0.0
2019-02-19 00:00:00-05:00,40.476537768089266,40.889148896685995,40.42406656800364,40.76750946044922,75891200,0.0,0.0
2019-02-20 00:00:00-05:00,40.82951887269788,41.33753378782997,40.781818778905716,41.02986145019531,104457600,0.0,0.0
2019-02-21 00:00:00-05:00,40.9750096836761,41.11095514343004,40.61725349372424,40.79851531982422,68998800,0.0,0.0
2019-02-22 00:00:00-05:00,40.922542033388446,41.26121748586465,40.874841931781916,41.25406265258789,75652800,0.0,0.0
2019-02-25 00:00:00-05:00,41.537879662607395,41.945719682081254,41.48779219461515,41.55457305908203,87493600,0.0,0.0
2019-02-26 00:00:00-05:00,41.430558762837144,41.809779499488094,41.30176447990518,41.57843017578125,68280800,0.0,0.0
2019-02-27 00:00:00-05:00,41.311307838567444,41.73822869074752,41.19682321958781,41.70722198486328,111341600,0.0,0.0
2019-02-28 00:00:00-05:00,41.57604632138093,41.71676290033313,41.24213831860219,41.296993255615234,112861600,0.0,0.0
2019-03-01 00:00:00-05:00,41.56650302616348,41.77400047236852,41.234982402793754,41.73107147216797,103544800,0.0,0.0
2019-03-04 00:00:00-05:00,41.90279457840128,42.394112543739396,41.4925671504077,41.940956115722656,109744800,0.0,0.0
2019-03-05 00:00:00-05:00,41.9624192242437,41.97672889044358,41.62851124268091,41.86463165283203,78949600,0.0,0.0
2019-03-06 00:00:00-05:00,41.65951913111731,41.85509427950601,41.4854121219237,41.62374496459961,83241600,0.0,0.0
2019-03-07 00:00:00-05:00,41.46871346445025,41.60466257047475,41.027482991072056,41.141963958740234,99185600,0.0,0.0
2019-03-08 00:00:00-05:00,40.622010056193275,41.277896169689505,40.42643499549499,41.2397346496582,95997600,0.0,0.0
2019-03-11 00:00:00-04:00,41.85509203085361,42.72085956762917,41.82170159746949,42.66838836669922,128044000,0.0,0.0
2019-03-12 00:00:00-04:00,42.93074174869042,43.56754731458191,42.7804829879991,43.14778137207031,129870400,0.0,0.0
2019-03-13 00:00:00-04:00,43.46737934842093,43.71780942231808,43.15016840672244,43.33858871459961,124130000,0.0,0.0
2019-03-14 00:00:00-04:00,43.86091499226116,43.908618737237624,43.54132028091361,43.820369720458984,94318000,0.0,0.0
2019-03-15 00:00:00-04:00,44.08749085728255,44.67898009371108,43.82275112158004,44.39038848876953,156171600,0.0,0.0
2019-03-18 00:00:00-04:00,44.31406458834656,44.931789362919865,44.311677218092875,44.843544006347656,104879200,0.0,0.0
2019-03-19 00:00:00-04:00,44.92224984377744,45.074892326124115,44.34268297347357,44.4881706237793,126585600,0.0,0.0
2019-03-20 00:00:00-04:00,44.41661922842223,45.19414495340022,44.05886306469387,44.87693405151367,124140800,0.0,0.0
2019-03-21 00:00:00-04:00,45.32054841838831,46.82550865122841,45.27046095796305,46.529762268066406,204136800,0.0,0.0
2019-03-22 00:00:00-04:00,46.58939664841029,47.14988281885893,45.501818379976086,45.56621551513672,169630800,0.0,0.0
2019-03-25 00:00:00-04:00,45.6759317859226,45.788029035736734,44.50487908991449,45.01527786254883,175381200,0.0,0.0
2019-03-26 00:00:00-04:00,45.71169595103682,46.00267123954299,44.023086513229856,44.55017852783203,199202000,0.0,0.0
2019-03-27 00:00:00-04:00,45.017659015210214,45.258546900327964,44.4929506048766,44.95087814331055,119393600,0.0,0.0
2019-03-28 00:00:00-04:00,45.065356795101245,45.210844466944145,44.72668135098658,45.010501861572266,83121600,0.0,0.0
2019-03-29 00:00:00-04:00,45.275244191354744,45.33487023011922,44.96757179333069,45.303863525390625,94256000,0.0,0.0
2019-04-01 00:00:00-04:00,45.70693049851085,45.71646906225277,44.92940835895731,45.61153030395508,111448000,0.0,0.0
2019-04-02 00:00:00-04:00,45.575751499796354,46.37951286036313,45.56621293626409,46.27457046508789,91062800,0.0,0.0
2019-04-03 00:00:00-04:00,46.09091773138408,46.86605606321849,46.06706586546028,46.59177780151367,93087200,0.0,0.0
2019-04-04 00:00:00-04:00,46.45821854703762,46.835055514550795,46.06468818261306,46.672874450683594,76457200,0.0,0.0
2019-04-05 00:00:00-04:00,46.854127808619374,47.00915765087475,46.7301046626718,46.98530578613281,74106400,0.0,0.0
2019-04-08 00:00:00-04:00,46.84697345649762,47.755673467497736,46.82789269236552,47.72467041015625,103526800,0.0,0.0
2019-04-09 00:00:00-04:00,47.77715244831723,48.38056764876141,47.51718016237022,47.58157730102539,143072800,0.0,0.0
2019-04-10 00:00:00-04:00,47.38599528748367,47.87731681584689,47.26674323132718,47.84869384765625,86781200,0.0,0.0
2019-04-11 00:00:00-04:00,47.903557536883895,47.93933170184318,47.328761691309175,47.45039749145508,83603200,0.0,0.0
2019-04-12 00:00:00-04:00,47.51001553529511,47.7342099694247,46.796890612294,47.43130874633789,111042800,0.0,0.0
2019-04-15 00:00:00-04:00,47.362151350453125,47.66505261953051,47.22620224726255,47.51717758178711,70146400,0.0,0.0
2019-04-16 00:00:00-04:00,47.57203341989984,48.02757352365968,47.357377528133505,47.52194595336914,102785600,0.0,0.0
2019-04-17 00:00:00-04:00,47.59110188790217,48.50696030875644,47.369294843313156,48.44733428955078,115627200,0.0,0.0
2019-04-18 00:00:00-04:00,48.44495416346428,48.69061310818153,48.30185387954341,48.6214485168457,96783200,0.0,0.0
2019-04-22 00:00:00-04:00,48.375793702017404,48.87903756789539,48.25892536678017,48.78125,77758000,0.0,0.0
2019-04-23 00:00:00-04:00,48.757402002269444,49.54923753304765,48.63099509296689,49.484840393066406,93292000,0.0,0.0
2019-04-24 00:00:00-04:00,49.4562313013429,49.72335484208828,49.38229558126412,49.408531188964844,70162400,0.0,0.0
2019-04-25 00:00:00-04:00,49.329810923117755,49.55161802291001,48.921967248962424,48.96012878417969,74172800,0.0,0.0
2019-04-26 00:00:00-04:00,48.86949112233834,48.89334298926619,48.20644998172418,48.72639083862305,74596400,0.0,0.0
2019-04-29 00:00:00-04:00,48.75024745696415,49.12470072433398,48.621456815525065,48.80033493041992,88818800,0.0,0.0
2019-04-30 00:00:00-04:00,48.43064712012503,48.51173764933064,47.48855655267741,47.86062240600586,186139600,0.0,0.0
2019-05-01 00:00:00-04:00,50.05724976982913,51.352325495464314,49.90221989618125,50.20989227294922,259309200,0.0,0.0
2019-05-02 00:00:00-04:00,50.04770517932468,50.71790119448601,49.63986515980281,49.88313674926758,127985200,0.0,0.0
2019-05-03 00:00:00-04:00,50.29813642228416,50.5247146205948,50.14072282120273,50.50325012207031,83569600,0.0,0.0
2019-05-06 00:00:00-04:00,48.723994998277156,49.80918924773549,48.535578383723276,49.72332763671875,129772400,0.0,0.0
2019-05-07 00:00:00-04:00,49.10322560559148,49.47052032079765,47.898779164566115,48.38294219970703,155054800,0.0,0.0
2019-05-08 00:00:00-04:00,48.153986237910765,48.9744410929356,48.11821207126675,48.39249038696289,105358000,0.0,0.0
2019-05-09 00:00:00-04:00,47.79623551042037,48.10152056516905,46.904232219536055,47.87255859375,139634400,0.0,0.0
2019-05-10 00:00:00-04:00,47.266798052719025,47.609174189301086,46.15348468786217,47.20933532714844,164834800,0.1925,0.0
2019-05-13 00:00:00-04:00,44.942024719152,45.36580015551606,43.778430559260165,44.465572357177734,229722400,0.0,0.0
2019-05-14 00:00:00-04:00,44.63077462238211,45.41847349035006,44.39135198547642,45.16947555541992,146118800,0.0,0.0
2019-05-15 00:00:00-04:00,44.597242555602286,45.90927719917939,44.537386913882365,45.71055603027344,106178800,0.0,0.0
2019-05-16 00:00:00-04:00,45.468743789558665,46.08166501987308,45.21255987117796,45.50944519042969,132125600,0.0,0.0
2019-05-17 00:00:00-04:00,44.75527077928806,45.70577891917145,44.71456937030482,45.250877380371094,131516400,0.0,0.0
2019-05-20 00:00:00-04:00,43.93883006731114,44.13755123427518,43.16309964301399,43.83587646484375,154449200,0.0,0.0
2019-05-21 00:00:00-04:00,44.345853734052945,45.011448261831,44.2213529606178,44.6762580871582,113459200,0.0,0.0
2019-05-22 00:00:00-04:00,44.211781030181115,44.46317550697471,43.70659916562799,43.76166534423828,118994400,0.0,0.0
2019-05-23 00:00:00-04:00,43.0481788953211,43.22534925933381,42.57172666496303,43.0146598815918,146118800,0.0,0.0
2019-05-24 00:00:00-04:00,43.143957042131575,43.608437527210064,42.76566884967899,42.84946823120117,94858800,0.0,0.0
2019-05-28 00:00:00-04:00,42.83748915813703,43.237324443115924,42.595673658588964,42.67228698730469,111792800,0.0,0.0
2019-05-29 00:00:00-04:00,42.23892942786569,42.94043945879135,42.138372386702336,42.46877670288086,113924800,0.0,0.0
2019-05-30 00:00:00-04:00,42.60524939880032,42.91171002345526,42.29878877414538,42.689048767089844,84873600,0.0,0.0
2019-05-31 00:00:00-04:00,42.193441689682246,42.614827782966735,41.89656001846683,41.915714263916016,108174400,0.0,0.0
2019-06-03 00:00:00-04:00,42.042608419661796,42.59806693078556,40.76648557188118,41.49193572998047,161584400,0.0,0.0
2019-06-04 00:00:00-04:00,42.00430204941067,43.05536713031265,41.78403369307506,43.0098762512207,123872000,0.0,0.0
2019-06-05 00:00:00-04:00,44.12079739285381,44.290789049992995,43.36901055867717,43.704200744628906,119093600,0.0,0.0
2019-06-06 00:00:00-04:00,43.8334914782854,44.4057113648459,43.61082655329625,44.345855712890625,90105200,0.0,0.0
2019-06-07 00:00:00-04:00,44.65471631575565,45.94999370524611,44.477545896123075,45.526214599609375,122737600,0.0,0.0
2019-06-10 00:00:00-04:00,45.92364909565006,46.77599298149099,45.87815821635535,46.10800552368164,104883600,0.0,0.0
2019-06-11 00:00:00-04:00,46.65389004356182,46.92683167348995,46.35221886941992,46.64191818237305,107731600,0.0,0.0
2019-06-12 00:00:00-04:00,46.436014126524086,46.919648817978434,46.30193805046919,46.49347686767578,73012800,0.0,0.0
2019-06-13 00:00:00-04:00,46.61558132869754,47.11597370565027,46.352218650285145,46.4838981628418,86698400,0.0,0.0
2019-06-14 00:00:00-04:00,45.86139923834012,46.349819729325915,45.56212099174863,46.14631271362305,75046000,0.0,0.0
2019-06-17 00:00:00-04:00,46.18460884696114,46.67782237314511,46.009831406820645,46.42163848876953,58676400,0.0,0.0
2019-06-18 00:00:00-04:00,46.9388034867993,47.95395301650747,46.73768937090985,47.5134162902832,106204000,0.0,0.0
2019-06-19 00:00:00-04:00,47.80790034833085,47.85578778829949,47.240469987030195,47.37454605102539,84496800,0.0,0.0
2019-06-20 00:00:00-04:00,47.9731017236882,48.03056445872031,47.41285375699523,47.75522994995117,86056000,0.0,0.0
2019-06-21 00:00:00-04:00,47.59722340535266,48.08804056701421,47.44159649134794,47.59243392944336,191202400,0.0,0.0
2019-06-24 00:00:00-04:00,47.53496526934287,47.92283239718668,47.446380069181274,47.5445442199707,72881600,0.0,0.0
2019-06-25 00:00:00-04:00,47.50861662405423,47.70733778640023,46.75682993500105,46.82387161254883,84281200,0.0,0.0
2019-06-26 00:00:00-04:00,47.35060423423424,48.12154522701095,47.250047189954486,47.836631774902344,104270000,0.0,0.0
2019-06-27 00:00:00-04:00,47.953952766753574,48.26041706742118,47.78157184924549,47.82227325439453,83598800,0.0,0.0
2019-06-28 00:00:00-04:00,47.568480245909996,47.764808530798014,47.17822389353572,47.38652038574219,124442400,0.0,0.0
2019-07-01 00:00:00-04:00,48.64349781950536,48.95953746106687,48.04015173771496,48.25563430786133,109012000,0.0,0.0
2019-07-02 00:00:00-04:00,48.22212238196815,48.633929679787514,48.2101505174257,48.53815841674805,67740800,0.0,0.0
2019-07-03 00:00:00-04:00,48.6698275650695,48.94755866772957,48.528569102842056,48.94037628173828,45448000,0.0,0.0
2019-07-05 00:00:00-04:00,48.68658462459811,49.100784678008225,48.578841537594826,48.897274017333984,69062000,0.0,0.0
2019-07-08 00:00:00-04:00,48.07845883336478,48.21971731146836,47.503845969686104,47.88931655883789,101354400,0.0,0.0
2019-07-09 00:00:00-04:00,47.69297997634442,48.24604558375023,47.59960531085121,48.18140411376953,82312000,0.0,0.0
2019-07-10 00:00:00-04:00,48.32745148133247,48.77756346841761,48.25801688405682,48.65785217285156,71588400,0.0,0.0
2019-07-11 00:00:00-04:00,48.67701126809106,48.93558813067086,48.29393727609442,48.30351257324219,80767200,0.0,0.0
2019-07-12 00:00:00-04:00,48.47110328699509,48.84220903730102,48.41124763866507,48.67461395263672,70380800,0.0,0.0
2019-07-15 00:00:00-04:00,48.86375644132579,49.28992836732956,48.84220928460961,49.13191223144531,67789600,0.0,0.0
2019-07-16 00:00:00-04:00,48.983484114603364,49.3474076028821,48.72251427610812,48.961936950683594,67467200,0.0,0.0
2019-07-17 00:00:00-04:00,48.854191036192866,49.103188977468086,48.66744166691155,48.68659591674805,56430000,0.0,0.0
2019-07-18 00:00:00-04:00,48.8422197019261,49.29233544470562,48.770392177586864,49.239662170410156,74162400,0.0,0.0
2019-07-19 00:00:00-04:00,49.27077112361806,49.44076276284486,48.44955342792026,48.50461959838867,83717200,0.0,0.0
2019-07-22 00:00:00-04:00,48.75841111322735,49.615544461109494,48.74883581666229,49.61315155029297,89111600,0.0,0.0
2019-07-23 00:00:00-04:00,49.91003660607573,50.017776044989866,49.62990895028045,50.001014709472656,73420800,0.0,0.0
2019-07-24 00:00:00-04:00,49.72088170455041,50.075226064068076,49.60117042669866,49.960304260253906,59966400,0.0,0.0
2019-07-25 00:00:00-04:00,50.01299627768614,50.09679566493992,49.495842486559184,49.565277099609375,55638400,0.0,0.0
2019-07-26 00:00:00-04:00,49.67539961135831,50.214100456871776,49.59399680482801,49.73765182495117,70475600,0.0,0.0
2019-07-29 00:00:00-04:00,49.910033358512514,50.4319728369032,49.90524388391939,50.202125549316406,86693600,0.0,0.0
2019-07-30 00:00:00-04:00,49.981866713461145,50.31706058603145,49.634704632080684,49.986656188964844,135742800,0.0,0.0
2019-07-31 00:00:00-04:00,51.81584527199262,53.0009865627098,50.590002572472564,51.006595611572266,277125600,0.0,0.0
2019-08-01 00:00:00-04:00,51.21249694274107,52.20131353212769,49.4982337605151,49.902854919433594,216071600,0.0,0.0
2019-08-02 00:00:00-04:00,49.20853077764251,49.42400967424095,48.274784021316925,48.84700393676758,163448400,0.0,0.0
2019-08-05 00:00:00-04:00,47.403280006312706,47.56129613952905,46.108002914969816,46.28996276855469,209572000,0.0,0.0
2019-08-06 00:00:00-04:00,47.00104995792599,47.422436071467594,46.45755963373709,47.16625213623047,143299200,0.0,0.0
2019-08-07 00:00:00-04:00,46.78557668796127,47.77917913440648,46.404895585633525,47.65467834472656,133457600,0.0,0.0
2019-08-08 00:00:00-04:00,47.932407841865114,48.72968560566816,47.73847610399667,48.70574188232422,108038000,0.0,0.0
2019-08-09 00:00:00-04:00,48.37888091759197,48.72976393634565,47.895810765479915,48.304378509521484,98478800,0.1925,0.0
2019-08-12 00:00:00-04:00,47.97513018657987,48.559139553712626,47.862173717775995,48.18181610107422,89927600,0.0,0.0
2019-08-13 00:00:00-04:00,48.311603087933506,50.98409726275787,48.18182158394449,50.22224426269531,188874000,0.0,0.0
2019-08-14 00:00:00-04:00,48.825904511255764,49.61419405795877,48.68891335806939,48.72736740112305,146189600,0.0,0.0
2019-08-15 00:00:00-04:00,48.89800620511257,49.301762666206294,47.98714483073128,48.48463439941406,108909600,0.0,0.0
2019-08-16 00:00:00-04:00,49.095082146205236,49.78724034646014,48.989335347035194,49.62862014770508,110481600,0.0,0.0
2019-08-19 00:00:00-04:00,50.618781114962545,51.12588234715276,50.476985956959155,50.55389404296875,97654400,0.0,0.0
2019-08-20 00:00:00-04:00,50.68127493565582,51.27489599056535,50.546689438817666,50.55630111694336,107537200,0.0,0.0
2019-08-21 00:00:00-04:00,51.18837344081834,51.34698995795277,50.85431171958834,51.10425567626953,86141600,0.0,0.0
2019-08-22 00:00:00-04:00,51.23643471626912,51.53685003904177,50.65002341946824,51.06099319458008,89014800,0.0,0.0
2019-08-23 00:00:00-04:00,50.33278212314745,50.96245512141073,48.30678298506462,48.700927734375,187272000,0.0,0.0
2019-08-26 00:00:00-04:00,49.47480636916046,49.79444876140259,49.282539799826424,49.626216888427734,104174400,0.0,0.0
2019-08-27 00:00:00-04:00,49.9554748597441,50.121304742904,48.91483550162449,49.066246032714844,103493200,0.0,0.0
2019-08-28 00:00:00-04:00,49.0518153700021,49.441152454824554,48.86435650196321,49.39548873901367,63755200,0.0,0.0
2019-08-29 00:00:00-04:00,50.10928913577256,50.30636340005424,49.66707854342665,50.23185729980469,83962000,0.0,0.0
2019-08-30 00:00:00-04:00,50.50822538767908,50.57792012503005,49.79684033035191,50.166954040527344,84573600,0.0,0.0
2019-09-03 00:00:00-04:00,49.611789494397975,49.74397297835489,49.08065722319765,49.43634796142578,80092000,0.0,0.0
2019-09-04 00:00:00-04:00,50.08284558735108,50.344806902391355,49.82569194490394,50.27511215209961,76752400,0.0,0.0
2019-09-05 00:00:00-04:00,50.950450645100226,51.42390559777108,50.83268649087719,51.25807571411133,95654800,0.0,0.0
2019-09-06 00:00:00-04:00,51.44312995297315,51.53205173117485,51.07301615444194,51.253265380859375,77449200,0.0,0.0
2019-09-09 00:00:00-04:00,51.63299563629595,52.017528821778505,50.72694541468984,51.47197341918945,109237600,0.0,0.0
2019-09-10 00:00:00-04:00,51.39746283359591,52.09923266869462,50.88074988553813,52.08000564575195,127111600,0.0,0.0
2019-09-11 00:00:00-04:00,52.40926915409926,53.76474325009253,52.32755338078154,53.73590087890625,177158400,0.0,0.0
2019-09-12 00:00:00-04:00,54.02669243174888,54.41602951693154,53.56044726361797,53.61572265625,128906800,0.0,0.0
2019-09-13 00:00:00-04:00,52.87310442243304,53.06296532020904,52.15691521661223,52.572689056396484,159053200,0.0,0.0
2019-09-16 00:00:00-04:00,52.32754329567108,52.904342934889065,52.286687250476454,52.849063873291016,84632400,0.0,0.0
2019-09-17 00:00:00-04:00,52.86349631256455,53.070182245036186,52.661614385904336,53.04133987426758,73274800,0.0,0.0
2019-09-18 00:00:00-04:00,53.12784858296348,53.558045380154766,52.73851149691622,53.538818359375,101360000,0.0,0.0
2019-09-19 00:00:00-04:00,53.356166754377384,53.77674823327691,52.962021972267294,53.10382080078125,88242400,0.0,0.0
2019-09-20 00:00:00-04:00,53.204767926646866,53.48835829201576,52.26506771503566,52.327552795410156,221652400,0.0,0.0
2019-09-23 00:00:00-04:00,52.620754678997145,52.83465027251121,52.30832196549194,52.56547927856445,76662000,0.0,0.0
2019-09-24 00:00:00-04:00,53.12064347326149,53.471530215080406,52.19776839960509,52.315528869628906,124763200,0.0,0.0
2019-09-25 00:00:00-04:00,52.52461681555622,53.2335962580172,52.1857474445808,53.12063980102539,87613600,0.0,0.0
2019-09-26 00:00:00-04:00,52.87310494256668,53.09901788679732,52.591916597251874,52.8466682434082,75334000,0.0,0.0
2019-09-27 00:00:00-04:00,53.002880023860584,53.10382280973313,52.21939810228417,52.58951187133789,101408000,0.0,0.0
2019-09-30 00:00:00-04:00,53.089402821067836,53.9738275789729,53.062966121770074,53.82722473144531,103909600,0.0,0.0
2019-10-01 00:00:00-04:00,54.091581297678886,54.84862641872618,53.88248974638139,53.976219177246094,139223200,0.0,0.0
2019-10-02 00:00:00-04:00,53.60851764627017,53.73349145834526,52.37561187967944,52.6231575012207,138449200,0.0,0.0
2019-10-03 00:00:00-04:00,52.49577750833809,53.10382154299348,51.70268392792921,53.07017517089844,114426000,0.0,0.0
2019-10-04 00:00:00-04:00,54.2285843362646,54.67320059348173,53.80800277783008,54.557838439941406,138478800,0.0,0.0
2019-10-07 00:00:00-04:00,54.3799862186076,55.25959957952468,54.27664143090137,54.569847106933594,122306000,0.0,0.0
2019-10-08 00:00:00-04:00,54.27183612343445,54.81017807266463,53.91373971335013,53.93056106567383,111820000,0.0,0.0
2019-10-09 00:00:00-04:00,54.5626335144043,54.74528471456468,54.22857181467111,54.5626335144043,74770400,0.0,0.0
2019-10-10 00:00:00-04:00,54.77892757578947,55.38216386580803,54.627520753094714,55.29804611206055,113013600,0.0,0.0
2019-10-11 00:00:00-04:00,55.985408550575364,57.11256762430423,55.83159602526527,56.76889419555664,166795600,0.0,0.0
2019-10-14 00:00:00-04:00,56.454045539346986,57.23032136758356,56.39877014720684,56.68716812133789,96427600,0.0,0.0
2019-10-15 00:00:00-04:00,56.812150134970125,57.11496750151027,56.449249695667106,56.554996490478516,87360000,0.0,0.0
2019-10-16 00:00:00-04:00,56.08633553766423,56.53575933506916,56.04547949556907,56.32666778564453,73903200,0.0,0.0
2019-10-17 00:00:00-04:00,56.49971210622329,56.754463724015515,56.12239235171388,56.54537582397461,67585200,0.0,0.0
2019-10-18 00:00:00-04:00,56.37954526837045,57.098140062206895,56.307444855303956,56.816951751708984,97433600,0.0,0.0
2019-10-21 00:00:00-04:00,57.08372359535983,57.91767689190389,57.03565787328163,57.80231475830078,87247200,0.0,0.0
2019-10-22 00:00:00-04:00,57.95853350048938,58.208477458025,57.58841973582485,57.670135498046875,82293600,0.0,0.0
2019-10-23 00:00:00-04:00,58.184448414812785,58.458427076554564,57.97295482779117,58.44400405883789,75828800,0.0,0.0
2019-10-24 00:00:00-04:00,58.76365316728542,58.83335159243042,58.114756648600185,58.54014587402344,69275200,0.0,0.0
2019-10-25 00:00:00-04:00,58.439206652670734,59.297191111126104,58.371913897779336,59.26114273071289,73477200,0.0,0.0
2019-10-28 00:00:00-04:00,59.463020188987706,59.902828759965004,59.29478830404067,59.85476303100586,96572800,0.0,0.0
2019-10-29 00:00:00-04:00,59.835529194446124,60.02298808307294,58.29740403976976,58.47043991088867,142839600,0.0,0.0
2019-10-30 00:00:00-04:00,58.823720882909704,58.953502353059164,57.970544319100384,58.46322250366211,124522000,0.0,0.0
2019-10-31 00:00:00-04:00,59.4197508487146,59.883590362494004,57.02123219032763,59.78505325317383,139162000,0.0,0.0
2019-11-01 00:00:00-04:00,59.97252128655309,61.50824455627897,59.88119750508098,61.4818115234375,151125200,0.0,0.0
2019-11-04 00:00:00-05:00,61.844691744948584,61.96966920303615,61.37604828019382,61.88555145263672,103272000,0.0,0.0
2019-11-05 00:00:00-05:00,61.777419240231836,62.051401602500036,61.6019813425593,61.79664993286133,79897600,0.0,0.0
2019-11-06 00:00:00-05:00,61.71011025859934,61.883149774964124,61.37364656965626,61.82306671142578,75864400,0.0,0.0
2019-11-07 00:00:00-05:00,62.3702514386886,62.75835184206119,62.218386383298345,62.53657913208008,94940400,0.1925,0.0
2019-11-08 00:00:00-05:00,62.35821740841793,62.78006162131691,61.914679233049654,62.70774841308594,69986400,0.0,0.0
2019-11-11 00:00:00-05:00,62.264206908852415,63.26940470655906,62.25938848011843,63.204322814941406,81821200,0.0,0.0
2019-11-12 00:00:00-05:00,63.04762091279184,63.34653263881731,62.89576319221143,63.146453857421875,87388800,0.0,0.0
2019-11-13 00:00:00-05:00,62.94639919439951,63.82624436182228,62.93193655049298,63.75151824951172,102734400,0.0,0.0
2019-11-14 00:00:00-05:00,63.57795289999475,63.85034492735481,63.180215519005316,63.310386657714844,89182800,0.0,0.0
2019-11-15 00:00:00-05:00,63.56105824716516,64.067272650884,63.39955633590938,64.06245422363281,100206400,0.0,0.0
2019-11-18 00:00:00-05:00,64.07209319455887,64.46501204164511,63.69364434245913,64.38546752929688,86703200,0.0,0.0
2019-11-19 00:00:00-05:00,64.5783168124191,64.60242366565966,63.97327672744023,64.19022369384766,76167200,0.0,0.0
2019-11-20 00:00:00-05:00,64.00943296128311,64.13959672655233,62.77041280435066,63.442955017089844,106234400,0.0,0.0
2019-11-21 00:00:00-05:00,63.56347307886726,63.64061205550533,62.95842572520261,63.158504486083984,121395200,0.0,0.0
2019-11-22 00:00:00-05:00,63.29832231296636,63.44054318535335,62.87647812395486,63.10306930541992,65325200,0.0,0.0
2019-11-25 00:00:00-05:00,63.327267906674514,64.22640160051589,63.281467077238176,64.20952606201172,84020400,0.0,0.0
2019-11-26 00:00:00-05:00,64.34691346636443,64.39994560610221,63.276633814477755,63.70812225341797,105207600,0.0,0.0
2019-11-27 00:00:00-05:00,64.01908157822496,64.59761673344,63.953999683634294,64.5638656616211,65235600,0.0,0.0
2019-11-29 00:00:00-05:00,64.26493974297915,64.60241356645375,64.09619915305304,64.42162322998047,46617600,0.0,0.0
2019-12-02 00:00:00-05:00,64.4264661607481,64.66270160521697,63.50564595427411,63.67679214477539,94487200,0.0,0.0
2019-12-03 00:00:00-05:00,62.26662267779835,62.560708684511056,61.77969652350162,62.54142761230469,114430400,0.0,0.0
2019-12-04 00:00:00-05:00,62.93193522248252,63.47189353394653,62.83792068269356,63.09343719482422,67181600,0.0,0.0
2019-12-05 00:00:00-05:00,63.587615157422356,64.09382985704336,63.332098592577985,64.01909637451172,74424400,0.0,0.0
2019-12-06 00:00:00-05:00,64.4770846926847,65.32559157331079,64.43368941001637,65.25568389892578,106075600,0.0,0.0
2019-12-09 00:00:00-05:00,65.08455244908355,65.27739262489872,63.857588991235076,64.34210968017578,128042400,0.0,0.0
2019-12-10 00:00:00-05:00,64.74707256593162,65.10142205791261,64.08657994334212,64.71814727783203,90420400,0.0,0.0
2019-12-11 00:00:00-05:00,64.79766301561628,65.34967820606464,64.72293693578348,65.27012634277344,78756800,0.0,0.0
2019-12-12 00:00:00-05:00,64.54939371100679,65.70163071358168,64.4385110100101,65.43647003173828,137310400,0.0,0.0
2019-12-13 00:00:00-05:00,65.43646152513958,66.36210722075081,65.30870330727501,66.3259506225586,133587600,0.0,0.0
2019-12-16 00:00:00-05:00,66.77190101970982,67.68549695987365,66.76708259212,67.46131134033203,128186000,0.0,0.0
2019-12-17 00:00:00-05:00,67.39144108135922,67.92175525140861,67.20582486891783,67.59392547607422,114158400,0.0,0.0
2019-12-18 00:00:00-05:00,67.44688146941614,67.95309615464934,67.28296657519026,67.43241882324219,116028400,0.0,0.0
2019-12-19 00:00:00-05:00,67.37451737988239,67.77948587981977,67.24194077123805,67.49986267089844,98369200,0.0,0.0
2019-12-20 00:00:00-05:00,68.0326267960508,68.13386528761846,67.14795598094871,67.3600845336914,275978000,0.0,0.0
2019-12-23 00:00:00-05:00,67.62283998023321,68.5195606460034,67.58427047933793,68.45929718017578,98572000,0.0,0.0
2019-12-24 00:00:00-05:00,68.62561412958978,68.6738278372129,68.19895150700309,68.52436828613281,48478800,0.0,0.0
2019-12-26 00:00:00-05:00,68.65694062384628,69.90077903385306,68.62801534674483,69.88390350341797,93121200,0.0,0.0
2019-12-27 00:00:00-05:00,70.17559181703608,70.86259672343512,69.45243030638008,69.8573989868164,146266000,0.0,0.0
2019-12-30 00:00:00-05:00,69.77542534439749,70.55403170483157,68.75335966764395,70.2719955444336,144114400,0.0,0.0
2019-12-31 00:00:00-05:00,69.88871068051827,70.79266222631443,69.78987776207937,70.78543090820312,100805600,0.0,0.0
2020-01-02 00:00:00-05:00,71.40977771923563,72.46077614730521,71.15667416341765,72.4005126953125,135480400,0.0,0.0
2020-01-03 00:00:00-05:00,71.62912236880935,72.4559349891833,71.47243889814949,71.69661712646484,146322800,0.0,0.0
2020-01-06 00:00:00-05:00,70.81920068576198,72.30649856939735,70.5685026643333,72.26792907714844,118387200,0.0,0.0
2020-01-07 00:00:00-05:00,72.27758611058375,72.53310260522755,71.70870255084994,71.92806243896484,108872000,0.0,0.0
2020-01-08 00:00:00-05:00,71.63155170295238,73.38642316119072,71.63155170295238,73.0851058959961,132079200,0.0,0.0
2020-01-09 00:00:00-05:00,74.06137477592067,74.83033706552648,73.81068409472688,74.63749694824219,170108400,0.0,0.0
2020-01-10 00:00:00-05:00,74.87132551313572,75.370308736383,74.30484750773756,74.80623626708984,140644800,0.0,0.0
2020-01-13 00:00:00-05:00,75.12201067519445,76.43093105955663,75.00388930942306,76.40441131591797,121532000,0.0,0.0
2020-01-14 00:00:00-05:00,76.34175230410106,76.5514679630278,75.24977872842311,75.37271118164062,161954400,0.0,0.0
2020-01-15 00:00:00-05:00,75.17265296599935,76.05249814521463,74.61822463542303,75.04971313476562,121923600,0.0,0.0
2020-01-16 00:00:00-05:00,75.59208495900991,76.10071246852102,75.23050414086309,75.98982238769531,108829200,0.0,0.0
2020-01-17 00:00:00-05:00,76.23807238178088,76.83347548162705,75.93193674542053,76.83106994628906,137816400,0.0,0.0
2020-01-21 00:00:00-05:00,76.45986173724447,76.90098699093934,76.1730071029982,76.31040954589844,110843200,0.0,0.0
2020-01-22 00:00:00-05:00,76.79493830286927,77.1348251407198,76.48880253772091,76.58281707763672,101832400,0.0,0.0
2020-01-23 00:00:00-05:00,76.6358420591075,77.03116654175618,76.0886451198764,76.95162200927734,104472000,0.0,0.0
2020-01-24 00:00:00-05:00,77.1975035046655,77.93994620320352,76.53942377731238,76.7298583984375,146537600,0.0,0.0
2020-01-27 00:00:00-05:00,74.74115326828117,75.15335327614349,73.49249613883003,74.47358703613281,161940000,0.0,0.0
2020-01-28 00:00:00-05:00,75.35341281852345,76.75152179476333,75.25457988632637,76.58037567138672,162234000,0.0,0.0
2020-01-29 00:00:00-05:00,78.20992276333985,79.02950436307852,77.46988569545148,78.18340301513672,216229200,0.0,0.0
2020-01-30 00:00:00-05:00,77.26739289963146,78.12313101118072,76.8359045055242,78.07009887695312,126743200,0.0,0.0
2020-01-31 00:00:00-05:00,77.36138873428479,77.78323285410741,74.31447274556798,74.60855865478516,199588400,0.0,0.0
2020-02-03 00:00:00-05:00,73.35265776488627,75.56794245428816,72.8512691703696,74.40365600585938,173788400,0.0,0.0
2020-02-04 00:00:00-05:00,76.00669833273602,77.05046575296248,75.60172957976908,76.86003112792969,136616400,0.0,0.0
2020-02-05 00:00:00-05:00,77.98576191455355,78.2846737790901,76.88415108585558,77.48678588867188,118826800,0.0,0.0
2020-02-06 00:00:00-05:00,77.75674147890366,78.39553270453209,77.19990767879175,78.39311981201172,105425600,0.0,0.0
2020-02-07 00:00:00-05:00,77.89295663582978,78.14183107037995,76.8370524098855,77.32755279541016,117684000,0.1925,0.0
2020-02-10 00:00:00-05:00,75.91402717049185,77.69480895996094,75.83429386411699,77.69480895996094,109348800,0.0,0.0
2020-02-11 00:00:00-05:00,78.19014369789785,78.26262851927434,77.00858949259958,77.2260513305664,94323200,0.0,0.0
2020-02-12 00:00:00-05:00,77.675463503179,79.06481216229898,77.675463503179,79.05998229980469,113730400,0.0,0.0
2020-02-13 00:00:00-05:00,78.33269781258844,78.82319807398167,78.12973294999506,78.49700164794922,94747600,0.0,0.0
2020-02-14 00:00:00-05:00,78.4655954129786,78.7652165546687,78.00892627887556,78.51634216308594,80113600,0.0,0.0
2020-02-18 00:00:00-05:00,76.19914481922879,77.25988612279623,76.01792538344428,77.07866668701172,152531200,0.0,0.0
2020-02-19 00:00:00-05:00,77.32028463710277,78.42451672179727,77.32028463710277,78.1949691772461,93984000,0.0,0.0
2020-02-20 00:00:00-05:00,77.95576899229526,78.44385067885128,76.88777921917897,77.39277648925781,100566000,0.0,0.0
2020-02-21 00:00:00-05:00,76.98685711850104,77.42903672549149,75.02485563249914,75.64099884033203,129554000,0.0,0.0
2020-02-24 00:00:00-05:00,71.8257200728422,73.49776723386336,69.88546431842104,72.04801177978516,222195200,0.0,0.0
2020-02-25 00:00:00-05:00,72.71732141374063,73.09908711151304,69.13642361597664,69.60758972167969,230673600,0.0,0.0
2020-02-26 00:00:00-05:00,69.23307309062069,71.97552869907848,69.22582460812832,70.71182250976562,198054800,0.0,0.0
2020-02-27 00:00:00-05:00,67.92105203842019,69.10501764925158,65.95421338126829,66.08952331542969,320605600,0.0,0.0
2020-02-28 00:00:00-05:00,62.160678974985316,67.27106508637516,61.94562839291094,66.05084991455078,426510000,0.0,0.0
2020-03-02 00:00:00-05:00,68.20615768991611,72.83571074634416,67.10434419306169,72.20023345947266,341397200,0.0,0.0
2020-03-03 00:00:00-05:00,73.37455265692115,73.45428597286327,69.05669090258408,69.90721893310547,319475600,0.0,0.0
2020-03-04 00:00:00-05:00,71.62756334579926,73.30927709809005,70.82778241930477,73.1498031616211,219178400,0.0,0.0
2020-03-05 00:00:00-05:00,71.40531368814655,72.37906618441247,70.41223435614768,70.77709197998047,187572800,0.0,0.0
2020-03-06 00:00:00-05:00,68.13851293457299,70.26965542799252,67.95246362121284,69.83714294433594,226176800,0.0,0.0
2020-03-09 00:00:00-04:00,63.72883020122201,67.19374467213605,63.54761077884886,64.31356811523438,286744800,0.0,0.0
2020-03-10 00:00:00-04:00,66.96419837707879,69.21131605967966,65.0867606135554,68.94552612304688,285290000,0.0,0.0
2020-03-11 00:00:00-04:00,67.02462518678024,67.95004932218703,65.68842661681832,66.55103302001953,255598800,0.0,0.0
2020-03-12 00:00:00-04:00,61.841747078919504,65.23900739248786,59.92323641976663,59.97880935668945,418474000,0.0,0.0
2020-03-13 00:00:00-04:00,64.00430027982446,67.6359379478289,61.119282212065336,67.16476440429688,370732000,0.0,0.0
2020-03-16 00:00:00-04:00,58.46138678881957,62.60043602101579,57.9902170129729,58.52421188354492,322423600,0.0,0.0
2020-03-17 00:00:00-04:00,59.80483021639644,62.245249799692694,57.60361793460999,61.097530364990234,324056000,0.0,0.0
2020-03-18 00:00:00-04:00,57.93465394251518,60.40648633083556,57.294342975256725,59.601871490478516,300233600,0.0,0.0
2020-03-19 00:00:00-04:00,59.775827267657704,61.092687597465435,58.62085583762495,59.14518356323242,271857200,0.0,0.0
2020-03-20 00:00:00-04:00,59.72509749228031,60.84866031438535,55.09071377836536,55.39033126831055,401693200,0.0,0.0
2020-03-23 00:00:00-04:00,55.1100377172106,55.21152015646839,51.372084613414366,54.21360397338867,336752800,0.0,0.0
2020-03-24 00:00:00-04:00,57.11070131069981,59.84832336499044,56.61295251663222,59.65260696411133,287531200,0.0,0.0
2020-03-25 00:00:00-04:00,60.587696143364745,62.399890444761496,59.02920978154729,59.32399368286133,303602000,0.0,0.0
2020-03-26 00:00:00-04:00,59.5656167372231,62.50378482179249,59.526955709117544,62.445796966552734,252087200,0.0,0.0
2020-03-27 00:00:00-04:00,61.07094557233669,61.82481719246613,59.69367869443923,59.86040115356445,204216800,0.0,0.0
2020-03-30 00:00:00-04:00,60.585287078823825,61.74025873047765,60.26150553022684,61.568702697753906,167976400,0.0,0.0
2020-03-31 00:00:00-04:00,61.75959108899796,63.42438996368667,60.88973623938196,61.443058013916016,197002000,0.0,0.0
2020-04-01 00:00:00-04:00,59.56078230159109,60.09719207609643,57.78000065964953,58.2100944519043,176218400,0.0,0.0
2020-04-02 00:00:00-04:00,58.072376290076036,59.234596446659125,57.241182484383906,59.18143844604492,165934000,0.0,0.0
2020-04-03 00:00:00-04:00,58.6667810943843,59.36749487099752,57.741353268233574,58.3309211730957,129880000,0.0,0.0
2020-04-06 00:00:00-04:00,60.62394564001491,63.57419624282321,60.256676873255664,63.419559478759766,201820400,0.0,0.0
2020-04-07 00:00:00-04:00,65.43229446081726,65.64976368215225,62.58111162954673,62.68500900268555,202887200,0.0,0.0
2020-04-08 00:00:00-04:00,63.4848025037082,64.60353188066507,63.119952317554805,64.28942108154297,168895200,0.0,0.0
2020-04-09 00:00:00-04:00,64.9248861243381,65.25591244712727,63.95838246710248,64.75332641601562,161834800,0.0,0.0
2020-04-13 00:00:00-04:00,64.83065918840516,66.13302662112467,64.23142416734326,66.0242919921875,131022800,0.0,0.0
2020-04-14 00:00:00-04:00,67.6552590491188,69.64867293181604,67.1840855454915,69.35871887207031,194994800,0.0,0.0
2020-04-15 00:00:00-04:00,68.23516945822269,69.18475770892147,67.8074941646766,68.72566986083984,131154400,0.0,0.0
2020-04-16 00:00:00-04:00,69.43844332553729,69.63657830758835,68.22306550095219,69.27172088623047,157125200,0.0,0.0
2020-04-17 00:00:00-04:00,68.7884711835537,69.3345480225858,66.89653644635722,68.33179473876953,215250000,0.0,0.0
2020-04-20 00:00:00-04:00,67.15993057649021,68.06119058127958,66.89414057720502,66.91346740722656,130015200,0.0,0.0
2020-04-21 00:00:00-04:00,66.75640806793423,66.99078550242736,64.13476539316186,64.84514617919922,180991600,0.0,0.0
2020-04-22 00:00:00-04:00,66.11127511969602,67.14785254874984,65.77058900639604,66.71292877197266,116862400,0.0,0.0
2020-04-23 00:00:00-04:00,66.6573640659312,68.07812613908307,66.41573806366294,66.45439910888672,124814400,0.0,0.0
2020-04-24 00:00:00-04:00,66.97870028455014,68.38254612868516,66.93037215656294,68.37287902832031,126161200,0.0,0.0
2020-04-27 00:00:00-04:00,68.09017755648323,68.75223755503086,67.64317552817161,68.42121124267578,117087600,0.0,0.0
2020-04-28 00:00:00-04:00,68.88270980207805,69.06392923095741,67.22032976851494,67.31214141845703,112004800,0.0,0.0
2020-04-29 00:00:00-04:00,68.79814778505363,69.99178036647727,68.59518290617446,69.52302551269531,137280800,0.0,0.0
2020-04-30 00:00:00-04:00,70.06184250590752,71.16607461666706,69.67282835408629,70.98968505859375,183064000,0.0,0.0
2020-05-01 00:00:00-04:00,69.1654300495363,72.24616099497416,69.06878114170213,69.84681701660156,240616800,0.0,0.0
2020-05-04 00:00:00-04:00,69.8709599457229,70.96310628408554,69.18232470328076,70.83504486083984,133568000,0.0,0.0
2020-05-05 00:00:00-04:00,71.29415894494899,72.72941781329797,71.1491818865001,71.89822387695312,147751200,0.0,0.0
2020-05-06 00:00:00-04:00,72.59892736503848,73.27064717863384,72.21474300795924,72.64000701904297,142333600,0.0,0.0
2020-05-07 00:00:00-04:00,73.26580616038919,73.73697961793019,72.96377378346223,73.39144897460938,115215200,0.0,0.0
2020-05-08 00:00:00-04:00,74.05047071308249,75.19160756554702,73.72339119914562,75.1383056640625,133838400,0.205,0.0
2020-05-11 00:00:00-04:00,74.64645469079235,76.81485582493812,74.4380900872954,76.32061004638672,145946400,0.0,0.0
2020-05-12 00:00:00-04:00,77.00385895047138,77.45450365262057,75.32728527754581,75.44842529296875,162301200,0.0,0.0
2020-05-13 00:00:00-04:00,75.62767417091105,76.54834228640952,73.46169113408281,74.53741455078125,200622400,0.0,0.0
2020-05-14 00:00:00-04:00,73.77668558751988,75.05592369907653,73.05468852162736,74.99535369873047,158929200,0.0,0.0
2020-05-15 00:00:00-04:00,72.76880175811006,74.59801285788724,72.73487900802405,74.5519790649414,166348400,0.0,0.0
2020-05-18 00:00:00-04:00,75.87485669070055,76.68164611216257,75.18435697680707,76.30853271484375,135178400,0.0,0.0
2020-05-19 00:00:00-04:00,76.32546668705436,77.17102150533867,75.83606375790906,75.86756134033203,101729600,0.0,0.0
2020-05-20 00:00:00-04:00,76.72523721961544,77.41331160943199,76.68647152801736,77.34305572509766,111504800,0.0,0.0
2020-05-21 00:00:00-04:00,77.20494465969075,77.74523171426733,76.52898139842385,76.76641845703125,102688800,0.0,0.0
2020-05-22 00:00:00-04:00,76.5047688140829,77.34306311157628,76.4030153334949,77.26068878173828,81803200,0.0,0.0
2020-05-26 00:00:00-04:00,78.37756009740804,78.55684488586623,76.68160052806691,76.7373275756836,125522000,0.0,0.0
2020-05-27 00:00:00-04:00,76.59439371595593,77.21704762323688,75.85543536682479,77.0716781616211,112945200,0.0,0.0
2020-05-28 00:00:00-04:00,76.7470214416537,78.36303205284943,76.4708261278027,77.10559844970703,133560800,0.0,0.0
2020-05-29 00:00:00-04:00,77.34789618259597,77.8082267406315,76.67435802451047,77.03050994873047,153532400,0.0,0.0
2020-06-01 00:00:00-04:00,76.9844643152945,78.09895371175787,76.85363105469186,77.97781372070312,80791200,0.0,0.0
2020-06-02 00:00:00-04:00,77.71130190496551,78.36303562857958,77.27035057638682,78.33880615234375,87642800,0.0,0.0
2020-06-03 00:00:00-04:00,78.65862620653965,79.03173947926652,78.08684155798949,78.77007293701172,104491200,0.0,0.0
2020-06-04 00:00:00-04:00,78.59321910796065,78.8912188000404,77.71858439241902,78.0916976928711,87560400,0.0,0.0
2020-06-05 00:00:00-04:00,78.34123829521202,80.37638878570603,78.31216587865904,80.3158187866211,137250400,0.0,0.0
2020-06-08 00:00:00-04:00,80.01297837924804,80.82461794300563,79.30309967941871,80.79069519042969,95654400,0.0,0.0
2020-06-09 00:00:00-04:00,80.47087656345983,83.73438081455681,80.43937898287314,83.34188842773438,147712400,0.0,0.0
2020-06-10 00:00:00-04:00,84.28919748972832,85.95365964938672,83.85067134903046,85.4860610961914,166651600,0.0,0.0
2020-06-11 00:00:00-04:00,84.6308507124342,85.0548408351959,81.28012059553839,81.38187408447266,201662400,0.0,0.0
2020-06-12 00:00:00-04:00,83.51876594974783,84.26498513269779,80.97482582626513,82.08446502685547,200146000,0.0,0.0
2020-06-15 00:00:00-04:00,80.73980469603605,83.75134312369018,80.57747385342842,83.099609375,138808800,0.0,0.0
2020-06-16 00:00:00-04:00,85.15172849785749,85.57330073439438,83.51876362996565,85.30194091796875,165428800,0.0,0.0
2020-06-17 00:00:00-04:00,86.04573607358105,86.10630607045023,85.06207991592963,85.18321990966797,114406400,0.0,0.0
2020-06-18 00:00:00-04:00,85.1396240743936,85.63387739334637,84.60903023062069,85.21715545654297,96820400,0.0,0.0
2020-06-19 00:00:00-04:00,85.92217671437545,86.38735014117718,83.62293464807695,84.73015594482422,264476000,0.0,0.0
2020-06-22 00:00:00-04:00,85.12264593038505,87.08995815364833,85.07661214341427,86.94701385498047,135445200,0.0,0.0
2020-06-23 00:00:00-04:00,88.18992644325299,90.22023417459731,87.77077935086206,88.80289459228516,212155600,0.0,0.0
2020-06-24 00:00:00-04:00,88.4321923624518,89.35043555341034,86.86221543627708,87.2353286743164,192623200,0.0,0.0
2020-06-25 00:00:00-04:00,87.39039728120305,88.43219830369976,86.63205971274161,88.3934326171875,137522400,0.0,0.0
2020-06-26 00:00:00-04:00,88.28925300034977,88.50972868089589,85.52968033530838,85.67747497558594,205256800,0.0,0.0
2020-06-29 00:00:00-04:00,85.58539837995676,87.74653893980732,85.10810654900735,87.65204620361328,130646000,0.0,0.0
2020-06-30 00:00:00-04:00,87.24015876930861,88.6696163504572,87.22077962710664,88.38372039794922,140223200,0.0,0.0
2020-07-01 00:00:00-04:00,88.46125786012283,89.00396260480164,88.16810117862731,88.216552734375,110737200,0.0,0.0
2020-07-02 00:00:00-04:00,89.12268481304834,89.75745712558465,88.10268825115901,88.216552734375,114041600,0.0,0.0
2020-07-06 00:00:00-04:00,89.64361350812392,91.04399182339071,89.61211592036983,90.5763931274414,118655600,0.0,0.0
2020-07-07 00:00:00-04:00,90.95432807349727,91.73204473813118,90.183879512503,90.29532623291016,112424400,0.0,0.0
2020-07-08 00:00:00-04:00,91.27171499364255,92.42981301031341,91.18449035546323,92.3983154296875,117092000,0.0,0.0
2020-07-09 00:00:00-04:00,93.28989244541889,93.34319433054527,91.74899550161554,92.79564666748047,125642800,0.0,0.0
2020-07-10 00:00:00-04:00,92.39105063414506,93.01613714978424,91.78050772022172,92.9579849243164,90257200,0.0,0.0
2020-07-13 00:00:00-04:00,94.26144459491981,96.8683794397454,92.31593673037001,92.52914428710938,191649200,0.0,0.0
2020-07-14 00:00:00-04:00,91.91132657887599,94.25175199437801,90.97855460222202,94.06035614013672,170989200,0.0,0.0
2020-07-15 00:00:00-04:00,95.93318873658312,96.18273684605151,93.51038868590005,94.7072525024414,153198000,0.0,0.0
2020-07-16 00:00:00-04:00,93.58064343111674,94.39712579079603,92.94344589283693,93.54187774658203,110577600,0.0,0.0
2020-07-17 00:00:00-04:00,93.99252033438566,94.14757567538506,92.88044872986721,93.35289764404297,92186800,0.0,0.0
2020-07-20 00:00:00-04:00,93.44012565034129,95.45831468469305,93.09608481622666,95.3202133178711,90318000,0.0,0.0
2020-07-21 00:00:00-04:00,96.11004463336359,96.18515083470295,93.75508296201137,94.00463104248047,103433200,0.0,0.0
2020-07-22 00:00:00-04:00,93.70663875417605,94.94953641432485,93.6194214977863,94.26873016357422,89001600,0.0,0.0
2020-07-23 00:00:00-04:00,94.00220251459487,94.07973387894577,89.16872158432245,89.97793579101562,197004400,0.0,0.0
2020-07-24 00:00:00-04:00,88.177812817912,90.09909152751315,86.39220292894763,89.75505065917969,185438800,0.0,0.0
2020-07-27 00:00:00-04:00,90.81623268150157,91.97433076494785,90.59333922603253,91.88226318359375,121214000,0.0,0.0
2020-07-28 00:00:00-04:00,91.45343048257014,91.63029754160469,90.36801343757494,90.37286376953125,103625600,0.0,0.0
2020-07-29 00:00:00-04:00,90.85498286396583,92.28928344671583,90.81864234957972,92.10514831542969,90329200,0.0,0.0
2020-07-30 00:00:00-04:00,91.27897773393107,93.32382125064892,90.87194916313929,93.21964263916016,158130000,0.0,0.0
2020-07-31 00:00:00-04:00,99.7079111699714,103.12890351490226,97.7115189842411,102.97869110107422,374336800,0.0,0.0
2020-08-03 00:00:00-04:00,104.85879541958222,108.19014587634089,104.56079571075499,105.57352447509766,308151200,0.0,0.0
2020-08-04 00:00:00-04:00,105.76248400195036,107.36880152265259,105.04048696818748,106.2785415649414,173071600,0.0,0.0
2020-08-05 00:00:00-04:00,105.9999353148589,106.98359161753405,105.5347544170492,106.66378021240234,121776800,0.0,0.0
2020-08-06 00:00:00-04:00,106.99569786453769,110.87944616652167,106.40695920907454,110.38519287109375,202428800,0.0,0.0
2020-08-07 00:00:00-04:00,109.90703455219526,110.36334336865978,107.07938502036484,107.87549591064453,198045600,0.205,0.0
2020-08-10 00:00:00-04:00,109.31964772784534,110.46041967667294,106.79539443179243,109.44343566894531,212403600,0.0,0.0
2020-08-11 00:00:00-04:00,108.70802360073796,109.20559017872704,105.9289127146506,106.1886215209961,187902400,0.0,0.0
2020-08-12 00:00:00-04:00,107.27841139872632,109.97499928394977,107.08424089381839,109.71772003173828,165598000,0.0,0.0
2020-08-13 00:00:00-04:00,111.09633433148385,112.66186065911528,110.60847119171306,111.65943908691406,210082000,0.0,0.0
2020-08-14 00:00:00-04:00,111.48469489954057,111.64974056440289,109.75169319709691,111.5599365234375,165565200,0.0,0.0
2020-08-17 00:00:00-04:00,112.68129051352851,112.70556367842538,110.64247058340116,111.2686767578125,119561600,0.0,0.0
2020-08-18 00:00:00-04:00,111.02108297516577,112.6205856628583,110.68613263439002,112.19583129882812,105633600,0.0,0.0
2020-08-19 00:00:00-04:00,112.60360648521876,113.74923011045664,112.24196081309763,112.33661651611328,145538000,0.0,0.0
2020-08-20 00:00:00-04:00,112.37791145012937,114.94343055835459,112.36091949142113,114.82935333251953,126907200,0.0,0.0
2020-08-21 00:00:00-04:00,115.78806223773633,121.22977689357654,115.77592935893642,120.74677276611328,338054800,0.0,0.0
2020-08-24 00:00:00-04:00,124.94819288976294,125.03315266970756,120.32686973134855,122.19093322753906,345937600,0.0,0.0
2020-08-25 00:00:00-04:00,121.0647112936665,121.5331529265973,119.4676306472173,121.18849182128906,211495600,0.0,0.0
2020-08-26 00:00:00-04:00,122.50402701142234,123.29285663343889,121.43849667426107,122.8365478515625,163022400,0.0,0.0
2020-08-27 00:00:00-04:00,123.43850794155522,123.77102883487844,120.22493186903937,121.36813354492188,155552400,0.0,0.0
2020-08-28 00:00:00-04:00,122.34139811689965,122.75887130249573,120.94820607750371,121.1715087890625,187630000,0.0,0.0
2020-08-31 00:00:00-04:00,123.86324282555849,127.18360697027765,122.32927082637391,125.28070068359375,225702700,0.0,4.0
2020-09-01 00:00:00-04:00,128.89236599971812,130.87294402694218,126.72733558856538,130.27099609375,151948100,0.0,0.0
2020-09-02 00:00:00-04:00,133.58161557752118,133.96025319602614,123.30013540143739,127.57194519042969,200119000,0.0,0.0
2020-09-03 00:00:00-04:00,123.21274859686724,125.08651501001745,116.98948686072183,117.35841369628906,257599600,0.0,0.0
2020-09-04 00:00:00-04:00,116.57203254505438,120.0962780604988,107.65947073062564,117.43610382080078,332607200,0.0,0.0
2020-09-08 00:00:00-04:00,110.63033399373361,115.52350643380636,109.39733569135389,109.53325653076172,231366600,0.0,0.0
2020-09-09 00:00:00-04:00,113.8439033465614,115.66913123084257,111.90216871799983,113.90215301513672,176940500,0.0,0.0
2020-09-10 00:00:00-04:00,116.85359229498353,116.98951312845449,109.22257449751976,110.18373107910156,182274400,0.0,0.0
2020-09-11 00:00:00-04:00,111.23227329257654,111.87304930648419,106.79540974753245,108.73714447021484,180860300,0.0,0.0
2020-09-14 00:00:00-04:00,111.377905426981,112.55265405113641,109.51384186173257,111.99925994873047,140150100,0.0,0.0
2020-09-15 00:00:00-04:00,114.88273194668369,115.36816560750079,110.30023700342959,112.17401123046875,184642000,0.0,0.0
2020-09-16 00:00:00-04:00,111.87304453196484,112.62060910915572,108.7759754111815,108.86334991455078,154679000,0.0,0.0
2020-09-17 00:00:00-04:00,106.52354774325607,108.93129419191115,105.54296982143195,107.12548065185547,178011000,0.0,0.0
2020-09-18 00:00:00-04:00,107.1837161083549,107.64972811091552,102.99927438634474,103.72742462158203,287104900,0.0,0.0
2020-09-21 00:00:00-04:00,101.49447874455225,106.97988102839547,100.09642732020315,106.87308502197266,195713800,0.0,0.0
2020-09-22 00:00:00-04:00,109.3973305799532,109.5720869949024,105.97988085188311,108.55267333984375,183055400,0.0,0.0
2020-09-23 00:00:00-04:00,108.36820053624751,108.84392339466623,103.65948864684648,103.99929809570312,150718700,0.0,0.0
2020-09-24 00:00:00-04:00,102.10611991881453,107.03812795513899,101.94107424298952,105.06726837158203,167743300,0.0,0.0
2020-09-25 00:00:00-04:00,105.27116425868894,109.16434504235312,104.5333028781218,109.00900268554688,149981400,0.0,0.0
2020-09-28 00:00:00-04:00,111.65945483814875,111.96042134324223,109.49441741099088,111.61090850830078,137672400,0.0,0.0
2020-09-29 00:00:00-04:00,111.21284078207377,111.95069452133387,110.26138766643038,110.7662353515625,99382200,0.0,0.0
2020-09-30 00:00:00-04:00,110.47497824771594,113.84388857632474,110.30993260341256,112.43612670898438,142675200,0.0,0.0
2020-10-01 00:00:00-04:00,114.21283956269843,114.2905107318788,112.45557195099242,113.38760375976562,116120400,0.0,0.0
2020-10-02 00:00:00-04:00,109.60120691204848,112.00896103141628,108.95072761058432,109.7274169921875,144712000,0.0,0.0
2020-10-05 00:00:00-04:00,110.59146835267455,113.25164197479393,110.24195562484834,113.10601043701172,106243800,0.0,0.0
2020-10-06 00:00:00-04:00,112.32934639868184,112.73711630408881,108.97985709448719,109.86334991455078,161498200,0.0,0.0
2020-10-07 00:00:00-04:00,111.28081129884058,112.18371817362878,110.80508099423795,111.72740936279297,96849000,0.0,0.0
2020-10-08 00:00:00-04:00,112.86332203954677,113.00895361392693,111.25167878876417,111.62061309814453,83477200,0.0,0.0
2020-10-09 00:00:00-04:00,111.92159436994272,113.59148750819554,111.5720815081163,113.56236267089844,100506900,0.0,0.0
2020-10-12 00:00:00-04:00,116.56231148522039,121.53315412296922,115.80503626850115,120.77587890625,240226800,0.0,0.0
2020-10-13 00:00:00-04:00,121.62055978073589,121.73706653898319,116.16428956094119,117.5720443725586,262330500,0.0,0.0
2020-10-14 00:00:00-04:00,117.47493379758126,119.44579307201987,116.13513969852242,117.6594009399414,150712000,0.0,0.0
2020-10-15 00:00:00-04:00,115.26137355970408,117.66912045188067,114.70797946369227,117.19339752197266,112559200,0.0,0.0
2020-10-16 00:00:00-04:00,117.74678982617324,118.0089281560019,115.34874631090426,115.55262756347656,115393800,0.0,0.0
2020-10-19 00:00:00-04:00,116.46523622657561,116.9118342796432,112.29051143113706,112.60118865966797,120639300,0.0,0.0
2020-10-20 00:00:00-04:00,112.81478288268985,115.51380033230909,112.26138879057609,114.08662414550781,124423700,0.0,0.0
2020-10-21 00:00:00-04:00,113.2710930798733,115.25166338254114,113.05750107559587,113.46527099609375,89946000,0.0,0.0
2020-10-22 00:00:00-04:00,114.02836301066806,114.60117857735534,111.25168190141596,112.37789154052734,101988000,0.0,0.0
2020-10-23 00:00:00-04:00,112.99922968814089,113.15457199126362,110.9506993602643,111.68856048583984,82572600,0.0,0.0
2020-10-26 00:00:00-04:00,110.6885775032748,113.15458121285103,109.591492767667,111.69828033447266,111850700,0.0,0.0
2020-10-27 00:00:00-04:00,112.12546926784462,113.86332273009963,111.20314823922772,113.20313262939453,92276800,0.0,0.0
2020-10-28 00:00:00-04:00,111.69827875394513,112.06720563801413,107.86334871753533,107.96043395996094,143937800,0.0,0.0
2020-10-29 00:00:00-04:00,109.09637051307503,113.52352341003616,108.93131742851756,111.9604263305664,146129200,0.0,0.0
2020-10-30 00:00:00-04:00,107.82451896896531,108.72742584588708,104.58182577242385,105.68861389160156,190272600,0.0,0.0
2020-11-02 00:00:00-05:00,105.93132552110745,107.45558679697702,104.19347226654686,105.60122680664062,122866900,0.0,0.0
2020-11-03 00:00:00-05:00,106.46531227233,108.24199381190596,105.56240538196562,107.22258758544922,107624400,0.0,0.0
2020-11-04 00:00:00-05:00,110.81477339747906,112.22252777022936,109.07692034950163,111.6011734008789,138235500,0.0,0.0
2020-11-05 00:00:00-05:00,114.513786143965,116.13514003797306,113.46525517113334,115.56232452392578,126387100,0.0,0.0
2020-11-06 00:00:00-05:00,115.07121742885344,115.92705207680842,112.94134718075708,115.43106079101562,114457900,0.205,0.0
2020-11-09 00:00:00-05:00,117.19134078148167,118.64042665215963,112.86353074963101,113.12611389160156,154515300,0.0,0.0
2020-11-10 00:00:00-05:00,112.37726248118744,114.36124218625869,110.99624681601809,112.78572845458984,138023400,0.0,0.0
2020-11-11 00:00:00-05:00,113.97223311704505,116.34523125447596,113.24282640096855,116.20907592773438,112295000,0.0,0.0
2020-11-12 00:00:00-05:00,116.33551348572685,117.22052312713384,115.31434109496367,115.936767578125,103162300,0.0,0.0
2020-11-13 00:00:00-05:00,116.16044760960408,116.38412816982795,114.63355658842221,115.98538970947266,81581900,0.0,0.0
2020-11-16 00:00:00-05:00,115.65471322677983,117.66787522451466,114.90585901966058,116.996826171875,91183000,0.0,0.0
2020-11-17 00:00:00-05:00,116.26742672482064,117.35666927518157,115.6936229499769,116.11181640625,74271000,0.0,0.0
2020-11-18 00:00:00-05:00,115.35323797332128,116.53001321672764,114.75998660153422,114.7891616821289,76322100,0.0,0.0
2020-11-19 00:00:00-05:00,114.36124340716778,115.7908817492475,113.60266161420516,115.38241577148438,74113000,0.0,0.0
2020-11-20 00:00:00-05:00,115.38242633677936,115.50885417388024,114.06949561951376,114.11811828613281,73604300,0.0,0.0
2020-11-23 00:00:00-05:00,113.96250558761568,114.39042656864258,110.62668524347754,110.72393798828125,127959300,0.0,0.0
2020-11-24 00:00:00-05:00,110.78230006896696,112.66902713847026,109.49853707376413,112.00769805908203,113874200,0.0,0.0
2020-11-25 00:00:00-05:00,112.37725433307455,113.54430200672213,112.00768354782322,112.84407043457031,76499200,0.0,0.0
2020-11-27 00:00:00-05:00,113.36925481147574,114.26399194036229,113.02886649286769,113.38870239257812,46691300,0.0,0.0
2020-11-30 00:00:00-05:00,113.75829126399992,117.64846105375163,113.60268091085304,115.78118133544922,169410200,0.0,0.0
2020-12-01 00:00:00-05:00,117.68734119570294,120.07979426970195,116.7147989337566,119.35038757324219,127728200,0.0,0.0
2020-12-02 00:00:00-05:00,118.66960823368215,119.98254627518949,117.57063810536371,119.70050811767578,89004200,0.0,0.0
2020-12-03 00:00:00-05:00,120.12840751265676,120.3812705585125,118.85437962376297,119.56433868408203,78967600,0.0,0.0
2020-12-04 00:00:00-05:00,119.23366830409037,119.48653134532607,118.18332098194936,118.89328002929688,78260400,0.0,0.0
2020-12-07 00:00:00-05:00,118.9516334233034,121.14958086023294,118.8932832660097,120.35209655761719,86712000,0.0,0.0
2020-12-08 00:00:00-05:00,120.95510078016575,121.54835223688058,119.7102402772839,120.9648208618164,82225500,0.0,0.0
2020-12-09 00:00:00-05:00,121.1106943933289,122.49170271232049,117.67762117756554,118.43620300292969,115089200,0.0,0.0
2020-12-10 00:00:00-05:00,117.19135328461722,120.4688236783502,116.85096494578069,119.85611724853516,81312200,0.0,0.0
2020-12-11 00:00:00-05:00,119.06833673856299,119.38927743158283,117.23996015210895,119.04888916015625,86939800,0.0,0.0
2020-12-14 00:00:00-05:00,119.23368741163418,119.96309415447033,118.20279492279666,118.43620300292969,79184500,0.0,0.0
2020-12-15 00:00:00-05:00,120.92590514212858,124.3881607505194,120.72167215100104,124.36870574951172,157243700,0.0,0.0
2020-12-16 00:00:00-05:00,123.91161767905837,124.84524997430788,123.08495079030278,124.30062866210938,98208600,0.0,0.0
2020-12-17 00:00:00-05:00,125.36071187570329,126.02204843734285,124.52432480175362,125.16620635986328,94359800,0.0,0.0
2020-12-18 00:00:00-05:00,125.41907088363601,125.55522622218948,122.65704668745983,123.18222045898438,192541500,0.0,0.0
2020-12-21 00:00:00-05:00,121.58723882712805,124.78690398309315,120.0603476658836,124.70909881591797,121251600,0.0,0.0
2020-12-22 00:00:00-05:00,127.99630527207523,130.7194269475822,126.09011564727457,128.25889587402344,168904800,0.0,0.0
2020-12-23 00:00:00-05:00,128.5311757396674,128.79375143883854,127.18906280686316,127.36412811279297,88223700,0.0,0.0
2020-12-24 00:00:00-05:00,127.71427367104259,129.79551379030826,127.5003131582361,128.34642028808594,54930100,0.0,0.0
2020-12-28 00:00:00-05:00,130.3109520335808,133.56895993255333,129.84412103088945,132.9368133544922,124486200,0.0,0.0
2020-12-29 00:00:00-05:00,134.25943963612303,134.97911129137205,130.65130192196946,131.166748046875,121047300,0.0,0.0
2020-12-30 00:00:00-05:00,131.85729981121693,132.25604575507535,129.7371496715403,130.04837036132812,96452100,0.0,0.0
2020-12-31 00:00:00-05:00,130.398479383972,131.0403608931575,128.1032788564328,129.04664611816406,99116600,0.0,0.0
2021-01-04 00:00:00-05:00,129.85384635373498,129.94137159533847,123.27945861661561,125.85669708251953,143301900,0.0,0.0
2021-01-05 00:00:00-05:00,125.35098050896518,128.1227320895685,124.9036045069711,127.41276550292969,97664900,0.0,0.0
2021-01-06 00:00:00-05:00,124.21310565475042,127.45167334436817,122.90989509434218,123.12385559082031,155088000,0.0,0.0
2021-01-07 00:00:00-05:00,124.83552759816486,128.01574500748134,124.34925645838389,127.32523345947266,109578200,0.0,0.0
2021-01-08 00:00:00-05:00,128.79378086858412,128.98830121735807,126.65419059044255,128.42422485351562,105158200,0.0,0.0
2021-01-11 00:00:00-05:00,125.64275514317653,126.59584254088283,124.97169851220295,125.43851470947266,100384500,0.0,0.0
2021-01-12 00:00:00-05:00,124.97169257758259,126.12902035403391,123.37672370948479,125.26345825195312,91951100,0.0,0.0
2021-01-13 00:00:00-05:00,125.22456886703496,127.8407106062961,124.96199307270233,127.29608917236328,88636800,0.0,0.0
2021-01-14 00:00:00-05:00,127.20854206590191,127.4030475675069,125.22454736600265,125.37043762207031,90221800,0.0,0.0
2021-01-15 00:00:00-05:00,125.24398598218208,126.64444915422231,123.5128620166925,123.64901733398438,111598500,0.0,0.0
2021-01-19 00:00:00-05:00,124.27145353534586,125.1759255883475,123.45452156734409,124.32008361816406,90757300,0.0,0.0
2021-01-20 00:00:00-05:00,125.12729193961263,128.85213061210496,125.02031169638846,128.40475463867188,104319500,0.0,0.0
2021-01-21 00:00:00-05:00,130.1261500695179,135.83496806730975,129.92190967683482,133.11184692382812,120150900,0.0,0.0
2021-01-22 00:00:00-05:00,132.53804856258682,136.0100313065284,131.31265074462775,135.25144958496094,114459400,0.0,0.0
2021-01-25 00:00:00-05:00,139.14163304575837,141.10615779384105,132.79091821695442,138.99574279785156,157611700,0.0,0.0
2021-01-26 00:00:00-05:00,139.6570621664172,140.33783872046894,137.48828243304504,139.22914123535156,98390600,0.0,0.0
2021-01-27 00:00:00-05:00,139.4917564593141,140.33787848176394,136.55468894542827,138.1593780517578,140843800,0.0,0.0
2021-01-28 00:00:00-05:00,135.6891219680526,138.09130292156465,132.94654523318187,133.32583618164062,142621100,0.0,0.0
2021-01-29 00:00:00-05:00,132.1004347436925,132.98545188101477,126.63475125528835,128.33670043945312,177523800,0.0,0.0
2021-02-01 00:00:00-05:00,130.07754195512933,131.66279076657688,127.33496534929878,130.4568328857422,106239800,0.0,0.0
2021-02-02 00:00:00-05:00,132.0031648608857,132.56724118693242,130.91392221186754,131.2834930419922,83305400,0.0,0.0
2021-02-03 00:00:00-05:00,132.0323330550851,132.0420679752551,129.9413731133275,130.26231384277344,89880900,0.0,0.0
2021-02-04 00:00:00-05:00,132.55750155942113,133.62728904915303,130.89444790890877,133.61756896972656,84183100,0.0,0.0
2021-02-05 00:00:00-05:00,133.77829722031976,133.8464691818489,132.32703847356598,133.20362854003906,75693800,0.205,0.0
2021-02-08 00:00:00-05:00,132.49261062393538,133.39843419416206,131.411474992241,133.3497314453125,71297200,0.0,0.0
2021-02-09 00:00:00-05:00,133.06726715184539,134.29451105529114,132.31730127973145,132.47312927246094,76774200,0.0,0.0
2021-02-10 00:00:00-05:00,132.93091432442992,133.42766158836056,130.90500170826476,131.8692626953125,73046600,0.0,0.0
2021-02-11 00:00:00-05:00,132.36597838425936,132.84324151471785,130.29137814000228,131.6160125732422,64280000,0.0,0.0
2021-02-12 00:00:00-05:00,130.8563275721737,132.0056353585524,130.21348684657468,131.84979248046875,60145100,0.0,0.0
2021-02-16 00:00:00-05:00,131.96667922879305,132.4731462786685,129.33687901923372,129.7264862060547,80576300,0.0,0.0
2021-02-17 00:00:00-05:00,127.8369410028071,128.78171806051128,126.10322977283343,127.4375991821289,97918500,0.0,0.0
2021-02-18 00:00:00-05:00,125.84023543219843,126.61943492722637,124.09678975209331,126.33698272705078,96856700,0.0,0.0
2021-02-19 00:00:00-05:00,126.85318631272438,127.31096541209789,125.45063033694109,126.4927978515625,87668800,0.0,0.0
2021-02-22 00:00:00-05:00,124.68117557823038,126.34671464924598,122.33384996779367,122.72344970703125,103916400,0.0,0.0
2021-02-23 00:00:00-05:00,120.54170021925478,123.41498433079913,115.31134105569778,122.58708953857422,158273000,0.0,0.0
2021-02-24 00:00:00-05:00,121.69100535268275,122.29487783267318,119.05147832650884,122.09033966064453,111039900,0.0,0.0
2021-02-25 00:00:00-05:00,121.43775757680415,123.17146835413952,117.4054168564186,117.84371185302734,148199500,0.0,0.0
2021-02-26 00:00:00-05:00,119.4020977442568,121.60332952526318,118.04824467349069,118.106689453125,164560400,0.0,0.0
2021-03-01 00:00:00-05:00,120.53195302229754,124.60325484384613,119.5969181572381,124.4668960571289,116307900,0.0,0.0
2021-03-02 00:00:00-05:00,125.07076378614747,125.37270000855568,121.75917765120198,121.86631774902344,102260900,0.0,0.0
2021-03-03 00:00:00-05:00,121.56437474382311,122.4409721711293,118.6716069492106,118.8858871459961,112966300,0.0,0.0
2021-03-04 00:00:00-05:00,118.58395606502583,120.38584631369558,115.53535272389263,117.0060806274414,178155000,0.0,0.0
2021-03-05 00:00:00-05:00,117.83398211644732,118.7690169305712,114.5126538027712,118.26253509521484,153766600,0.0,0.0
2021-03-08 00:00:00-05:00,117.7852730985796,117.85345248459532,113.18801326724598,113.33411407470703,154376600,0.0,0.0
2021-03-09 00:00:00-05:00,115.93468039958287,118.88588550494669,115.70092356585985,117.94110870361328,129525800,0.0,0.0
2021-03-10 00:00:00-05:00,118.52552453136408,118.99303824849771,116.34376908141869,116.85999298095703,111943300,0.0,0.0
2021-03-11 00:00:00-05:00,119.35340946888309,120.00598467048323,118.10669641776761,118.78849029541016,103026500,0.0,0.0
2021-03-12 00:00:00-05:00,117.26905308619719,118.01902630934984,116.06130081484937,117.8826675415039,88105100,0.0,0.0
2021-03-15 00:00:00-04:00,118.25281346511821,120.77545858975141,117.28855243734995,120.76571655273438,92403800,0.0,0.0
2021-03-16 00:00:00-04:00,122.4312508542222,123.9117284110974,121.47673927373422,122.30463409423828,115227900,0.0,0.0
2021-03-17 00:00:00-04:00,120.82415009129004,122.58707964634337,119.15861117334904,121.51568603515625,111932600,0.0,0.0
2021-03-18 00:00:00-04:00,119.68458691746812,119.97678859492719,117.19116034554088,117.39569854736328,121229700,0.0,0.0
2021-03-19 00:00:00-04:00,116.7820720526636,118.27228410779664,116.56779183514182,116.8697280883789,185549500,0.0,0.0
2021-03-22 00:00:00-04:00,117.20088850037816,120.64883370339138,117.13270910784668,120.18131256103516,111912300,0.0,0.0
2021-03-23 00:00:00-04:00,120.12288150317761,121.0092136525593,118.96382433837393,119.35342407226562,95467100,0.0,0.0
2021-03-24 00:00:00-04:00,119.62612832333967,119.70404974763237,116.94764066899515,116.96711730957031,88530500,0.0,0.0
2021-03-25 00:00:00-04:00,116.43141841542507,118.49629146995656,115.90545997424265,117.45410919189453,98844700,0.0,0.0
2021-03-26 00:00:00-04:00,117.22036189731419,118.32098161470867,115.82754797615723,118.05799865722656,94071200,0.0,0.0
2021-03-29 00:00:00-04:00,118.48655542775977,119.3923715504468,117.59048134086395,118.23331451416016,80819200,0.0,0.0
2021-03-30 00:00:00-04:00,116.98661215897457,117.26907177481125,115.76911765846987,116.78207397460938,85671900,0.0,0.0
2021-03-31 00:00:00-04:00,118.48655874928595,120.30792565051348,117.9995609800172,118.97355651855469,118323800,0.0,0.0
2021-04-01 00:00:00-04:00,120.44430093685868,120.9507753854183,119.30472042335516,119.80146026611328,75089100,0.0,0.0
2021-04-05 00:00:00-04:00,120.6488353850815,122.87928615898178,119.86963594729222,122.62604522705078,88651200,0.0,0.0
2021-04-06 00:00:00-04:00,123.21043047231339,123.82404496077191,122.38253578537845,122.92797088623047,80171300,0.0,0.0
2021-04-07 00:00:00-04:00,122.55786509964642,124.59351228641088,121.88580577435263,124.57403564453125,83466700,0.0,0.0
2021-04-08 00:00:00-04:00,125.59671739753477,126.99927330265552,125.17790646414029,126.97005462646484,88844600,0.0,0.0
2021-04-09 00:00:00-04:00,126.4246443564377,129.58038090088027,126.10322399320837,129.5414276123047,106686700,0.0,0.0
2021-04-12 00:00:00-04:00,129.07388434312833,129.39530463290586,127.23303349221449,127.8271713256836,91420000,0.0,0.0
2021-04-13 00:00:00-04:00,128.99599269074992,131.15826433043802,128.49924537282473,130.93423461914062,91266500,0.0,0.0
2021-04-14 00:00:00-04:00,131.43094899145666,131.48938634080065,128.2362450900617,128.59661865234375,87222800,0.0,0.0
2021-04-15 00:00:00-04:00,130.34008581919048,131.48939338315375,130.1647588997771,131.0023956298828,89347100,0.0,0.0
2021-04-16 00:00:00-04:00,130.8075776257029,131.1679511470198,129.8140982138144,130.6712188720703,84922400,0.0,0.0
2021-04-19 00:00:00-04:00,130.03812614844625,131.94716375459052,129.87254870669761,131.3335418701172,94264200,0.0,0.0
2021-04-20 00:00:00-04:00,131.50884836684003,132.0055806149895,128.3823169431064,129.6485137939453,94812300,0.0,0.0
2021-04-21 00:00:00-04:00,128.91807261047788,130.27192605122198,127.88563953707525,130.02842712402344,68847100,0.0,0.0
2021-04-22 00:00:00-04:00,129.58037371612286,130.66150947358742,127.99277092528317,128.5089874267578,84566500,0.0,0.0
2021-04-23 00:00:00-04:00,128.72325347974677,131.60627194079382,128.72325347974677,130.82708740234375,78657500,0.0,0.0
2021-04-26 00:00:00-04:00,131.32386071779356,131.54787559933953,130.08688184126248,131.2167205810547,66905100,0.0,0.0
2021-04-27 00:00:00-04:00,131.49912083847275,131.88872793710226,130.62253087504087,130.89524841308594,66015800,0.0,0.0
2021-04-28 00:00:00-04:00,130.81736649421998,131.5089100143574,129.619355885921,130.10635375976562,107760100,0.0,0.0
2021-04-29 00:00:00-04:00,132.92116293750138,133.5055661641117,129.0056969879915,130.0089111328125,151101000,0.0,0.0
2021-04-30 00:00:00-04:00,128.35315956120257,130.0868708182536,127.66163089702832,128.04148864746094,109839500,0.0,0.0
2021-05-03 00:00:00-04:00,128.60637073689202,130.58359545105438,128.401839986388,129.09336853027344,75135100,0.0,0.0
2021-05-04 00:00:00-04:00,127.77847076247717,128.07067238199318,123.40522566029897,124.52532196044922,137564700,0.0,0.0
2021-05-05 00:00:00-04:00,125.84022317213565,127.05771762012843,124.64221279666873,124.76883697509766,84000900,0.0,0.0
2021-05-06 00:00:00-04:00,124.5643128982338,126.37594554444907,123.82407406523244,126.3662109375,78128300,0.0,0.0
2021-05-07 00:00:00-04:00,127.66381362314827,128.06381882504127,126.3271629457147,127.03939819335938,78973300,0.22,0.0
2021-05-10 00:00:00-04:00,126.25886899143829,126.38569336703041,123.7221730582719,123.76119995117188,88071200,0.0,0.0
2021-05-11 00:00:00-04:00,120.49278076667929,123.19532812082859,119.78055295740043,122.84410095214844,126142800,0.0,0.0
2021-05-12 00:00:00-04:00,120.39521236408822,121.60501628867115,119.27321336720668,119.78054809570312,112172300,0.0,0.0
2021-05-13 00:00:00-04:00,121.54646856304096,123.07823863645709,121.23426088704589,121.92697143554688,105861300,0.0,0.0
2021-05-14 00:00:00-04:00,123.17581112527975,124.77587651193251,122.78554964091157,124.34658813476562,81918000,0.0,0.0
2021-05-17 00:00:00-04:00,123.7319305977149,123.83925269137897,122.12210663637244,123.19532012939453,74244600,0.0,0.0
2021-05-18 00:00:00-04:00,123.47826668103308,123.89779649597985,121.74161080080381,121.80990600585938,63342900,0.0,0.0
2021-05-19 00:00:00-04:00,120.16106519010208,121.8782039395482,119.86836719410006,121.65380859375,92612000,0.0,0.0
2021-05-20 00:00:00-04:00,122.18065274217139,124.61001915730156,122.05381347828964,124.20999908447266,76857100,0.0,0.0
2021-05-21 00:00:00-04:00,124.7075655227382,124.88318279629019,122.16111877804317,122.37576293945312,79295400,0.0,0.0
2021-05-24 00:00:00-04:00,122.94164921888921,124.82465387319235,122.87335402183648,124.0051040649414,63092900,0.0,0.0
2021-05-25 00:00:00-04:00,124.70757079826137,125.19540319531397,123.24409593795775,123.80997467041016,72009500,0.0,0.0
2021-05-26 00:00:00-04:00,123.86852204574208,124.28805183989326,123.3416701570207,123.76119995117188,56575900,0.0,0.0
2021-05-27 00:00:00-04:00,123.36120412853428,124.53198130053191,122.03431936367312,122.22944641113281,94625600,0.0,0.0
2021-05-28 00:00:00-04:00,122.51236771666937,122.73677048730885,121.51720801205188,121.57574462890625,71311100,0.0,0.0
2021-06-01 00:00:00-04:00,122.03427646480945,122.29769863064088,120.92203630931297,121.25375366210938,67637100,0.0,0.0
2021-06-02 00:00:00-04:00,121.253779962891,122.19040306312083,121.02938463288338,122.01478576660156,59278900,0.0,0.0
2021-06-03 00:00:00-04:00,121.64403969713835,121.80989840712398,120.13177925202119,120.53179931640625,76229200,0.0,0.0
2021-06-04 00:00:00-04:00,121.04890967576293,123.08802229025616,120.83426545911946,122.82459259033203,75169300,0.0,0.0
2021-06-07 00:00:00-04:00,123.09775754946514,123.24410653680496,121.7903901347652,122.83433532714844,71057600,0.0,0.0
2021-06-08 00:00:00-04:00,123.51728685562117,125.33200387040455,123.13678395621102,123.65387725830078,74403800,0.0,0.0
2021-06-09 00:00:00-04:00,124.11242420165917,124.63927604647924,123.43922338156383,124.03437042236328,56877900,0.0,0.0
2021-06-10 00:00:00-04:00,123.92707571998503,125.06859202446998,122.87337924113547,123.03923797607422,71186400,0.0,0.0
2021-06-11 00:00:00-04:00,123.44899075181716,124.33683580636276,123.02946096276283,124.2490234375,53522400,0.0,0.0
2021-06-14 00:00:00-04:00,124.70753316476451,127.36129385797314,123.97579595543199,127.3027572631836,96906500,0.0,0.0
2021-06-15 00:00:00-04:00,126.77594378180441,127.41987625518645,126.23933338731938,126.48324584960938,62746300,0.0,0.0
2021-06-16 00:00:00-04:00,127.19546385620482,127.70280593735949,125.331983991057,126.98081970214844,91815000,0.0,0.0
2021-06-17 00:00:00-04:00,126.63939825744673,129.3224362930399,126.49304179588825,128.5809326171875,96721700,0.0,0.0
2021-06-18 00:00:00-04:00,127.52719951288445,128.3077074896389,127.06864288856177,127.28328704833984,108953300,0.0,0.0
2021-06-21 00:00:00-04:00,127.1271913132279,129.18581330080102,126.063736441913,129.0784912109375,79663300,0.0,0.0
2021-06-22 00:00:00-04:00,128.91264666080772,130.8151612925248,128.41505560442437,130.71759033203125,74783600,0.0,0.0
2021-06-23 00:00:00-04:00,130.51271488266488,131.0493254021088,129.98585550457855,130.4444122314453,60214200,0.0,0.0
2021-06-24 00:00:00-04:00,131.1761533209972,131.36152922245495,129.69316099657445,130.16148376464844,68711000,0.0,0.0
2021-06-25 00:00:00-04:00,130.2102425761428,130.6297648884673,129.57606120699057,129.86875915527344,70783700,0.0,0.0
2021-06-28 00:00:00-04:00,130.1614570490265,131.95664929646315,130.10292043684166,131.4980926513672,62111300,0.0,0.0
2021-06-29 00:00:00-04:00,131.51760238370522,133.16645300747723,131.0785629298999,133.01034545898438,64556100,0.0,0.0
2021-06-30 00:00:00-04:00,132.8542586809143,134.0640700400228,132.56156070353867,133.62503051757812,63261400,0.0,0.0
2021-07-01 00:00:00-04:00,133.27380646927242,133.98602685703514,132.45424909031448,133.927490234375,52485800,0.0,0.0
2021-07-02 00:00:00-04:00,134.54212006442484,136.5909908825578,134.39577852908815,136.55197143554688,78852600,0.0,0.0
2021-07-06 00:00:00-04:00,136.65931393358588,139.6643030810213,136.65931393358588,138.56182861328125,108181800,0.0,0.0
2021-07-07 00:00:00-04:00,140.0447648918188,141.36189806872017,139.18620319634806,141.04969787597656,104911600,0.0,0.0
2021-07-08 00:00:00-04:00,138.13252320539087,140.55213093920304,137.24467816832617,139.75210571289062,105575500,0.0,0.0
2021-07-09 00:00:00-04:00,139.27403406481795,142.10341304013653,139.17646311232951,141.57656860351562,99890800,0.0,0.0
2021-07-12 00:00:00-04:00,142.64979816390084,142.75712026323748,140.49360503622404,140.98143005371094,76299700,0.0,0.0
2021-07-13 00:00:00-04:00,140.52290669901112,143.86939485461454,140.13265254729112,142.0937042236328,100827100,0.0,0.0
2021-07-14 00:00:00-04:00,144.49378305932458,145.92798987044893,144.08399692422722,145.51820373535156,127050800,0.0,0.0
2021-07-15 00:00:00-04:00,145.6060054508676,146.34749406137325,143.50834910364574,144.864501953125,106820300,0.0,0.0
2021-07-16 00:00:00-04:00,144.8449652430404,146.11329798029973,142.32778715705027,142.8253631591797,93251400,0.0,0.0
2021-07-19 00:00:00-04:00,140.24970186714236,140.56191704499963,138.22034787278739,138.98135375976562,121434600,0.0,0.0
2021-07-20 00:00:00-04:00,139.96671651936813,143.51808093354776,139.47889165540263,142.59120178222656,96350000,0.0,0.0
2021-07-21 00:00:00-04:00,141.98635160042446,142.57174758950413,141.10827250404336,141.85951232910156,74993500,0.0,0.0
2021-07-22 00:00:00-04:00,142.38640403215305,144.59136830224742,142.2595647320254,143.2254638671875,77338200,0.0,0.0
2021-07-23 00:00:00-04:00,143.95714959308972,145.09865822031367,143.34248537564744,144.9425506591797,71447400,0.0,0.0
2021-07-26 00:00:00-04:00,144.65963709619385,146.18164879238583,144.1035094217646,145.3621063232422,72434100,0.0,0.0
2021-07-27 00:00:00-04:00,145.48888924785527,145.5767090416399,142.00582730291055,143.1961212158203,104818600,0.0,0.0
2021-07-28 00:00:00-04:00,141.28383310707383,143.39124006828624,139.0691040815247,141.44969177246094,118931200,0.0,0.0
2021-07-29 00:00:00-04:00,141.16683944786658,142.98154953912368,141.05951732305735,142.0937042236328,56699500,0.0,0.0
2021-07-30 00:00:00-04:00,140.86439137179315,142.7669064292898,140.60096162929617,142.308349609375,70440600,0.0,0.0
2021-08-02 00:00:00-04:00,142.7961201026742,143.37174997131473,141.71314811709883,141.97657775878906,62880000,0.0,0.0
2021-08-03 00:00:00-04:00,142.25954411950144,144.43523975697417,141.64487976916462,143.7718048095703,64786600,0.0,0.0
2021-08-04 00:00:00-04:00,143.68399557594776,144.19132291330385,142.71809660960577,143.3717803955078,56368300,0.0,0.0
2021-08-05 00:00:00-04:00,143.40104166770632,144.2401013148973,142.61076750096896,143.47909545898438,46397700,0.0,0.0
2021-08-06 00:00:00-04:00,143.0003050001657,143.74290453377364,142.29678337483543,142.79510498046875,54126800,0.22,0.0
2021-08-09 00:00:00-04:00,142.8537292225246,143.34228507821692,142.18930041536296,142.74624633789062,48908700,0.0,0.0
2021-08-10 00:00:00-04:00,143.0882262269222,144.3291621434574,141.97431959044943,142.2674560546875,69023100,0.0,0.0
2021-08-11 00:00:00-04:00,142.7072143393609,143.36187760745253,142.1991119113098,142.5215606689453,48493500,0.0,0.0
2021-08-12 00:00:00-04:00,142.84394884807298,145.63848865290169,142.5019538202862,145.48214721679688,72282600,0.0,0.0
2021-08-13 00:00:00-04:00,145.56033337689462,146.01957707570978,144.8763581583002,145.68736267089844,59375000,0.0,0.0
2021-08-16 00:00:00-04:00,145.1401825389347,147.72953779617734,143.117568833467,147.6611328125,103296000,0.0,0.0
2021-08-17 00:00:00-04:00,146.79151932278535,148.20832862251999,145.67761233221978,146.75244140625,92229700,0.0,0.0
2021-08-18 00:00:00-04:00,146.37135309386304,147.27029417589944,142.80488601790597,143.0100860595703,86326000,0.0,0.0
2021-08-19 00:00:00-04:00,141.71051038649435,144.61253336364982,141.1926423719419,143.34228515625,86960300,0.0,0.0
2021-08-20 00:00:00-04:00,144.06536865206095,145.10110479232438,143.4204712746936,144.79820251464844,60549600,0.0,0.0
2021-08-23 00:00:00-04:00,144.91545125791524,146.7524262457425,144.50506608373868,146.28341674804688,60131800,0.0,0.0
2021-08-24 00:00:00-04:00,146.0293121440176,147.40704295099573,145.7361757091974,146.19541931152344,48606400,0.0,0.0
2021-08-25 00:00:00-04:00,146.38105721271626,146.87939357142153,144.41706865589566,144.96424865722656,58991300,0.0,0.0
2021-08-26 00:00:00-04:00,144.95452843061085,145.70689371393732,144.13374326132688,144.16305541992188,48597200,0.0,0.0
2021-08-27 00:00:00-04:00,144.10443150378484,145.34536755607812,143.4693148530707,145.1988067626953,55802400,0.0,0.0
2021-08-30 00:00:00-04:00,145.58966053577964,149.97689795560206,145.20858752404757,149.6153564453125,90956700,0.0,0.0
2021-08-31 00:00:00-04:00,149.16587817080352,149.3026732146875,147.8272249811444,148.35487365722656,86453100,0.0,0.0
2021-09-01 00:00:00-04:00,149.33198527371385,151.43276949828842,148.8531951656688,149.01930236816406,80313700,0.0,0.0
2021-09-02 00:00:00-04:00,150.34814443756616,151.17869519131676,148.911789313974,150.1331787109375,71115500,0.0,0.0
2021-09-03 00:00:00-04:00,150.24069238740682,151.09078972052774,149.5860293255129,150.76834106445312,57808700,0.0,0.0
2021-09-07 00:00:00-04:00,151.4230496190897,153.6606295652861,150.85632286325858,153.1036834716797,82278300,0.0,0.0
2021-09-08 00:00:00-04:00,153.38699333617137,153.44561765373206,150.4556581818044,151.55979919433594,74420200,0.0,0.0
2021-09-09 00:00:00-04:00,151.93112186962642,152.53692642541913,150.42636132134103,150.5436248779297,57305700,0.0,0.0
2021-09-10 00:00:00-04:00,151.45231569560596,151.9213251437336,145.2965089144569,145.56033325195312,140893200,0.0,0.0
2021-09-13 00:00:00-04:00,147.18237311566395,147.954284971399,145.3453979370689,146.12709045410156,102404300,0.0,0.0
2021-09-14 00:00:00-04:00,146.9087519585389,147.61227358439965,143.5474852815467,144.7297821044922,109296300,0.0,0.0
2021-09-15 00:00:00-04:00,145.15972903193406,146.01959220126037,143.01985176888803,145.6189727783203,83281300,0.0,0.0
2021-09-16 00:00:00-04:00,145.04246503666727,145.56033305169905,143.8503875542624,145.3844451904297,68034100,0.0,0.0
2021-09-17 00:00:00-04:00,145.4137565229727,145.4137565229727,142.423782481279,142.7169189453125,129868800,0.0,0.0
2021-09-20 00:00:00-04:00,140.50866688674913,141.52485650500037,138.0365754530921,139.66835021972656,123478900,0.0,0.0
2021-09-21 00:00:00-04:00,140.6356810985669,141.29035906389458,139.51200859720305,140.14712524414062,75834000,0.0,0.0
2021-09-22 00:00:00-04:00,141.14378392401113,143.0784609405733,140.4109501394529,142.51174926757812,76404300,0.0,0.0
2021-09-23 00:00:00-04:00,143.29344195401745,143.71360778815728,142.30656438659437,143.46932983398438,64838200,0.0,0.0
2021-09-24 00:00:00-04:00,142.32609558654582,144.09466540021555,142.2283784515029,143.5572509765625,53477900,0.0,0.0
2021-09-27 00:00:00-04:00,142.1404875521175,142.6192778120824,140.52825867374906,142.0427703857422,74150700,0.0,0.0
2021-09-28 00:00:00-04:00,139.9712831876772,141.43695107445913,138.4469909709511,138.66195678710938,108972300,0.0,0.0
2021-09-29 00:00:00-04:00,139.2091064976362,141.14378350850296,138.77917495976774,139.5608673095703,74602000,0.0,0.0
2021-09-30 00:00:00-04:00,140.37185613978193,141.07537768507382,138.0463257589815,138.26129150390625,89056700,0.0,0.0
2021-10-01 00:00:00-04:00,138.65216064526572,139.64881887167329,135.9260252404235,139.38499450683594,94639600,0.0,0.0
2021-10-04 00:00:00-04:00,138.5153657120816,138.9550779570537,135.10525501528176,135.95533752441406,98322000,0.0,0.0
2021-10-05 00:00:00-04:00,136.29733265175278,138.98439014714222,136.1703033445533,137.8802490234375,80861100,0.0,0.0
2021-10-06 00:00:00-04:00,136.27778622694314,138.8964387383312,135.20295726507902,138.7498779296875,83221100,0.0,0.0
2021-10-07 00:00:00-04:00,139.7855986818326,140.9190518423827,139.45338427911526,140.0103302001953,61732700,0.0,0.0
2021-10-08 00:00:00-04:00,140.73338282452485,140.87994360098938,139.29702757701324,139.62924194335938,58773200,0.0,0.0
2021-10-11 00:00:00-04:00,139.0137022391212,141.49555969160025,138.56422424355534,139.5413360595703,64452200,0.0,0.0
2021-10-12 00:00:00-04:00,139.95173660619236,139.9712830193318,137.8118591085372,138.27110290527344,73035900,0.0,0.0
2021-10-13 00:00:00-04:00,138.00727840066958,138.163604960137,136.01396194464323,137.68482971191406,78762700,0.0,0.0
2021-10-14 00:00:00-04:00,138.85733053427336,140.58682224669744,138.27105760850728,140.4695587158203,69907100,0.0,0.0
2021-10-15 00:00:00-04:00,140.4793244980003,141.58345035426535,140.22526596595307,141.5248260498047,67940300,0.0,0.0
2021-10-18 00:00:00-04:00,140.1666871499396,143.47909561279081,139.88333128324254,143.19573974609375,85589200,0.0,0.0
2021-10-19 00:00:00-04:00,143.64518755891186,145.75575243725564,143.1957245202807,145.35513305664062,76378900,0.0,0.0
2021-10-20 00:00:00-04:00,145.29650879090318,146.32247907181252,144.7297822080243,145.84368896484375,58418800,0.0,0.0
2021-10-21 00:00:00-04:00,145.40400691653662,146.21501151275598,144.48551942420278,146.0586700439453,61421000,0.0,0.0
2021-10-22 00:00:00-04:00,146.26388560104417,146.7426608994433,145.2379151037615,145.28677368164062,58883400,0.0,0.0
2021-10-25 00:00:00-04:00,145.27697769272697,145.95118723150932,144.24124155296286,145.23789978027344,50720600,0.0,0.0
2021-10-26 00:00:00-04:00,145.91212476055014,147.3875583918874,145.59944178965912,145.90235900878906,60893400,0.0,0.0
2021-10-27 00:00:00-04:00,145.94140632392705,146.30293288736218,145.09132390307514,145.44308471679688,56094900,0.0,0.0
2021-10-28 00:00:00-04:00,146.39086968766787,149.6641846605071,146.2931525621037,149.0779266357422,100077900,0.0,0.0
2021-10-29 00:00:00-04:00,143.85040287273776,146.5081482073945,143.0589446865979,146.37135314941406,124953200,0.0,0.0
2021-11-01 00:00:00-04:00,145.57987978563986,146.2736207539483,144.4171144592604,145.55056762695312,74588300,0.0,0.0
2021-11-02 00:00:00-04:00,145.25741606122364,148.10081443519022,145.2476354029817,146.58628845214844,69122000,0.0,0.0
2021-11-03 00:00:00-04:00,146.94780015379607,148.4916381367387,146.39085434317073,148.0226287841797,54511500,0.0,0.0
2021-11-04 00:00:00-04:00,148.11059575284676,148.94113176601576,147.192108353955,147.50479125976562,60394600,0.0,0.0
2021-11-05 00:00:00-04:00,148.6300964838691,148.93344079375584,146.83937063089465,148.03318786621094,65463900,0.22,0.0
2021-11-08 00:00:00-05:00,148.1604409815022,148.3170106437663,146.93726849126057,147.2112579345703,55020900,0.0,0.0
2021-11-09 00:00:00-05:00,146.97636409239348,148.17996131979666,146.8393694074151,147.57327270507812,56787900,0.0,0.0
2021-11-10 00:00:00-05:00,146.8002509889988,146.9078907486886,144.67682566721112,144.7453155517578,65187100,0.0,0.0
2021-11-11 00:00:00-05:00,145.76302891424749,146.22292804332957,144.51048652142552,144.6964111328125,41000000,0.0,0.0
2021-11-12 00:00:00-05:00,145.24437287945577,147.17209373098063,144.3147648635999,146.77090454101562,63804000,0.0,0.0
2021-11-15 00:00:00-05:00,147.1427090779816,148.6203105600799,146.22288125155492,146.78065490722656,59222800,0.0,0.0
2021-11-16 00:00:00-05:00,146.72195341819835,148.23868992516853,146.13482479249984,147.7592010498047,59256200,0.0,0.0
2021-11-17 00:00:00-05:00,147.75919078814144,151.67334153749616,147.7494107865361,150.1957550048828,88807000,0.0,0.0
2021-11-18 00:00:00-05:00,150.4110002081882,155.2645376696179,149.76516189823528,154.48170471191406,137827700,0.0,0.0
2021-11-19 00:00:00-05:00,154.26650941148296,157.56419261801545,153.17055163174547,157.10427856445312,117305600,0.0,0.0
2021-11-22 00:00:00-05:00,158.20998681834752,162.14371301680876,157.54458827093626,157.5641632080078,117467900,0.0,0.0
2021-11-23 00:00:00-05:00,157.6619859753906,158.3273993610191,155.64620074677185,157.94577026367188,96041900,0.0,0.0
2021-11-24 00:00:00-05:00,157.29993896578694,158.660105803449,156.21376149604953,158.4644012451172,69463600,0.0,0.0
2021-11-26 00:00:00-05:00,156.14527755829806,157.00638063396804,153.00416477836077,153.4445037841797,76959800,0.0,0.0
2021-11-29 00:00:00-05:00,155.9495652762871,157.73051124922804,155.38201155737082,156.8009033203125,88748200,0.0,0.0
2021-11-30 00:00:00-05:00,156.55627065978888,161.9675835913138,156.48776584559891,161.75230407714844,174048100,0.0,0.0
2021-12-01 00:00:00-05:00,163.88550209995378,166.6449857878265,160.99881865483053,161.23367309570312,152052500,0.0,0.0
2021-12-02 00:00:00-05:00,155.3331118145511,160.6759203936693,154.41328379839803,160.245361328125,136739200,0.0,0.0
2021-12-03 00:00:00-05:00,160.4997512359703,161.41957902573364,156.29203631008477,158.3665313720703,118023100,0.0,0.0
2021-12-06 00:00:00-05:00,160.7639885662799,164.27695105253582,160.75420856233345,161.7718963623047,107497000,0.0,0.0
2021-12-07 00:00:00-05:00,165.4511829707639,167.89752761795768,164.72705957992557,167.506103515625,120405400,0.0,0.0
2021-12-08 00:00:00-05:00,168.43571937748263,172.18352101189242,167.03640253357247,171.32240295410156,116998900,0.0,0.0
2021-12-09 00:00:00-05:00,171.15604705270513,172.95655298827864,170.18728927314578,170.8135528564453,108923700,0.0,0.0
2021-12-10 00:00:00-05:00,171.4496116481563,175.77474686026093,170.9407678198788,175.59860229492188,115402700,0.0,0.0
2021-12-13 00:00:00-05:00,177.2327699190323,178.22110269969062,171.76274694249355,171.96824645996094,153237000,0.0,0.0
2021-12-14 00:00:00-05:00,171.48878466324098,173.92534966083014,168.51403571018346,170.58853149414062,139380400,0.0,0.0
2021-12-15 00:00:00-05:00,171.35176719309973,175.6475478496639,168.6118581679586,175.45184326171875,131063300,0.0,0.0
2021-12-16 00:00:00-05:00,175.43223547777242,177.25231617436867,167.08531019517628,168.56289672851562,150185800,0.0,0.0
2021-12-17 00:00:00-05:00,166.28289706807027,169.74692873915046,166.04805758616632,167.46693420410156,195432700,0.0,0.0
2021-12-20 00:00:00-05:00,164.66834446331637,166.91898445345717,163.8659512088188,166.10679626464844,107499100,0.0,0.0
2021-12-21 00:00:00-05:00,167.8779505711604,169.48275204230814,165.49031583648394,169.2772674560547,91185900,0.0,0.0
2021-12-22 00:00:00-05:00,169.32617236411534,172.08565609490324,168.45527432954148,171.87037658691406,92135300,0.0,0.0
2021-12-23 00:00:00-05:00,172.07587897729215,173.05441678226669,171.50832525865067,172.49664306640625,68356600,0.0,0.0
2021-12-27 00:00:00-05:00,173.28923408120028,176.54776634572997,173.26967407814607,176.45970153808594,74919600,0.0,0.0
2021-12-28 00:00:00-05:00,176.29336988152778,177.43825729141835,174.69834852343934,175.44203186035156,79144300,0.0,0.0
2021-12-29 00:00:00-05:00,175.48119097181373,176.75329313798875,174.3167285642682,175.53012084960938,62348900,0.0,0.0
2021-12-30 00:00:00-05:00,175.61820512711046,176.69460283265636,174.2678179931173,174.37545776367188,59773000,0.0,0.0
2021-12-31 00:00:00-05:00,174.2678163999058,175.38334904304386,173.45562812611084,173.7589874267578,64062300,0.0,0.0
2022-01-03 00:00:00-05:00,174.0133871781769,178.9550062933326,173.89596741451703,178.10366821289062,104487900,0.0,0.0
2022-01-04 00:00:00-05:00,178.71037008888723,179.01371442958575,175.27569272230144,175.84324645996094,99310400,0.0,0.0
2022-01-05 00:00:00-05:00,175.7551772531539,176.3031560396219,170.89184312629723,171.16583251953125,94537600,0.0,0.0
2022-01-06 00:00:00-05:00,168.99346035254746,171.53766438344002,167.95621276391145,168.30848693847656,96904000,0.0,0.0
2022-01-07 00:00:00-05:00,169.17940193566972,170.40257420223315,167.35932100577125,168.474853515625,86709100,0.0,0.0
2022-01-10 00:00:00-05:00,165.45114734140734,168.79774430633347,164.5606744980765,168.49440002441406,106765600,0.0,0.0
2022-01-11 00:00:00-05:00,168.62164395189677,171.4202477771128,167.15383722500894,171.32240295410156,76138300,0.0,0.0
2022-01-12 00:00:00-05:00,172.34005950483805,173.37730710526796,171.06797240622825,171.76272583007812,74805200,0.0,0.0
2022-01-13 00:00:00-05:00,172.0073465977702,172.82931463870656,168.10297600637327,168.49440002441406,84505800,0.0,0.0
2022-01-14 00:00:00-05:00,167.66266389110206,170.05029852382498,167.4180294399018,169.3555450439453,80440800,0.0,0.0
2022-01-18 00:00:00-05:00,167.82900716362772,168.83689986985863,165.77408681023036,166.1557159423828,90956700,0.0,0.0
2022-01-19 00:00:00-05:00,166.35143003303915,167.40825267441707,162.37856885772902,162.66233825683594,94815000,0.0,0.0
2022-01-20 00:00:00-05:00,163.39625309442948,166.0383024176851,160.65634400941124,160.97926330566406,91420500,0.0,0.0
2022-01-21 00:00:00-05:00,160.89118731707072,162.76019814543096,158.81669190708894,158.92433166503906,122848900,0.0,0.0
2022-01-24 00:00:00-05:00,156.58560899416545,158.8166737850042,151.37978119467465,158.15126037597656,162294600,0.0,0.0
2022-01-25 00:00:00-05:00,155.56795099632697,159.26682305990172,153.65002507588994,156.3507843017578,115798400,0.0,0.0
2022-01-26 00:00:00-05:00,159.99093736491258,160.8618354481178,154.43284958250229,156.26271057128906,108275300,0.0,0.0
2022-01-27 00:00:00-05:00,158.96346843901696,160.32363543352318,154.88296745549835,155.80279541015625,121954600,0.0,0.0
2022-01-28 00:00:00-05:00,162.15352186578443,166.6939371213685,159.3059729952558,166.6743621826172,179935700,0.0,0.0
2022-01-31 00:00:00-05:00,166.5079843021577,171.2441033483954,165.87192581665457,171.02882385253906,115541600,0.0,0.0
2022-02-01 00:00:00-05:00,170.2753591337895,171.08754730875657,168.61184784118433,170.86248779296875,86213900,0.0,0.0
2022-02-02 00:00:00-05:00,170.99946801633135,172.10522042730014,169.60994623393472,172.06607055664062,84914300,0.0,0.0
2022-02-03 00:00:00-05:00,170.7352853699913,172.4575215973305,168.42593537257994,169.18919372558594,89418100,0.0,0.0
2022-02-04 00:00:00-05:00,168.20939100229583,170.5804825811808,167.22960653014735,168.90504455566406,82465400,0.22,0.0
2022-02-07 00:00:00-05:00,169.36555780513737,170.43351937589156,167.49416572772904,168.1898193359375,77251200,0.0,0.0
2022-02-08 00:00:00-05:00,168.25837758980256,171.80520742660315,167.96443926792173,171.29571533203125,74829200,0.0,0.0
2022-02-09 00:00:00-05:00,172.49106914991745,173.07893089654075,171.36430797248656,172.71641540527344,71285000,0.0,0.0
2022-02-10 00:00:00-05:00,170.6196718007765,171.93257943938036,168.08203354026793,168.6405029296875,90865900,0.0,0.0
2022-02-11 00:00:00-05:00,168.8462728505392,169.58111126110254,164.64298876993468,165.23086547851562,98670700,0.0,0.0
2022-02-14 00:00:00-05:00,163.98651932384257,166.1518495458794,163.19289630795137,165.46600341796875,86185500,0.0,0.0
2022-02-15 00:00:00-05:00,167.5137664381475,169.45373566949445,166.80832036305304,169.29696655273438,62527400,0.0,0.0
2022-02-16 00:00:00-05:00,168.37599760906474,169.8358671652493,166.61238225395954,169.0618438720703,61177400,0.0,0.0
2022-02-17 00:00:00-05:00,167.57253401447812,168.43474911832254,165.06428820364812,165.46600341796875,69589300,0.0,0.0
2022-02-18 00:00:00-05:00,166.3870146722984,167.0924457737123,162.83039207397334,163.91795349121094,82772700,0.0,0.0
2022-02-22 00:00:00-05:00,161.64483056360834,163.32026851174712,158.872038841447,160.99818420410156,91162800,0.0,0.0
2022-02-23 00:00:00-05:00,162.19352949330056,162.7911986729469,156.52058346872764,156.83412170410156,90009200,0.0,0.0
2022-02-24 00:00:00-05:00,149.49553451506446,159.5579264390306,148.9272576589058,159.4501495361328,141147500,0.0,0.0
2022-02-25 00:00:00-05:00,160.5278794584224,161.78200234869726,157.61791846840168,161.51747131347656,91974200,0.0,0.0
2022-02-28 00:00:00-05:00,159.76368938483503,162.0759818545117,159.1464202451589,161.78204345703125,95056600,0.0,0.0
2022-03-01 00:00:00-05:00,161.37049453342058,163.23209394256236,158.69568719407653,159.90081787109375,83474400,0.0,0.0
2022-03-02 00:00:00-05:00,161.06678613054137,163.97674752234462,159.65589394659725,163.1929168701172,79724800,0.0,0.0
2022-03-03 00:00:00-05:00,165.06429046074288,165.49539801856008,162.20332160924863,162.86956787109375,76678400,0.0,0.0
2022-03-04 00:00:00-05:00,161.16476749621853,162.20333673673338,158.82308299816066,159.87144470214844,83737200,0.0,0.0
2022-03-07 00:00:00-05:00,160.05760426701897,161.6840502038395,155.82492784594277,156.07968139648438,96418800,0.0,0.0
2022-03-08 00:00:00-05:00,155.6094012673305,159.58732445146612,152.65044751471495,154.25729370117188,131148300,0.0,0.0
2022-03-09 00:00:00-05:00,158.21558423430952,160.1065759424101,156.187438255504,159.65586853027344,91454900,0.0,0.0
2022-03-10 00:00:00-05:00,156.9614757494235,157.14763719865718,152.82678391494153,155.31544494628906,105342000,0.0,0.0
2022-03-11 00:00:00-05:00,155.71714267170483,156.06007322521145,151.37670453340775,151.60205078125,96970100,0.0,0.0
2022-03-14 00:00:00-04:00,148.38834185067742,151.0043643598726,147.0656419035059,147.5751190185547,108732100,0.0,0.0
2022-03-15 00:00:00-04:00,147.84950323761805,152.42511088063213,147.3400259647883,151.95480346679688,92964300,0.0,0.0
2022-03-16 00:00:00-04:00,153.87515407206308,156.76551526978483,151.33751588171134,156.36380004882812,102300200,0.0,0.0
2022-03-17 00:00:00-04:00,155.4035941882953,157.74527815418617,154.44340972475143,157.37295532226562,75615400,0.0,0.0
2022-03-18 00:00:00-04:00,157.2652159266267,161.15496186500974,156.53037749922927,160.66506958007812,123511700,0.0,0.0
2022-03-21 00:00:00-04:00,160.2045664067095,162.9871658912754,159.71467413165345,162.03677368164062,95811400,0.0,0.0
2022-03-22 00:00:00-04:00,162.164127307338,165.9950882926474,161.5762655771906,165.4072265625,81532000,0.0,0.0
2022-03-23 00:00:00-04:00,164.59404174807565,169.15003475063193,164.2609035784897,166.7691650390625,98062700,0.0,0.0
2022-03-24 00:00:00-04:00,167.60194065734933,170.61967882805246,166.76913277034842,170.5511016845703,90131400,0.0,0.0
2022-03-25 00:00:00-04:00,170.36494232979024,171.73663471959298,169.25778100424003,171.18795776367188,80546200,0.0,0.0
2022-03-28 00:00:00-04:00,168.6895021580393,172.1775327221898,168.52294058057433,172.0501708984375,90371900,0.0,0.0
2022-03-29 00:00:00-04:00,173.11813946075333,175.39123190730578,172.77520887835874,175.34225463867188,100589400,0.0,0.0
2022-03-30 00:00:00-04:00,174.94053078604693,175.979099995584,173.12792342578476,174.17630004882812,92633200,0.0,0.0
2022-03-31 00:00:00-04:00,174.2448693810398,174.4310308254092,170.8744083575564,171.08016967773438,103049300,0.0,0.0
2022-04-01 00:00:00-04:00,170.51191638497735,171.3447392929013,168.46417011530542,170.7862548828125,78751300,0.0,0.0
2022-04-04 00:00:00-04:00,171.04100211349504,174.88175589117134,170.91362533338986,174.832763671875,76468400,0.0,0.0
2022-04-05 00:00:00-04:00,173.91177990560575,174.69561063609092,170.89404131095085,171.52110290527344,73401800,0.0,0.0
2022-04-06 00:00:00-04:00,168.87566890286308,170.11999949152553,166.69075350018778,168.35638427734375,89058800,0.0,0.0
2022-04-07 00:00:00-04:00,167.69992580849703,169.85544881098227,166.41641045043957,168.6601104736328,77594700,0.0,0.0
2022-04-08 00:00:00-04:00,168.307342341053,168.307342341053,165.77949710583576,166.65150451660156,76575500,0.0,0.0
2022-04-11 00:00:00-04:00,165.29944535757966,165.61296861541499,162.1543306146452,162.39927673339844,72246700,0.0,0.0
2022-04-12 00:00:00-04:00,164.62339868320723,166.4359910689201,163.27129126604743,164.2706756591797,79265200,0.0,0.0
2022-04-13 00:00:00-04:00,164.00613046155772,167.58233798502656,163.39866884231074,166.9552764892578,70618900,0.0,0.0
2022-04-14 00:00:00-04:00,167.17083120352376,167.80770011623432,161.70363174912274,161.94857788085938,75329400,0.0,0.0
2022-04-18 00:00:00-04:00,160.60627109784113,163.23210129361956,160.2633554980497,161.7330322265625,69023900,0.0,0.0
2022-04-19 00:00:00-04:00,161.6840380358106,164.4274375522312,160.59647667199232,164.0159149169922,67723800,0.0,0.0
2022-04-20 00:00:00-04:00,165.34841899344127,165.46600329408383,162.74220370933205,163.84934997558594,67929800,0.0,0.0
2022-04-21 00:00:00-04:00,165.49540922825548,168.06243992326603,162.55605562621574,163.0557403564453,87227800,0.0,0.0
2022-04-22 00:00:00-04:00,163.09492410815207,164.47640880332085,158.23518671810965,158.51931762695312,84882400,0.0,0.0
2022-04-25 00:00:00-04:00,157.8628653370747,159.87142644375086,155.25665006996203,159.58729553222656,96046400,0.0,0.0
2022-04-26 00:00:00-04:00,158.9700728247103,159.05824986254345,153.5518644508096,153.6302490234375,95623200,0.0,0.0
2022-04-27 00:00:00-04:00,152.7582001127346,156.55975368530983,152.2389155403168,153.4048614501953,88063200,0.0,0.0
2022-04-28 00:00:00-04:00,156.03070106321982,161.194170207573,155.7171628080034,160.3319549560547,130216800,0.0,0.0
2022-04-29 00:00:00-04:00,158.568327600733,162.84018882642286,154.07112011517893,154.46302795410156,131747600,0.0,0.0
2022-05-02 00:00:00-04:00,153.54199334464877,155.03125461082482,150.17153319957092,154.7667236328125,123055300,0.0,0.0
2022-05-03 00:00:00-04:00,154.95291204808,157.46117291588328,153.15991957685017,156.2560272216797,88966500,0.0,0.0
2022-05-04 00:00:00-04:00,156.44219580516028,163.1145261346623,156.04048055543203,162.66383361816406,108256500,0.0,0.0
2022-05-05 00:00:00-04:00,160.5376906280676,160.76303686900772,151.8175999162394,153.60081481933594,130525300,0.0,0.0
2022-05-06 00:00:00-04:00,153.08074566682737,156.44635165846242,151.28510401095104,154.326904296875,116124600,0.23,0.0
2022-05-09 00:00:00-04:00,152.02103374851995,152.90414437032265,148.6456356183626,149.20492553710938,131577900,0.0,0.0
2022-05-10 00:00:00-04:00,152.59997843272657,153.79707304983472,150.05859659800515,151.6089324951172,115366700,0.0,0.0
2022-05-11 00:00:00-04:00,150.61789721596364,152.53128118939546,143.07228159830737,143.74932861328125,142689800,0.0,0.0
2022-05-12 00:00:00-04:00,140.08936442340104,143.45495579096956,136.19390367446763,139.88330078125,182602000,0.0,0.0
2022-05-13 00:00:00-04:00,141.8751960845671,145.31930242919321,140.422988536555,144.34788513183594,113990900,0.0,0.0
2022-05-16 00:00:00-04:00,142.8171643521235,144.7501769403197,141.4728772141811,142.80734252929688,86643800,0.0,0.0
2022-05-17 00:00:00-04:00,146.0650115425021,146.95792901438662,143.9259353445969,146.43788146972656,78336300,0.0,0.0
2022-05-18 00:00:00-04:00,144.09277542323014,144.59319436014727,137.27325546059197,138.17599487304688,109742900,0.0,0.0
2022-05-19 00:00:00-04:00,137.25361360845713,139.0001910759216,134.03520018713232,134.7711181640625,136095600,0.0,0.0
2022-05-20 00:00:00-04:00,136.47844306099526,138.05821430560903,130.12011571020568,135.00660705566406,137426100,0.0,0.0
2022-05-23 00:00:00-04:00,135.20285452842407,140.57015125059797,135.0654837610607,140.4229736328125,117726300,0.0,0.0
2022-05-24 00:00:00-04:00,138.1661572066265,139.3043807072169,134.75150167714628,137.724609375,104132700,0.0,0.0
2022-05-25 00:00:00-04:00,135.83086748545804,139.12778160669652,135.74256089517434,137.8816375732422,92482700,0.0,0.0
2022-05-26 00:00:00-04:00,134.81037721904417,141.62988165478208,134.56507119637524,141.0803985595703,90601500,0.0,0.0
2022-05-27 00:00:00-04:00,142.6601657784012,146.869610416665,142.5326018592053,146.8303680419922,90978500,0.0,0.0
2022-05-31 00:00:00-04:00,146.2710719434681,147.8312145429356,144.08293159739236,146.04537963867188,103718400,0.0,0.0
2022-06-01 00:00:00-04:00,147.08549081541827,148.8909545900905,144.90717205322113,145.9178466796875,74286600,0.0,0.0
2022-06-02 00:00:00-04:00,145.05438313661304,148.42979696294097,144.1025944132952,148.3709259033203,72348100,0.0,0.0
2022-06-03 00:00:00-04:00,144.14179449565412,145.19171132509297,141.74762059734428,142.6503448486328,88570300,0.0,0.0
2022-06-06 00:00:00-04:00,144.26934578263374,145.78043894130977,142.179334128492,143.39605712890625,71598400,0.0,0.0
2022-06-07 00:00:00-04:00,141.63970888221743,146.20239508903217,141.39440285018887,145.9178466796875,67808200,0.0,0.0
2022-06-08 00:00:00-04:00,145.79025407304024,147.0560263615052,144.69128805686674,145.18190002441406,53950200,0.0,0.0
2022-06-09 00:00:00-04:00,144.318460453583,145.17212073609275,139.8538872463902,139.96182250976562,69473000,0.0,0.0
2022-06-10 00:00:00-04:00,137.64610169004794,138.117085018381,134.48655920841233,134.5552520751953,91437900,0.0,0.0
2022-06-13 00:00:00-04:00,130.37522601482007,132.6614796951245,128.9720829038409,129.40382385253906,122207100,0.0,0.0
2022-06-14 00:00:00-04:00,130.63036655754385,131.3760914682962,129.01133784221852,130.26730346679688,84784300,0.0,0.0
2022-06-15 00:00:00-04:00,131.76856647591572,134.76130271815364,129.67856950370555,132.8871612548828,91533000,0.0,0.0
2022-06-16 00:00:00-04:00,129.60008071626916,129.90425779121338,126.61715107258264,127.61800384521484,108123900,0.0,0.0
2022-06-17 00:00:00-04:00,127.62784446904057,130.58132405033675,127.3727165836019,129.08985900878906,134520300,0.0,0.0
2022-06-21 00:00:00-04:00,130.91489774710016,134.48655232988557,130.81678433537272,133.3188934326172,81000500,0.0,0.0
2022-06-22 00:00:00-04:00,132.25918724085466,135.17342395812105,131.39572023105475,132.80868530273438,73409200,0.0,0.0
2022-06-23 00:00:00-04:00,134.25110181028134,135.98785785879153,133.08344262037107,135.6738739013672,72433800,0.0,0.0
2022-06-24 00:00:00-04:00,137.27324957478913,139.24551965514786,137.1457006192552,139.00021362304688,89116800,0.0,0.0
2022-06-27 00:00:00-04:00,140.02068012877845,140.79585557470105,138.32316657888146,139.00021362304688,70207900,0.0,0.0
2022-06-28 00:00:00-04:00,139.46136345282662,140.72713574825013,134.74167869464102,134.8594207763672,67083400,0.0,0.0
2022-06-29 00:00:00-04:00,134.8790886274478,138.0288100068747,134.1039131048046,136.6158447265625,66242400,0.0,0.0
2022-06-30 00:00:00-04:00,134.67300165333307,135.77196780465343,131.2583461315228,134.1529541015625,98964500,0.0,0.0
2022-07-01 00:00:00-04:00,133.48570492012948,136.42937688810812,133.11284998534265,136.32144165039062,71051600,0.0,0.0
2022-07-05 00:00:00-04:00,135.18325151505502,138.951148551157,134.35901187342057,138.90208435058594,73353800,0.0,0.0
2022-07-06 00:00:00-04:00,138.69602774966668,141.41400763305737,138.43109305954474,140.23654174804688,74064300,0.0,0.0
2022-07-07 00:00:00-04:00,140.5995991745189,143.79839942455877,140.58979232323185,143.60215759277344,66253700,0.0,0.0
2022-07-08 00:00:00-04:00,142.53262737695925,144.77963926575595,142.27751446518533,144.27920532226562,64547800,0.0,0.0
2022-07-11 00:00:00-04:00,142.93489980535588,143.88668829327412,141.08038702449986,142.14991760253906,63141600,0.0,0.0
2022-07-12 00:00:00-04:00,143.0231790018653,145.6626734804045,142.32651847225287,143.12130737304688,77588800,0.0,0.0
2022-07-13 00:00:00-04:00,140.30527050583888,143.70029825885086,139.45159516871811,142.75833129882812,71185600,0.0,0.0
2022-07-14 00:00:00-04:00,141.3747693527097,146.1533259024835,140.56035155748177,145.68234252929688,78140700,0.0,0.0
2022-07-15 00:00:00-04:00,146.96772607988603,148.0274497717396,145.41739039952375,147.35040283203125,76259900,0.0,0.0
2022-07-18 00:00:00-04:00,147.90974591488566,148.72416382298212,143.94559163866427,144.30865478515625,81420900,0.0,0.0
2022-07-19 00:00:00-04:00,145.14266864096726,148.3905180514349,144.15163767930207,148.1648406982422,82982400,0.0,0.0
2022-07-20 00:00:00-04:00,148.2825708215841,150.8337592919261,147.54665279809592,150.16651916503906,64823400,0.0,0.0
2022-07-21 00:00:00-04:00,151.5991200487024,152.64903699884627,149.08718880462706,152.43316650390625,65086600,0.0,0.0
2022-07-22 00:00:00-04:00,152.47240210045547,153.3456908921451,150.52958270466215,151.19680786132812,66675400,0.0,0.0
2022-07-25 00:00:00-04:00,151.1183116577891,152.12897123891142,149.42079823109208,150.07821655273438,53623900,0.0,0.0
2022-07-26 00:00:00-04:00,149.40118236976926,150.21560020375307,147.96860350790257,148.7535858154297,55138700,0.0,0.0
2022-07-27 00:00:00-04:00,149.7151850174758,154.37599980512033,149.30307266450654,153.84613037109375,78620700,0.0,0.0
2022-07-28 00:00:00-04:00,154.0325515340952,154.68016301876492,151.51081343985047,154.39561462402344,81378700,0.0,0.0
2022-07-29 00:00:00-04:00,158.2125962735302,160.55772152561576,156.50526076605678,159.458740234375,101786900,0.0,0.0
2022-08-01 00:00:00-04:00,157.9868660422736,160.51842568191043,157.8691239569894,158.47747802734375,67829400,0.0,0.0
2022-08-02 00:00:00-04:00,157.0939825576486,159.36060780651525,156.63280603827062,157.0056610107422,59907000,0.0,0.0
2022-08-03 00:00:00-04:00,157.82005902527283,163.4620968271696,157.73175246172306,163.0107421875,82507500,0.0,0.0
2022-08-04 00:00:00-04:00,162.89303446062004,164.05088687619767,161.34269832888046,162.69679260253906,55474100,0.0,0.0
2022-08-05 00:00:00-04:00,160.3680286094797,162.96205765324038,160.16167874542583,162.47076416015625,56697000,0.23,0.0
2022-08-08 00:00:00-04:00,163.47301089783898,164.88793871959618,161.3407986917232,161.99913024902344,60276900,0.0,0.0
2022-08-09 00:00:00-04:00,161.16397150362104,162.9326316242368,160.40737509225636,162.0482940673828,63135500,0.0,0.0
2022-08-10 00:00:00-04:00,164.7601663481459,166.39126422179922,163.99374975557845,166.2930145263672,70170500,0.0,0.0
2022-08-11 00:00:00-04:00,167.09874512344325,168.0125588424397,165.26131220591463,165.55609130859375,57149200,0.0,0.0
2022-08-12 00:00:00-04:00,166.8629135304174,169.17198373539173,166.45021384103478,169.10321044921875,68039400,0.0,0.0
2022-08-15 00:00:00-04:00,168.53335189122956,170.37078506094434,168.36631387517275,170.1742706298828,54091700,0.0,0.0
2022-08-16 00:00:00-04:00,169.77142776680165,170.685241726762,168.67093481923743,170.01707458496094,56377100,0.0,0.0
2022-08-17 00:00:00-04:00,169.76158567645695,173.08272003979997,169.56507124556938,171.51058959960938,79542000,0.0,0.0
2022-08-18 00:00:00-04:00,170.72454005460744,171.85450943039393,170.1055052698574,171.11756896972656,62290100,0.0,0.0
2022-08-19 00:00:00-04:00,170.0170261568602,170.71466951867444,168.3269753298755,168.5333251953125,70346300,0.0,0.0
2022-08-22 00:00:00-04:00,166.73521001384654,166.9022480242965,164.22960987091767,164.65213012695312,69026800,0.0,0.0
2022-08-23 00:00:00-04:00,164.17068736071377,165.77230945240632,163.74816702665038,164.3180694580078,54147100,0.0,0.0
2022-08-24 00:00:00-04:00,164.40647334198977,165.1827105189657,163.35509799580043,164.61280822753906,53841500,0.0,0.0
2022-08-25 00:00:00-04:00,165.84108652975078,167.17740588354314,165.41858117919296,167.06932067871094,51218200,0.0,0.0
2022-08-26 00:00:00-04:00,167.59989722186273,168.07153485537452,160.71195171096292,160.77090454101562,78961000,0.0,0.0
2022-08-29 00:00:00-04:00,158.34386422553015,160.06339120592008,157.037036914349,158.5698699951172,73314000,0.0,0.0
2022-08-30 00:00:00-04:00,159.3068142254931,159.72931938342805,154.97360252515915,156.14288330078125,77906200,0.0,0.0
2022-08-31 00:00:00-04:00,157.5185361319256,157.78383884788298,154.40373681361956,154.4823455810547,87991100,0.0,0.0
2022-09-01 00:00:00-04:00,153.91242016030444,155.66142374222144,151.97672265788725,155.20944213867188,74229900,0.0,0.0
2022-09-02 00:00:00-04:00,156.9682888748041,157.56766760419046,152.2715237467297,153.09689331054688,76957800,0.0,0.0
2022-09-06 00:00:00-04:00,153.74540904842692,154.3546082697241,151.01381803326322,151.8391876220703,73714800,0.0,0.0
2022-09-07 00:00:00-04:00,152.1241142058328,153.94189101263512,150.9351774352468,153.2442626953125,87449600,0.0,0.0
2022-09-08 00:00:00-04:00,151.9472441951636,153.63729493578492,150.0213671908206,151.7703857421875,84923800,0.0,0.0
2022-09-09 00:00:00-04:00,152.76280561990976,155.07189112050955,152.0553417641127,154.6297149658203,68028800,0.0,0.0
2022-09-12 00:00:00-04:00,156.81106723949068,161.39974706706778,156.52612358553827,160.58419799804688,104956000,0.0,0.0
2022-09-13 00:00:00-04:00,157.11565333541313,157.7445084078153,150.6993615052029,151.1611785888672,122656600,0.0,0.0
2022-09-14 00:00:00-04:00,152.0946413613245,154.3644300184662,150.9351958505273,152.6055908203125,87965400,0.0,0.0
2022-09-15 00:00:00-04:00,151.9570633678186,152.5368010537083,148.7440148881969,149.71676635742188,90481100,0.0,0.0
2022-09-16 00:00:00-04:00,148.57696507371128,148.71452663381027,145.78640700828322,148.07583618164062,162278800,0.0,0.0
2022-09-19 00:00:00-04:00,146.7100512063952,151.86863255679214,146.50371634850782,151.79002380371094,81474200,0.0,0.0
2022-09-20 00:00:00-04:00,150.7288529156578,155.3273682721185,150.41443284470995,154.16790771484375,107689800,0.0,0.0
2022-09-21 00:00:00-04:00,154.60024966459952,155.97588059110078,150.92538353116046,151.0432891845703,101696800,0.0,0.0
2022-09-22 00:00:00-04:00,149.72662084225365,151.7802241971407,148.28221666613402,150.08035278320312,86652500,0.0,0.0
2022-09-23 00:00:00-04:00,148.5573685560897,148.83249178632698,145.97315929376293,147.8105926513672,96029900,0.0,0.0
2022-09-26 00:00:00-04:00,147.05396595162924,151.09239889982268,147.0343100146429,148.14463806152344,93339400,0.0,0.0
2022-09-27 00:00:00-04:00,150.08037791467922,152.0258964191408,147.33895116498724,149.117431640625,84442700,0.0,0.0
2022-09-28 00:00:00-04:00,145.06914652315353,148.01690757279204,142.31789987820665,147.2308349609375,146691400,0.0,0.0
2022-09-29 00:00:00-04:00,143.55596808972413,144.16516723784525,138.2303333041484,139.99899291992188,128138200,0.0,0.0
2022-09-30 00:00:00-04:00,138.819918971248,140.60823487907734,135.59703414181732,135.79354858398438,124925300,0.0,0.0
2022-10-03 00:00:00-04:00,135.8033685254817,140.57874239032802,135.29241903979042,139.9695281982422,114311700,0.0,0.0
2022-10-04 00:00:00-04:00,142.504593932989,143.67387488258018,141.7479977315321,143.55596923828125,87830100,0.0,0.0
2022-10-05 00:00:00-04:00,141.56129385451618,144.81365391024482,140.5197392053699,143.8507080078125,79471000,0.0,0.0
2022-10-06 00:00:00-04:00,143.27097076838353,144.97084163773238,142.69124818766397,142.8975830078125,68402200,0.0,0.0
2022-10-07 00:00:00-04:00,140.05797036356424,140.60823177983056,137.0217795686969,137.650634765625,85925600,0.0,0.0
2022-10-10 00:00:00-04:00,137.97486877441406,139.4192729060871,136.15709176712548,137.97486877441406,74899000,0.0,0.0
2022-10-11 00:00:00-04:00,137.46393012049913,138.88869341854974,135.8131909792421,136.55995178222656,77033700,0.0,0.0
2022-10-12 00:00:00-04:00,136.70734348798558,137.91592138284778,135.75423283314072,135.93109130859375,70433700,0.0,0.0
2022-10-13 00:00:00-04:00,132.6394403890868,141.08968060374895,132.03022618093473,140.50013732910156,113224000,0.0,0.0
2022-10-14 00:00:00-04:00,141.79713183786654,142.00348171103434,135.78370401470698,135.97039794921875,88598000,0.0,0.0
2022-10-17 00:00:00-04:00,138.6135434297954,140.41166429206842,137.82747089841786,139.93020629882812,85250900,0.0,0.0
2022-10-18 00:00:00-04:00,142.95660950013638,144.14553155258784,138.1615794221166,141.2469024658203,99136600,0.0,0.0
2022-10-19 00:00:00-04:00,139.22275323737964,142.42598143245377,139.03605931008337,141.35496520996094,61758300,0.0,0.0
2022-10-20 00:00:00-04:00,140.5295751056751,143.34959455977452,140.1660077768585,140.89312744140625,64522000,0.0,0.0
2022-10-21 00:00:00-04:00,140.38220497154572,145.27549920361895,140.1660346242772,144.70559692382812,86548600,0.0,0.0
2022-10-24 00:00:00-04:00,144.62699951406933,147.61405773965313,143.45771845108737,146.84764099121094,75981900,0.0,0.0
2022-10-25 00:00:00-04:00,147.476495894735,149.83471395703802,146.75921150175503,149.68731689453125,74732300,0.0,0.0
2022-10-26 00:00:00-04:00,148.33134005875115,149.34340346890698,145.4621728259598,146.74937438964844,88194300,0.0,0.0
2022-10-27 00:00:00-04:00,145.49167413504986,146.45460526216635,141.6202786941001,142.2786102294922,109180200,0.0,0.0
2022-10-28 00:00:00-04:00,145.61942126085685,154.7574852960008,145.24604831703184,153.02813720703125,164762400,0.0,0.0
2022-10-31 00:00:00-04:00,150.49303288896766,151.55422867895751,149.27461957607085,150.66989135742188,97943200,0.0,0.0
2022-11-01 00:00:00-04:00,152.37961754304112,152.7431699919974,146.5332269791364,148.02674865722656,80379300,0.0,0.0
2022-11-02 00:00:00-04:00,146.35633217647393,149.5202635488904,142.47511648464766,142.5045928955078,93604600,0.0,0.0
2022-11-03 00:00:00-04:00,139.58628898595558,140.313408670562,136.33392883040858,136.461669921875,97918500,0.0,0.0
2022-11-04 00:00:00-04:00,139.84740569973505,140.4182534262788,132.25910018387182,136.1959686279297,140814800,0.23,0.0
2022-11-07 00:00:00-05:00,134.94601683421618,136.95381325392813,133.52874170596672,136.72744750976562,83374600,0.0,0.0
2022-11-08 00:00:00-05:00,138.19393528890745,139.1978259809836,135.3200229786847,137.2982940673828,89908500,0.0,0.0
2022-11-09 00:00:00-05:00,136.31407662091405,136.36329048249235,132.4657839221066,132.74136352539062,74917800,0.0,0.0
2022-11-10 00:00:00-05:00,139.0108242882595,144.5519561767578,137.2982811810409,144.5519561767578,118854000,0.0,0.0
2022-11-11 00:00:00-05:00,143.5185285677149,147.64238513720315,142.0914019190675,147.3372802734375,93979700,0.0,0.0
2022-11-14 00:00:00-05:00,146.61880940644215,147.90813128864986,145.10310679865555,145.939697265625,73374100,0.0,0.0
2022-11-15 00:00:00-05:00,149.8174908111913,151.16586309626985,146.2152535189844,147.67189025878906,89868300,0.0,0.0
2022-11-16 00:00:00-05:00,146.77626501882386,147.50457588314197,144.96529458424104,146.44161987304688,64218300,0.0,0.0
2022-11-17 00:00:00-05:00,144.11888720950952,149.0891860323431,143.8433076526517,148.3411865234375,80389400,0.0,0.0
2022-11-18 00:00:00-05:00,149.90608139833125,150.28992540848853,147.60301733738748,148.9021759033203,74829600,0.0,0.0
2022-11-21 00:00:00-05:00,147.79004119922186,147.99671837716943,145.3885491071394,145.67396545410156,58724100,0.0,0.0
2022-11-22 00:00:00-05:00,145.79208977743497,148.0459404204949,144.6110171948753,147.80972290039062,51804100,0.0,0.0
2022-11-23 00:00:00-05:00,147.0912573882817,149.43369912767082,146.9829928956722,148.68569946289062,58301400,0.0,0.0
2022-11-25 00:00:00-05:00,145.96922504559745,146.5302359602774,144.79800437919693,145.7723846435547,35195900,0.0,0.0
2022-11-28 00:00:00-05:00,142.84927987681326,144.32560563619245,141.1170630589414,141.9438018798828,69246000,0.0,0.0
2022-11-29 00:00:00-05:00,142.01263078146178,142.52442770561393,138.1348293324095,138.94187927246094,83763800,0.0,0.0
2022-11-30 00:00:00-05:00,139.16827084330671,146.3727461321645,138.33169544585772,145.69363403320312,111380900,0.0,0.0
2022-12-01 00:00:00-05:00,145.870795083282,146.77627283984336,144.29604201746156,145.96920776367188,71250400,0.0,0.0
2022-12-02 00:00:00-05:00,143.6563344518848,145.66413072697534,143.35121453595042,145.4771270751953,65447400,0.0,0.0
2022-12-05 00:00:00-05:00,145.43774157529282,148.53801893223152,143.4693076933105,144.31573486328125,68826400,0.0,0.0
2022-12-06 00:00:00-05:00,144.74881132681773,144.97517704731527,139.68008441838234,140.6544647216797,64727200,0.0,0.0
2022-12-07 00:00:00-05:00,139.94580150371553,141.10717022124382,137.79036411926236,138.7155303955078,69721100,0.0,0.0
2022-12-08 00:00:00-05:00,140.1131279990439,141.25482328488022,138.8730200272998,140.39854431152344,62128300,0.0,0.0
2022-12-09 00:00:00-05:00,140.09342685388958,143.27245818375033,138.67615214625445,139.91627502441406,76097000,0.0,0.0
2022-12-12 00:00:00-05:00,140.44779174822483,142.2193857157506,138.83367613735973,142.2095489501953,70462700,0.0,0.0
2022-12-13 00:00:00-05:00,147.14046624112265,147.60304951034107,141.96348935709867,143.174072265625,93886200,0.0,0.0
2022-12-14 00:00:00-05:00,143.05594605605327,144.3452679150581,138.9320744491566,140.94972229003906,82291200,0.0,0.0
2022-12-15 00:00:00-05:00,138.88285224146853,139.5619643292127,133.88302841156911,134.34561157226562,98931900,0.0,0.0
2022-12-16 00:00:00-05:00,134.53264031194206,135.47748033551235,131.6193510336839,132.3870391845703,160156900,0.0,0.0
2022-12-19 00:00:00-05:00,132.9775364981246,133.06611240851234,129.24736132043492,130.28077697753906,79592600,0.0,0.0
2022-12-20 00:00:00-05:00,129.31628812854967,131.146932591331,127.8399624333377,130.21192932128906,77432800,0.0,0.0
2022-12-21 00:00:00-05:00,130.88117753836192,134.6507305969255,130.65481182459862,133.31219482421875,85928000,0.0,0.0
2022-12-22 00:00:00-05:00,132.22957105725172,132.43624823454394,128.24348886904642,130.1430206298828,77852100,0.0,0.0
2022-12-23 00:00:00-05:00,128.85367283616628,130.32999816428637,127.59387642427377,129.77883911132812,63814900,0.0,0.0
2022-12-27 00:00:00-05:00,129.3064518231432,129.3359771357154,126.68843064335461,127.97775268554688,69007800,0.0,0.0
2022-12-28 00:00:00-05:00,127.62342547026658,128.9619612841453,123.883405115354,124.05072021484375,85438400,0.0,0.0
2022-12-29 00:00:00-05:00,125.969942452078,128.4206408882066,125.71405141675788,127.56437683105469,75703700,0.0,0.0
2022-12-30 00:00:00-05:00,126.38329646538533,127.8989838922634,125.41876059384748,127.8792953491211,77034200,0.0,0.0
2023-01-03 00:00:00-05:00,128.22379338136977,128.8340031338152,122.21022673136561,123.09602355957031,112117500,0.0,0.0
2023-01-04 00:00:00-05:00,124.8873030948284,126.62937150933897,123.10587260552037,124.36566925048828,89113600,0.0,0.0
2023-01-05 00:00:00-05:00,125.12350481122068,125.75340309203497,122.79091532129203,123.04680633544922,80962700,0.0,0.0
2023-01-06 00:00:00-05:00,124.02121667603627,128.23365775829015,122.91889066257082,127.57423400878906,87754700,0.0,0.0
2023-01-09 00:00:00-05:00,128.41078181603234,131.30438194257326,127.83993420444634,128.0958251953125,70790800,0.0,0.0
2023-01-10 00:00:00-05:00,128.20411901412172,129.18833615231142,126.09789493911427,128.6667022705078,63896200,0.0,0.0
2023-01-11 00:00:00-05:00,129.1784814447806,131.4028064616691,128.40095662151043,131.3831329345703,69458900,0.0,0.0
2023-01-12 00:00:00-05:00,131.76698078856714,132.14097304777255,129.36548883237654,131.3043975830078,71379600,0.0,0.0
2023-01-13 00:00:00-05:00,129.94617875784812,132.79056549396478,129.58202324711493,132.63308715820312,57809700,0.0,0.0
2023-01-17 00:00:00-05:00,132.7019674841355,135.12313266732727,132.01301865225,133.79444885253906,63646600,0.0,0.0
2023-01-18 00:00:00-05:00,134.66056331872014,136.42230495988363,132.8988066595986,133.0759735107422,69672800,0.0,0.0
2023-01-19 00:00:00-05:00,131.96381962844052,134.0995687562006,131.65871475561192,133.13504028320312,58280400,0.0,0.0
2023-01-20 00:00:00-05:00,133.14486670992753,135.84162653742413,132.1015991542997,135.69398498535156,80223600,0.0,0.0
2023-01-23 00:00:00-05:00,135.94007397852303,141.05801539977267,135.72354499448727,138.8828887939453,81760300,0.0,0.0
2023-01-24 00:00:00-05:00,138.0955235077339,140.90054874979387,138.08568674144692,140.28048706054688,66435100,0.0,0.0
2023-01-25 00:00:00-05:00,138.6663712742334,140.1820592698315,136.61919754007474,139.62106323242188,65799300,0.0,0.0
2023-01-26 00:00:00-05:00,140.9103416541343,141.9732977828438,139.6603818984353,141.68788146972656,54105100,0.0,0.0
2023-01-27 00:00:00-05:00,140.90051489349364,144.9062704324847,140.82177572822627,143.6267852783203,70555800,0.0,0.0
2023-01-30 00:00:00-05:00,142.6721295386836,143.25281407268088,140.59543068062553,140.74305725097656,64015300,0.0,0.0
2023-01-31 00:00:00-05:00,140.4477482733763,142.0618633846007,140.03437897857034,142.0126495361328,65874500,0.0,0.0
2023-02-01 00:00:00-05:00,141.69768031568586,144.296011817917,139.08951205286192,143.13462829589844,77663600,0.0,0.0
2023-02-02 00:00:00-05:00,146.5498959772077,148.7939093931277,145.831421817907,148.43960571289062,118339000,0.0,0.0
2023-02-03 00:00:00-05:00,145.69368223370049,154.89611977583527,145.49684178200022,152.0615692138672,154357300,0.0,0.0
2023-02-06 00:00:00-05:00,150.1620199448286,150.6836538403975,148.4002628109197,149.33526611328125,69858300,0.0,0.0
2023-02-07 00:00:00-05:00,148.26246234257331,152.7800151967711,148.26246234257331,152.20916748046875,83322600,0.0,0.0
2023-02-08 00:00:00-05:00,151.45133472995892,152.14028370808583,148.7840997356859,149.5222625732422,64120100,0.0,0.0
2023-02-09 00:00:00-05:00,151.35289040745275,151.89421276586904,148.04592065726195,148.4888153076172,56007100,0.0,0.0
2023-02-10 00:00:00-05:00,147.32569243849323,149.1788354914484,147.08911426452642,148.85354614257812,57450700,0.23,0.0
2023-02-13 00:00:00-05:00,148.79438841262413,152.0571182724141,148.7648180243575,151.65298461914062,62199000,0.0,0.0
2023-02-14 00:00:00-05:00,149.9476888936107,151.5741355635304,148.7056873791277,151.01226806640625,61707600,0.0,0.0
2023-02-15 00:00:00-05:00,150.92353288699502,153.27940219693946,150.6968215839401,153.11183166503906,65573800,0.0,0.0
2023-02-16 00:00:00-05:00,151.31781291605773,154.09754945424802,151.16010920849044,151.5149688720703,68167900,0.0,0.0
2023-02-17 00:00:00-05:00,150.17438009343803,150.81509178729078,148.6958007621901,150.37152099609375,59144100,0.0,0.0
2023-02-21 00:00:00-05:00,148.05510409777494,149.1394018439348,146.29067235544917,146.3596649169922,58867200,0.0,0.0
2023-02-22 00:00:00-05:00,146.74408634882758,147.80866542554767,145.0585140913541,146.7835235595703,51011300,0.0,0.0
2023-02-23 00:00:00-05:00,147.9466436470061,148.19307353450165,145.13735195408904,147.26649475097656,48394200,0.0,0.0
2023-02-24 00:00:00-05:00,145.00921102304162,145.08807039598366,143.6390613800591,144.61492919921875,55469600,0.0,0.0
2023-02-27 00:00:00-05:00,145.60067024018994,147.039812645864,145.34437348016522,145.8076629638672,44998500,0.0,0.0
2023-02-28 00:00:00-05:00,144.9501024216552,146.95111245136155,144.73324285815977,145.30496215820312,50547000,0.0,0.0
2023-03-01 00:00:00-05:00,144.73322244168676,145.12750429739225,142.9392054041828,143.23492431640625,55479000,0.0,0.0
2023-03-02 00:00:00-05:00,142.31822024697658,144.61494903595985,141.84506394442167,143.8263702392578,52238100,0.0,0.0
2023-03-03 00:00:00-05:00,145.9259528752422,148.9521198871165,145.22610023869615,148.87326049804688,70732300,0.0,0.0
2023-03-06 00:00:00-05:00,151.59384830577196,154.0680147422593,151.26857399298945,151.63328552246094,87558000,0.0,0.0
2023-03-07 00:00:00-05:00,151.50512207262017,151.83041139396585,148.9718301446463,149.43511962890625,56182000,0.0,0.0
2023-03-08 00:00:00-05:00,150.62780991403972,151.2783884609091,149.66180891591966,150.68695068359375,47204800,0.0,0.0
2023-03-09 00:00:00-05:00,151.36711819838627,152.33311931510104,148.08466971716794,148.4395294189453,53833600,0.0,0.0
2023-03-10 00:00:00-05:00,148.0649974904625,148.78456882882224,145.5021196528658,146.37940979003906,68572400,0.0,0.0
2023-03-13 00:00:00-04:00,145.69921030606648,150.95309752980933,145.59078054944564,148.32122802734375,84457100,0.0,0.0
2023-03-14 00:00:00-04:00,149.11968969699433,151.209410853691,147.95654755608294,150.41098022460938,73695900,0.0,0.0
2023-03-15 00:00:00-04:00,149.03096880678774,151.06154904978908,147.7791005346977,150.80526733398438,77167900,0.0,0.0
2023-03-16 00:00:00-04:00,149.98709719489494,154.22569446185167,149.4745187940127,153.62440490722656,76161100,0.0,0.0
2023-03-17 00:00:00-04:00,153.8511391851991,154.50171782493953,152.07684064085686,152.78656005859375,98944600,0.0,0.0
2023-03-20 00:00:00-04:00,152.85555389921097,155.5662829465371,151.94867858194203,155.1522674560547,73641400,0.0,0.0
2023-03-21 00:00:00-04:00,155.0734148747329,157.12369840917287,154.30453974820858,157.0054168701172,73938300,0.0,0.0
2023-03-22 00:00:00-04:00,157.02515051318744,159.82459083880553,155.55642275206148,155.57614135742188,75701800,0.0,0.0
2023-03-23 00:00:00-04:00,156.5618527096425,159.2430113419942,155.4282660956086,156.66041564941406,67622100,0.0,0.0
2023-03-24 00:00:00-04:00,156.59142861861952,158.0502895303303,155.59585715875076,157.96157836914062,59196500,0.0,0.0
2023-03-27 00:00:00-04:00,157.65604352005258,158.47419284355544,155.6155961034445,156.01974487304688,52390300,0.0,0.0
2023-03-28 00:00:00-04:00,155.71416498675424,156.226743517172,153.7525770821358,155.3987274169922,45992200,0.0,0.0
2023-03-29 00:00:00-04:00,157.09416533498404,158.75018247951246,157.07446176772007,158.47418212890625,51305700,0.0,0.0
2023-03-30 00:00:00-04:00,159.22333929957506,160.1499184415396,158.9670575321584,160.04148864746094,49501700,0.0,0.0
2023-03-31 00:00:00-04:00,160.12034916693244,162.64378980216873,159.59791880296052,162.5452117919922,68749800,0.0,0.0
2023-04-03 00:00:00-04:00,161.92418140899423,163.91532439911353,161.87489241518372,163.7970428466797,56976200,0.0,0.0
2023-04-04 00:00:00-04:00,164.22088919279193,164.45745226747852,162.7521615936014,163.26473999023438,46278300,0.0,0.0
2023-04-05 00:00:00-04:00,162.38746386000238,162.69303455117807,159.489445623491,161.42144775390625,51511700,0.0,0.0
2023-04-06 00:00:00-04:00,160.1104432538072,162.60432792623257,159.68659100348637,162.30860900878906,45390100,0.0,0.0
2023-04-10 00:00:00-04:00,159.11488161033475,159.71617126464844,157.7940207437735,159.71617126464844,47716900,0.0,0.0
2023-04-11 00:00:00-04:00,160.03160702009572,160.04145880285023,158.21787125365222,158.5037384033203,47644200,0.0,0.0
2023-04-12 00:00:00-04:00,158.9177372546322,159.7457382241708,157.49829842634344,157.81373596191406,50133100,0.0,0.0
2023-04-13 00:00:00-04:00,159.32186881483895,163.43231787231758,159.11486107428212,163.19573974609375,68445600,0.0,0.0
2023-04-14 00:00:00-04:00,162.23962776220338,163.94493394539444,161.48063430124813,162.8507843017578,49386500,0.0,0.0
2023-04-17 00:00:00-04:00,162.73248322378927,163.02820218114718,161.6876226098968,162.8704833984375,41516200,0.0,0.0
2023-04-18 00:00:00-04:00,163.72804670609275,165.019337094876,163.28446081239204,164.09275817871094,49923000,0.0,0.0
2023-04-19 00:00:00-04:00,163.43235220441335,165.75865162452376,163.1760554202755,165.23622131347656,47720200,0.0,0.0
2023-04-20 00:00:00-04:00,163.71818673436218,165.47276665465435,163.1957564794937,164.2701873779297,52456400,0.0,0.0
2023-04-21 00:00:00-04:00,162.69305305620966,164.07305473489896,162.14105238473394,162.66348266601562,58337300,0.0,0.0
2023-04-24 00:00:00-04:00,162.643765839196,163.23520373133107,161.54961626736943,162.96905517578125,41949600,0.0,0.0
2023-04-25 00:00:00-04:00,162.83104036567903,163.93504162144998,161.3918829793584,161.4313201904297,48714100,0.0,0.0
2023-04-26 00:00:00-04:00,160.73144699304368,162.91974586384254,160.47516529354857,161.42144775390625,45498800,0.0,0.0
2023-04-27 00:00:00-04:00,162.83101720070817,166.15288731865132,162.83101720070817,166.00503540039062,64902300,0.0,0.0
2023-04-28 00:00:00-04:00,166.08393356927388,167.424513091262,165.4826438930684,167.25692749023438,55275900,0.0,0.0
2023-05-01 00:00:00-04:00,166.86264216717663,168.01593249804148,166.2317821133474,167.168212890625,52472900,0.0,0.0
2023-05-02 00:00:00-04:00,167.66109333275145,167.91739013162538,165.14750459229282,166.1332244873047,48425700,0.0,0.0
2023-05-03 00:00:00-04:00,167.07952089132834,168.47924132633688,164.7729399649435,165.0587921142578,65136000,0.0,0.0
2023-05-04 00:00:00-04:00,162.53537386548237,164.65466589694037,161.96365444767605,163.42251586914062,81235400,0.0,0.0
2023-05-05 00:00:00-04:00,168.5383592942621,171.8109560965244,168.32149974515366,171.0913848876953,113453200,0.0,0.0
2023-05-08 00:00:00-04:00,170.01693107088172,171.3673772990156,169.65221959190652,171.02236938476562,55962800,0.0,0.0
2023-05-09 00:00:00-04:00,170.57879765359286,171.06179068201072,169.14950709207488,169.31707763671875,45326900,0.0,0.0
2023-05-10 00:00:00-04:00,170.5492304195713,171.54480192353225,169.44521410372417,171.08151245117188,53724500,0.0,0.0
2023-05-11 00:00:00-04:00,171.3673768150292,172.09679977091955,169.71135988855104,171.268798828125,49514700,0.0,0.0
2023-05-12 00:00:00-04:00,171.3773983196224,171.81171738299747,168.79124488441096,170.34097290039062,45533100,0.24,0.0
2023-05-15 00:00:00-04:00,170.9233598849482,170.97271706576475,169.2551865805483,169.84744262695312,37266700,0.0,0.0
2023-05-16 00:00:00-04:00,169.76847414998602,170.9036140002822,169.58092589990125,169.84744262695312,42110300,0.0,0.0
2023-05-17 00:00:00-04:00,169.49204389326178,170.6962714054677,168.21869827349877,170.45938110351562,57951600,0.0,0.0
2023-05-18 00:00:00-04:00,170.76540150488879,172.97647339745131,170.35082834910114,172.78892517089844,65496700,0.0,0.0
2023-05-19 00:00:00-04:00,174.11158416944232,174.11158416944232,172.68031671339108,172.89747619628906,55809500,0.0,0.0
2023-05-22 00:00:00-04:00,171.73274586766902,172.45332751081392,171.2095929310653,171.9499053955078,43570900,0.0,0.0
2023-05-23 00:00:00-04:00,170.89372201948225,171.140492823502,169.06761204505847,169.343994140625,50747300,0.0,0.0
2023-05-24 00:00:00-04:00,168.88006417332414,170.19288666082696,168.317434571077,169.62037658691406,45143500,0.0,0.0
2023-05-25 00:00:00-04:00,170.18302884098296,171.65377326209193,169.47232768730396,170.7555389404297,56058300,0.0,0.0
2023-05-26 00:00:00-04:00,171.0812401864408,173.4995906286618,170.87394612033412,173.16397094726562,54835000,0.0,0.0
2023-05-30 00:00:00-04:00,174.6742677286896,176.6780456265802,174.28930584342234,175.00987243652344,55964400,0.0,0.0
2023-05-31 00:00:00-04:00,175.03947872320146,177.03339115324283,174.47683402760893,174.96051025390625,99625300,0.0,0.0
2023-06-01 00:00:00-04:00,175.40466591116137,177.79340523372372,174.64460769798924,177.7637939453125,68901800,0.0,0.0
2023-06-02 00:00:00-04:00,178.69163934807793,179.4319516190538,176.94449817130123,178.6126708984375,61996900,0.0,0.0
2023-06-05 00:00:00-04:00,180.2710443640357,182.56106999711636,175.7403201563272,177.26043701171875,121946500,0.0,0.0
2023-06-06 00:00:00-04:00,177.64538051324874,177.79343698174293,175.13818052764557,176.89520263671875,64848400,0.0,0.0
2023-06-07 00:00:00-04:00,176.13514967923302,178.86937468745242,175.02962118278163,175.52316284179688,61944600,0.0,0.0
2023-06-08 00:00:00-04:00,175.60208462454239,178.50411146672758,175.16778069465795,178.23760986328125,50214900,0.0,0.0
2023-06-09 00:00:00-04:00,179.1556074319137,179.87617397731293,178.2968498358667,178.62258911132812,48900000,0.0,0.0
2023-06-12 00:00:00-04:00,178.92857679274874,181.51472997018058,178.63244881890137,181.416015625,54274900,0.0,0.0
2023-06-13 00:00:00-04:00,180.4388079672042,181.7713612206094,180.08345742062403,180.9422149658203,54929100,0.0,0.0
2023-06-14 00:00:00-04:00,181.0014644735094,182.0082936822176,179.66891102186548,181.573974609375,57462900,0.0,0.0
2023-06-15 00:00:00-04:00,181.58382192499832,184.11075236554325,181.40613912687283,183.60733032226562,65433200,0.0,0.0
2023-06-16 00:00:00-04:00,184.31805138125782,184.57470266619666,181.88983501651188,182.53143310546875,101256200,0.0,0.0
2023-06-20 00:00:00-04:00,182.02802885230534,183.69620198313194,182.02802885230534,182.62026977539062,49799100,0.0,0.0
2023-06-21 00:00:00-04:00,182.51169267844918,183.01511479137184,180.23153270863293,181.58384704589844,49515700,0.0,0.0
2023-06-22 00:00:00-04:00,181.3666633051449,184.63390612000734,181.29756025506936,184.5845489501953,51245300,0.0,0.0
2023-06-23 00:00:00-04:00,183.15328303090953,185.13731475683954,182.6202496908907,184.2686767578125,53117000,0.0,0.0
2023-06-26 00:00:00-04:00,184.41677010681076,185.62101290744985,182.83743084186574,182.87692260742188,48088700,0.0,0.0
2023-06-27 00:00:00-04:00,183.48887561115208,185.9565833444032,183.27171612569057,185.63084411621094,50730800,0.0,0.0
2023-06-28 00:00:00-04:00,185.5025240055518,187.4470789620611,185.17679982937508,186.80548095703125,51216800,0.0,0.0
2023-06-29 00:00:00-04:00,186.63770623646846,187.6149240946042,186.49951518133068,187.14111328125,46347300,0.0,0.0
2023-06-30 00:00:00-04:00,189.1547673916645,191.96794560784363,188.78953634841974,191.46453857421875,85213200,0.0,0.0
2023-07-03 00:00:00-04:00,191.27700219289193,191.37571654835668,189.28308969373236,189.97406005859375,31458200,0.0,0.0
2023-07-05 00:00:00-04:00,189.09554798353173,190.48732393792235,188.15780683402295,188.858642578125,46920300,0.0,0.0
2023-07-06 00:00:00-04:00,187.3878728511301,189.53972207962792,186.756140199604,189.33242797851562,45094300,0.0,0.0
2023-07-07 00:00:00-04:00,188.9375920522482,190.1813114167851,187.7827065576724,188.21701049804688,46815000,0.0,0.0
2023-07-10 00:00:00-04:00,186.8153651594175,187.5359467558433,184.62403920180722,186.17376708984375,59922200,0.0,0.0
2023-07-11 00:00:00-04:00,186.71667122446578,186.85486227702734,184.18974051380027,185.65061950683594,46638100,0.0,0.0
2023-07-12 00:00:00-04:00,187.22992243297554,189.22383458950753,186.0355602702456,187.3187713623047,60750200,0.0,0.0
2023-07-13 00:00:00-04:00,188.0393349477294,188.72042471252908,187.32863389417258,188.0788116455078,41342300,0.0,0.0
2023-07-14 00:00:00-04:00,187.77284851528793,188.71057462083735,187.18060758311253,188.22691345214844,41616200,0.0,0.0
2023-07-17 00:00:00-04:00,189.421252931179,191.81000743962883,189.33241906132668,191.48426818847656,50520200,0.0,0.0
2023-07-18 00:00:00-04:00,190.85254922844402,191.8198865800326,189.93455398917624,191.22763061523438,48288200,0.0,0.0
2023-07-19 00:00:00-04:00,190.60578947313948,195.66951651285706,190.1615899429346,192.5799560546875,80507300,0.0,0.0
2023-07-20 00:00:00-04:00,192.57005054034346,193.93223012421538,190.01350876450033,190.6353759765625,59581200,0.0,0.0
2023-07-21 00:00:00-04:00,191.59285775033445,192.45161532627134,188.75991868585442,189.46075439453125,71951700,0.0,0.0
2023-07-24 00:00:00-04:00,190.91177825353577,192.3924031537896,189.76675804919924,190.2602996826172,45377800,0.0,0.0
2023-07-25 00:00:00-04:00,190.83281680029503,191.9284798692301,190.42810903120733,191.1190643310547,37283200,0.0,0.0
2023-07-26 00:00:00-04:00,191.1684052777898,193.11296042478057,190.8229351880455,191.98768615722656,47471900,0.0,0.0
2023-07-27 00:00:00-04:00,193.48804855415668,194.65279947329122,190.06286872536143,190.72421264648438,47460200,0.0,0.0
2023-07-28 00:00:00-04:00,192.15547128634879,194.0901608500724,191.63231843190331,193.3004913330078,48291400,0.0,0.0
2023-07-31 00:00:00-04:00,193.52752900074864,193.95198260711592,192.7378594315981,193.91249084472656,38824100,0.0,0.0
2023-08-01 00:00:00-04:00,193.70522604358104,194.1888872056883,192.7576194786216,193.08335876464844,35175100,0.0,0.0
2023-08-02 00:00:00-04:00,192.52069974591456,192.65889079076135,189.37191700535638,190.0924835205078,50389300,0.0,0.0
2023-08-03 00:00:00-04:00,189.09552588996192,189.8851803589987,188.22688789998924,188.70068359375,61235200,0.0,0.0
2023-08-04 00:00:00-04:00,183.12366926443607,184.9596445164711,179.57016391801557,179.63926696777344,115956800,0.0,0.0
2023-08-07 00:00:00-04:00,179.77747246914834,180.7645556934903,175.0592158617292,176.5398406982422,97576100,0.0,0.0
2023-08-08 00:00:00-04:00,177.36897457174686,177.94148460917899,175.2862285117603,177.47755432128906,67823000,0.0,0.0
2023-08-09 00:00:00-04:00,178.53374257918168,178.59296516430098,174.72360063232372,175.88836669921875,60378500,0.0,0.0
2023-08-10 00:00:00-04:00,177.1616784798233,178.41527829006225,175.30597241092943,175.6711883544922,54686900,0.0,0.0
2023-08-11 00:00:00-04:00,175.26597277471524,176.55090180538758,174.50488805624465,175.7305145263672,52036700,0.24,0.0
2023-08-14 00:00:00-04:00,175.90838882978548,177.60846548002914,175.25603067938326,177.38113403320312,43675600,0.0,0.0
2023-08-15 00:00:00-04:00,176.8078518459017,177.40089237300145,174.99904882828764,175.3944091796875,43622600,0.0,0.0
2023-08-16 00:00:00-04:00,175.07813825565708,176.471793411816,174.45543132326716,174.52462768554688,46964900,0.0,0.0
2023-08-17 00:00:00-04:00,175.08803154260252,175.4537406821077,171.47042491030345,171.98440551757812,66062900,0.0,0.0
2023-08-18 00:00:00-04:00,170.30411608587545,173.0716844916875,169.96805819399307,172.46875,61172200,0.0,0.0
2023-08-21 00:00:00-04:00,173.04203097276417,174.08974972921308,171.7274356199635,173.8031005859375,46311900,0.0,0.0
2023-08-22 00:00:00-04:00,175.00898825019638,175.6218015319945,174.20837345764443,175.17701721191406,42038900,0.0,0.0
2023-08-23 00:00:00-04:00,176.45203891919172,179.44693836874362,176.26423745502308,179.02191162109375,52722800,0.0,0.0
2023-08-24 00:00:00-04:00,178.57713623123834,179.0021629998802,173.97111355320405,174.3368377685547,54945800,0.0,0.0
2023-08-25 00:00:00-04:00,175.3252376314931,177.0747231196245,173.78331106065053,176.54098510742188,51449600,0.0,0.0
2023-08-28 00:00:00-04:00,178.00387451255935,178.49808262553688,176.48172016068384,178.10272216796875,43820700,0.0,0.0
2023-08-29 00:00:00-04:00,177.61837000977968,182.75813070921157,177.4206898063463,181.98716735839844,53003900,0.0,0.0
2023-08-30 00:00:00-04:00,182.79765839633507,185.67395259086382,182.5999782117213,185.47625732421875,60813900,0.0,0.0
2023-08-31 00:00:00-04:00,185.66408956621913,186.92926105598286,185.30825914209595,185.69374084472656,60794500,0.0,0.0
2023-09-01 00:00:00-04:00,187.29498636168424,187.7199980774023,186.09899615427736,187.2653350830078,45766500,0.0,0.0
2023-09-05 00:00:00-04:00,186.09899903788357,187.7793035443977,185.43676200045883,187.50254821777344,45280000,0.0,0.0
2023-09-06 00:00:00-04:00,186.21759365485326,186.66239298088038,179.3678770840619,180.79119873046875,81755800,0.0,0.0
2023-09-07 00:00:00-04:00,173.15070839406067,176.14562276256126,171.5297067502884,175.50314331054688,112488800,0.0,0.0
2023-09-08 00:00:00-04:00,176.2840107997074,178.15211655476327,175.7304851357375,176.115966796875,65551300,0.0,0.0
2023-09-11 00:00:00-04:00,177.98410020535158,178.21143169284028,175.28571330476424,177.28231811523438,58953100,0.0,0.0
2023-09-12 00:00:00-04:00,177.4108321261293,178.04341790139725,172.79493020499618,174.25778198242188,90370200,0.0,0.0
2023-09-13 00:00:00-04:00,174.46534664942806,175.24620393193433,171.96465474647994,172.19200134277344,84267900,0.0,0.0
2023-09-14 00:00:00-04:00,171.98440467411754,174.060084556446,171.56927171405846,173.70425415039062,60895800,0.0,0.0
2023-09-15 00:00:00-04:00,174.43566940930017,174.45544195430384,171.806494041059,172.98269653320312,109259500,0.0,0.0
2023-09-18 00:00:00-04:00,174.4356561798522,177.30207170667876,174.12924962468128,175.9084014892578,67257600,0.0,0.0
2023-09-19 00:00:00-04:00,175.4636488877364,177.54920768301113,175.07816717117066,176.99569702148438,51826900,0.0,0.0
2023-09-20 00:00:00-04:00,177.1834868845125,177.61839243619755,173.3681996565953,173.45716857910156,58436200,0.0,0.0
2023-09-21 00:00:00-04:00,172.5280351536478,174.25776334751873,171.846025624082,171.9152069091797,63149100,0.0,0.0
2023-09-22 00:00:00-04:00,172.64668416943263,175.02877122193797,172.0338708511424,172.76528930664062,56725400,0.0,0.0
2023-09-25 00:00:00-04:00,172.1820865728236,174.92000347180993,172.13266274999066,174.04031372070312,46172700,0.0,0.0
2023-09-26 00:00:00-04:00,172.79493440563715,173.17052232124786,169.6715354659317,169.9680633544922,64588900,0.0,0.0
2023-09-27 00:00:00-04:00,170.6203831944849,171.0355161486817,167.09174554279588,168.45574951171875,66921800,0.0,0.0
2023-09-28 00:00:00-04:00,167.37838547451082,170.03722730338785,165.67830850769053,168.71275329589844,56294400,0.0,0.0
2023-09-29 00:00:00-04:00,170.02734498983367,171.06518493104676,168.36679806748614,169.2267303466797,51861100,0.0,0.0
2023-10-02 00:00:00-04:00,169.2365980179806,172.28092127496365,168.94994891630552,171.73728942871094,52164500,0.0,0.0
2023-10-03 00:00:00-04:00,170.26456118455488,171.61870157072957,168.84125459232132,170.40293884277344,49594600,0.0,0.0
2023-10-04 00:00:00-04:00,169.10810929534875,172.19197782627828,168.98950418793981,171.64834594726562,53020300,0.0,0.0
2023-10-05 00:00:00-04:00,171.77685938003185,173.4176340313492,170.67971670138417,172.88389587402344,48527900,0.0,0.0
2023-10-06 00:00:00-04:00,171.78670253501804,175.9281679572511,171.173874363808,175.4339599609375,57266700,0.0,0.0
2023-10-09 00:00:00-04:00,174.76187075811515,176.97592853708252,173.7635757979471,176.9166259765625,42390800,0.0,0.0
2023-10-10 00:00:00-04:00,176.03692856454262,177.63815795783916,175.8886570875863,176.3235626220703,43698000,0.0,0.0
2023-10-11 00:00:00-04:00,176.13575227199846,177.76664794425923,175.54271164011269,177.71722412109375,47551100,0.0,0.0
2023-10-12 00:00:00-04:00,177.98411345020415,180.2278073787141,176.96603088257305,178.61669921875,56743100,0.0,0.0
2023-10-13 00:00:00-04:00,179.31846581874476,179.82255265296823,176.0764618780152,176.7782440185547,51427100,0.0,0.0
2023-10-16 00:00:00-04:00,174.7025383958498,177.00554962273654,174.46531311220224,176.64971923828125,52517000,0.0,0.0
2023-10-17 00:00:00-04:00,174.60372278813253,176.35322375615226,172.77516179309222,175.09793090820312,57549400,0.0,0.0
2023-10-18 00:00:00-04:00,173.5461178040648,175.5229501994882,173.08156098457755,173.8031005859375,54764400,0.0,0.0
2023-10-19 00:00:00-04:00,174.0007735918687,175.77992569036093,173.16062890788183,173.42750549316406,59302900,0.0,0.0
2023-10-20 00:00:00-04:00,173.2792552037354,173.38798159754705,170.6401855525277,170.87741088867188,64244000,0.0,0.0
2023-10-23 00:00:00-04:00,168.93020088937016,171.99428177951037,167.96154224302492,170.99598693847656,55980100,0.0,0.0
2023-10-24 00:00:00-04:00,171.04542648826694,171.6582397062376,169.46395453488128,171.430908203125,43816600,0.0,0.0
2023-10-25 00:00:00-04:00,169.88897487497013,171.0552987076063,168.67321213575732,169.11801147460938,57157000,0.0,0.0
2023-10-26 00:00:00-04:00,168.39644027726376,169.39475015606334,163.75088778515044,164.95675659179688,70625300,0.0,0.0
2023-10-27 00:00:00-04:00,164.97653958977486,167.00279566914165,164.89746448966903,166.2713623046875,58499100,0.0,0.0
2023-10-30 00:00:00-04:00,167.06208999172168,169.18717852998205,166.91381853056686,168.31736755371094,51131000,0.0,0.0
2023-10-31 00:00:00-04:00,167.3882903979478,168.92032345051314,165.95507483465602,168.79183959960938,44846000,0.0,0.0
2023-11-01 00:00:00-04:00,169.01913054110156,172.21170989502042,168.1493196629443,171.95472717285156,56934900,0.0,0.0
2023-11-02 00:00:00-04:00,173.4868204991482,175.72063574409248,173.4275179386151,175.51307678222656,77334800,0.0,0.0
2023-11-03 00:00:00-04:00,172.2216424329047,174.77175801380423,171.34195262679097,174.6037139892578,79829200,0.0,0.0
2023-11-06 00:00:00-05:00,174.33684685023218,177.35150406781844,174.16881791314302,177.15382385253906,63841300,0.0,0.0
2023-11-07 00:00:00-05:00,177.10440348202485,180.32664987384885,176.89684453064555,179.71383666992188,70530000,0.0,0.0
2023-11-08 00:00:00-05:00,180.23765484438456,181.32490334215132,179.4864490685135,180.77139282226562,49340300,0.0,0.0
2023-11-09 00:00:00-05:00,180.84061367506283,181.98716487212562,179.7039261272927,180.29698181152344,53763500,0.0,0.0
2023-11-10 00:00:00-05:00,182.07848170612579,184.65175539538808,181.6430032262288,184.48348999023438,66133400,0.24,0.0
2023-11-13 00:00:00-05:00,183.9094496896321,184.1172820619318,182.31600272709323,182.89993286132812,43627500,0.0,0.0
2023-11-14 00:00:00-05:00,185.7701387274506,186.17592689168708,184.38453902262373,185.5128173828125,60108400,0.0,0.0
2023-11-15 00:00:00-05:00,185.91859136162876,187.55162053928348,185.84930383072194,186.07693481445312,53790500,0.0,0.0
2023-11-16 00:00:00-05:00,187.62090049490251,188.99660829200764,186.7103463929358,187.75946044921875,54412900,0.0,0.0
2023-11-17 00:00:00-05:00,188.29390964052354,188.42257785422723,186.63119011836693,187.7396697998047,50922700,0.0,0.0
2023-11-20 00:00:00-05:00,187.93759410143886,189.9368291546864,187.9277023558229,189.48155212402344,46505100,0.0,0.0
2023-11-21 00:00:00-05:00,189.44197314241592,189.55084275358138,187.78914548337832,188.6798858642578,38134500,0.0,0.0
2023-11-22 00:00:00-05:00,189.52115946327928,190.9463411053134,188.8679417719912,189.34300231933594,39617700,0.0,0.0
2023-11-24 00:00:00-05:00,188.90757108100968,188.93726142877173,187.30423189423445,188.01683044433594,24048300,0.0,0.0
2023-11-27 00:00:00-05:00,187.96730652329646,188.70959528304604,186.95778958150402,187.83863830566406,40552600,0.0,0.0
2023-11-28 00:00:00-05:00,187.82873180101734,189.1153685705385,187.45263402635211,188.44235229492188,38415400,0.0,0.0
2023-11-29 00:00:00-05:00,188.93721085337887,190.11497800569174,187.02706184977393,187.42294311523438,43014200,0.0,0.0
2023-11-30 00:00:00-05:00,187.88812439803064,188.36320007044645,186.2550951920731,187.9969940185547,48794400,0.0,0.0
2023-12-01 00:00:00-05:00,188.3730649805332,189.59041412612484,187.28436893039358,189.27371215820312,45704800,0.0,0.0
2023-12-04 00:00:00-05:00,188.02667840765253,188.09596593756666,185.52269231677565,187.48233032226562,43389500,0.0,0.0
2023-12-05 00:00:00-05:00,188.25431775925796,192.40122460244103,188.22461231756913,191.43130493164062,66628400,0.0,0.0
2023-12-06 00:00:00-05:00,192.45072587794942,192.75753614335477,190.1347886146608,190.34263610839844,41089700,0.0,0.0
2023-12-07 00:00:00-05:00,191.63916388460834,192.99507315570867,191.59956669458757,192.2725830078125,47477700,0.0,0.0
2023-12-08 00:00:00-05:00,192.20330005396386,193.9749043529612,191.67875053796885,193.69778442382812,53406400,0.0,0.0
2023-12-11 00:00:00-05:00,191.12451418849048,191.50061200003438,189.45188773429211,191.19378662109375,60943700,0.0,0.0
2023-12-12 00:00:00-05:00,191.09482308550778,192.71796059458774,189.7488055095461,192.70806884765625,52696900,0.0,0.0
2023-12-13 00:00:00-05:00,193.08415015292962,195.96423418895137,192.8466274130704,195.92465209960938,70404200,0.0,0.0
2023-12-14 00:00:00-05:00,195.98403383047588,197.567574144968,194.14315707722483,196.07310485839844,66831600,0.0,0.0
2023-12-15 00:00:00-05:00,195.4990533238864,196.36010340669733,194.97450383643803,195.5386505126953,128538400,0.0,0.0
2023-12-18 00:00:00-05:00,194.0738561652729,194.60831249977454,192.39133809002112,193.87591552734375,55751900,0.0,0.0
2023-12-19 00:00:00-05:00,194.1431515248431,194.92502236186388,193.87592334681435,194.91513061523438,40714100,0.0,0.0
2023-12-20 00:00:00-05:00,194.87552171417178,195.64750075817219,192.82681274414062,192.82681274414062,52242800,0.0,0.0
2023-12-21 00:00:00-05:00,194.08377332368417,195.05369307239374,191.51049958819766,192.67835998535156,46482500,0.0,0.0
2023-12-22 00:00:00-05:00,193.17322354105164,193.4008696387368,190.98595440796598,191.60948181152344,37149600,0.0,0.0
2023-12-26 00:00:00-05:00,191.61934905102697,191.89646895007564,190.8473700319769,191.0651092529297,28919300,0.0,0.0
2023-12-27 00:00:00-05:00,190.51087517820892,191.51048519395766,189.12526053943682,191.16407775878906,48087700,0.0,0.0
2023-12-28 00:00:00-05:00,192.14393105407996,192.65858885458314,191.18390299052217,191.58969116210938,34049900,0.0,0.0
2023-12-29 00:00:00-05:00,191.90640077236304,192.40125999570787,189.75871355527508,190.5504913330078,42672100,0.0,0.0
2024-01-02 00:00:00-05:00,185.22574644136162,186.50249131681724,181.9992706966848,183.7312774658203,82488700,0.0,0.0
2024-01-03 00:00:00-05:00,182.32590048043423,183.96883642924203,181.5440145919006,182.3555908203125,58414500,0.0,0.0
2024-01-04 00:00:00-05:00,180.277195595857,181.2075332827541,179.02026413555495,180.0396728515625,71983600,0.0,0.0
2024-01-05 00:00:00-05:00,180.1188384374096,180.88091065327836,178.31754388665928,179.31715393066406,62379700,0.0,0.0
2024-01-08 00:00:00-05:00,180.21779135468154,183.69171205497358,179.63386121540748,183.65211486816406,59144500,0.0,0.0
2024-01-09 00:00:00-05:00,182.0289926299427,183.24634194188326,180.85122540618832,183.2364501953125,42841800,0.0,0.0
2024-01-10 00:00:00-05:00,182.45460221923815,184.48351295933534,182.02901543293186,184.2756805419922,46792900,0.0,0.0
2024-01-11 00:00:00-05:00,184.62205313633504,185.12681915669637,181.73207738578324,183.68182373046875,49128400,0.0,0.0
2024-01-12 00:00:00-05:00,184.14699807850627,184.82001442518902,183.28594792653803,184.00843811035156,40477800,0.0,0.0
2024-01-16 00:00:00-05:00,180.28708678689063,182.36548612847807,179.0697224204938,181.74197387695312,65603000,0.0,0.0
2024-01-17 00:00:00-05:00,179.40626628613458,181.0491874231052,178.4462381888341,180.8017578125,47317400,0.0,0.0
2024-01-18 00:00:00-05:00,184.17667408756796,187.1953179109023,183.91935276727983,186.69056701660156,78005800,0.0,0.0
2024-01-19 00:00:00-05:00,187.38337121910467,189.97642838325277,186.8786203129096,189.59043884277344,68903000,0.0,0.0
2024-01-22 00:00:00-05:00,190.32285100501898,193.32169654358245,190.28325381202234,191.89649963378906,60133900,0.0,0.0
2024-01-23 00:00:00-05:00,193.01485907067706,193.7373491711095,191.83709192633378,193.17320251464844,42355600,0.0,0.0
2024-01-24 00:00:00-05:00,193.41075266703035,194.36088890095834,192.34185506707502,192.50021362304688,53631300,0.0,0.0
2024-01-25 00:00:00-05:00,193.21282181305796,194.2520291241628,191.1245154438125,192.17361450195312,54822100,0.0,0.0
2024-01-26 00:00:00-05:00,192.2725896171282,192.75754194727924,189.9665440310004,190.4416046142578,44594000,0.0,0.0
2024-01-29 00:00:00-05:00,190.03578688110838,190.22383575614066,187.6307788947091,189.7586669921875,47145600,0.0,0.0
2024-01-30 00:00:00-05:00,188.97682064057707,189.82797900977772,185.54249682198056,186.10662841796875,55859400,0.0,0.0
2024-01-31 00:00:00-05:00,185.11689921687164,185.17629499887522,182.45456974695213,182.50404357910156,55467800,0.0,0.0
2024-02-01 00:00:00-05:00,182.0982647000541,185.02782223798647,181.93001441121828,184.93875122070312,64885400,0.0,0.0
2024-02-02 00:00:00-05:00,178.01074479617154,185.40394215196616,177.40701599262258,183.9391632080078,102551700,0.0,0.0
2024-02-05 00:00:00-05:00,186.21545864255668,187.30415461768632,183.92921219668443,185.7502899169922,69668800,0.0,0.0
2024-02-06 00:00:00-05:00,184.93876832266957,187.36357521832525,184.8496972971495,187.3536834716797,43490800,0.0,0.0
2024-02-07 00:00:00-05:00,188.67990426473503,189.0856924097343,186.67077723703076,187.46255493164062,53439000,0.0,0.0
2024-02-08 00:00:00-05:00,187.44273393335544,187.5911856262693,185.42371540021887,186.3837432861328,40962000,0.0,0.0
2024-02-09 00:00:00-05:00,186.9485964735415,188.2765227675386,186.30446474496694,187.1468048095703,45155200,0.24,0.0
2024-02-12 00:00:00-05:00,186.72066269575697,186.96840797825126,185.10535861511914,185.4621124267578,41781900,0.0,0.0
2024-02-13 00:00:00-05:00,184.094566630165,184.53060074172208,181.85493962465304,183.3711395263672,56529500,0.0,0.0
2024-02-14 00:00:00-05:00,183.64865818230027,183.85675578337245,180.79462725534452,182.48919677734375,54630500,0.0,0.0
2024-02-15 00:00:00-05:00,181.8946109768474,182.82613576875198,179.71445525689393,182.20181274414062,65434500,0.0,0.0
2024-02-16 00:00:00-05:00,181.76577652013776,183.18288755084293,180.03155935687485,180.66578674316406,49752500,0.0,0.0
2024-02-20 00:00:00-05:00,180.15048310961222,180.78471053407532,178.3766332434525,179.9225616455078,53665600,0.0,0.0
2024-02-21 00:00:00-05:00,180.2991272502037,181.24055639365764,179.03067248659073,180.6757049560547,41371400,0.0,0.0
2024-02-22 00:00:00-05:00,181.82522643308513,183.29188949706392,180.8144364958238,182.7071990966797,52292200,0.0,0.0
2024-02-23 00:00:00-05:00,183.34143499372246,183.3711632214272,180.58650833781007,180.8739013671875,45119700,0.0,0.0
2024-02-26 00:00:00-05:00,180.5963996998619,181.11169898060157,179.02072827105397,179.52613830566406,40867400,0.0,0.0
2024-02-27 00:00:00-05:00,179.46672518750105,182.2612846793882,177.94060546909574,180.98292541503906,54318900,0.0,0.0
2024-02-28 00:00:00-05:00,180.8639793914523,181.46847854843006,178.50545433930714,179.7838134765625,48953900,0.0,0.0
2024-02-29 00:00:00-05:00,179.63518756564144,180.92346630197014,177.9108746304469,179.119873046875,136682600,0.0,0.0
2024-03-01 00:00:00-05:00,177.93069482167198,178.90185225837237,175.78026722267666,178.03970336914062,73563100,0.0,0.0
2024-03-04 00:00:00-05:00,174.56133114426578,175.30456703921072,172.22261492332544,173.52081298828125,81510100,0.0,0.0
2024-03-05 00:00:00-05:00,169.21995126633416,170.48840604509627,168.0902332564625,168.58572387695312,95132400,0.0,0.0
2024-03-06 00:00:00-05:00,169.5172478388351,169.69563232435493,167.15870765798908,167.59474182128906,68587700,0.0,0.0
2024-03-07 00:00:00-05:00,167.6244864884472,169.19023880968834,166.9704503005263,167.47584533691406,71765100,0.0,0.0
2024-03-08 00:00:00-05:00,167.47583792632756,172.13344696276567,167.41638146834518,169.1902313232422,76267000,0.0,0.0
2024-03-11 00:00:00-04:00,171.38030546468005,172.80732093128213,170.49833272784605,171.1920166015625,60139500,0.0,0.0
2024-03-12 00:00:00-04:00,171.58839851794536,172.4604668624585,169.4676992338398,171.6676788330078,59825400,0.0,0.0
2024-03-13 00:00:00-04:00,171.21183277143888,171.62804307697533,169.21995080494636,169.5866241455078,52488700,0.0,0.0
2024-03-14 00:00:00-04:00,171.35055836544484,172.73792596009017,170.49831395125625,171.4397430419922,72913500,0.0,0.0
2024-03-15 00:00:00-04:00,169.6262667891251,171.0631866455078,168.75419840900892,171.0631866455078,121752700,0.0,0.0
2024-03-18 00:00:00-04:00,173.98658058844927,176.107279800922,171.95506605696912,172.15325927734375,75604200,0.0,0.0
2024-03-19 00:00:00-04:00,172.76766112194616,175.01719271038215,171.46947815172825,174.49197387695312,55215200,0.0,0.0
2024-03-20 00:00:00-04:00,174.1352174960067,177.05860900878906,173.51089450186836,177.05860900878906,53423100,0.0,0.0
2024-03-21 00:00:00-04:00,175.45326038001,175.8892946166054,169.299259215654,169.82447814941406,106181300,0.0,0.0
2024-03-22 00:00:00-04:00,170.210942813777,171.48931715990707,168.5262776263353,170.72625732421875,71160100,0.0,0.0
2024-03-25 00:00:00-04:00,169.0316847755244,170.38932429506946,167.92177545566648,169.3091583251953,54288300,0.0,0.0
2024-03-26 00:00:00-04:00,168.4668059986792,169.87399750483326,168.0505957042821,168.17942810058594,57388400,0.0,0.0
2024-03-27 00:00:00-04:00,168.87310882923745,172.0343412561863,168.575811446925,171.7469482421875,60273300,0.0,0.0
2024-03-28 00:00:00-04:00,170.20102558587905,170.67669234048742,168.97220342186947,169.93345642089844,65672700,0.0,0.0
2024-04-01 00:00:00-04:00,169.6460781034487,169.70553455748254,167.9514935576168,168.4965362548828,46240500,0.0,0.0
2024-04-02 00:00:00-04:00,167.5551169522469,167.81276664190898,166.71277681419204,167.31727600097656,49329500,0.0,0.0
2024-04-03 00:00:00-04:00,167.2677201117247,169.14067408704202,167.05962251511946,168.11996459960938,47691700,0.0,0.0
2024-04-04 00:00:00-04:00,168.7541832986243,170.3694875068381,167.29745483398438,167.29745483398438,53704400,0.0,0.0
2024-04-05 00:00:00-04:00,168.06050251317026,168.85329051832247,167.42627513328318,168.05059814453125,42104800,0.0,0.0
2024-04-08 00:00:00-04:00,167.50555706407098,167.67402205960258,166.72268854116854,166.9307861328125,37425500,0.0,0.0
2024-04-09 00:00:00-04:00,167.17853275073267,168.5460917055098,166.83169838821917,168.13978576660156,42373800,0.0,0.0
2024-04-10 00:00:00-04:00,167.27762018668898,167.56499806522814,165.60285963338822,166.26681518554688,49709300,0.0,0.0
2024-04-11 00:00:00-04:00,166.82179288243998,173.877590209879,166.64342350182488,173.46136474609375,91070300,0.0,0.0
2024-04-12 00:00:00-04:00,172.68837774790788,176.75140669942581,172.63884078505302,174.95773315429688,101670900,0.0,0.0
2024-04-15 00:00:00-04:00,173.77844021277133,175.0369903996079,170.9442337612168,171.1325225830078,73531800,0.0,0.0
2024-04-16 00:00:00-04:00,170.20103782824683,172.1929047923956,166.75242714722782,167.8524169921875,73711200,0.0,0.0
2024-04-17 00:00:00-04:00,168.08032842085646,169.11094225529814,166.48484802246094,166.48484802246094,50901200,0.0,0.0
2024-04-18 00:00:00-04:00,166.51456987389489,167.11906901091456,165.0479219314042,165.5334930419922,43122900,0.0,0.0
2024-04-19 00:00:00-04:00,164.7109957890585,164.89926951971245,162.6002009445124,163.51190185546875,68149400,0.0,0.0
2024-04-22 00:00:00-04:00,164.0272236912775,165.75152141981465,163.28398774037723,164.34432983398438,48116400,0.0,0.0
2024-04-23 00:00:00-04:00,163.85875133255257,165.54341638804536,163.43262154349364,165.39476013183594,49537800,0.0,0.0
2024-04-24 00:00:00-04:00,165.03799187966663,167.7731094949557,164.7109814111337,167.49563598632812,48251800,0.0,0.0
2024-04-25 00:00:00-04:00,168.0010494911784,169.07131105182287,166.63349053238153,168.35780334472656,50558300,0.0,0.0
2024-04-26 00:00:00-04:00,168.34787265422193,169.79469657988224,167.6541737932701,167.77310180664062,44838400,0.0,0.0
2024-04-29 00:00:00-04:00,171.80639405446584,174.4424074952563,171.5388400360099,171.9352264404297,68169400,0.0,0.0
2024-04-30 00:00:00-04:00,171.76678225756265,173.41181476528868,168.46681287321124,168.79383850097656,65934800,0.0,0.0
2024-05-01 00:00:00-04:00,168.05057530255277,171.1523509575647,167.5848129798778,167.77310180664062,50383100,0.0,0.0
2024-05-02 00:00:00-04:00,170.95416794412498,171.8559644998941,169.34878317714927,171.469482421875,94214900,0.0,0.0
2024-05-03 00:00:00-04:00,184.9666483851495,185.313497878847,181.01264278710423,181.7261505126953,163224100,0.0,0.0
2024-05-06 00:00:00-04:00,180.70544017490002,182.53874644704828,178.79283846563771,180.0712127685547,78569700,0.0,0.0
2024-05-07 00:00:00-04:00,181.79550770435065,183.23242749590466,179.68472791941784,180.75497436523438,77305800,0.0,0.0
2024-05-08 00:00:00-04:00,181.20092748758523,181.4189445721307,179.81354466582562,181.0919189453125,45057100,0.0,0.0
2024-05-09 00:00:00-04:00,180.91352883975787,182.99459544718977,180.4675903156434,182.90541076660156,48983000,0.0,0.0
2024-05-10 00:00:00-04:00,183.48093424482693,183.669478466616,180.73220418072017,181.6451416015625,50759500,0.25,0.0
2024-05-13 00:00:00-04:00,184.01682262141375,185.6640864017181,183.20310853414878,184.85037231445312,72044800,0.0,0.0
2024-05-14 00:00:00-04:00,186.07090395104018,186.85484938535834,184.86026592315986,185.99151611328125,52393600,0.0,0.0
2024-05-15 00:00:00-04:00,186.46787049037354,189.18683240943687,185.9320062923224,188.26397705078125,70400000,0.0,0.0
2024-05-16 00:00:00-04:00,189.00821119957226,189.6333810173086,188.2044300863017,188.38304138183594,52845200,0.0,0.0
2024-05-17 00:00:00-04:00,188.05558877384672,189.34561487480414,187.72811956148706,188.41282653808594,41282900,0.0,0.0
2024-05-20 00:00:00-04:00,187.87695420764547,190.44707314635468,187.5594028379898,189.57382202148438,44361300,0.0,0.0
2024-05-21 00:00:00-04:00,189.62345487533878,191.2508679069906,189.45476137627725,190.87379455566406,42309400,0.0,0.0
2024-05-22 00:00:00-04:00,190.79441741971692,191.3401994424317,188.8097665310703,189.43492126464844,34648500,0.0,0.0
2024-05-23 00:00:00-04:00,189.51431079519944,189.53416154393335,185.19770415918353,185.44578552246094,51005900,0.0,0.0
2024-05-24 00:00:00-04:00,187.37087155015982,189.11735863774422,186.59684388111853,188.52195739746094,36327000,0.0,0.0
2024-05-28 00:00:00-04:00,190.04021443649896,191.5187845976106,187.64872194997955,188.53189086914062,52280100,0.0,0.0
2024-05-29 00:00:00-04:00,188.15481585355153,190.7745542503335,188.05557725890648,188.82958984375,53068000,0.0,0.0
2024-05-30 00:00:00-04:00,189.29599865097472,190.70509898235173,189.16700663796175,189.82192993164062,49889100,0.0,0.0
2024-05-31 00:00:00-04:00,189.9707854632458,191.09211806054816,188.45252874493116,190.77456665039062,75158300,0.0,0.0
2024-06-03 00:00:00-04:00,191.41956102246726,193.49353258818425,191.04248767189634,192.5408935546875,50080500,0.0,0.0
2024-06-04 00:00:00-04:00,193.14619663099631,193.82098571162214,191.54855228534223,192.85842895507812,47471400,0.0,0.0
2024-06-05 00:00:00-04:00,193.90035090878894,195.38883880770499,193.37441972917316,194.3667449951172,54156800,0.0,0.0
2024-06-06 00:00:00-04:00,194.1881470745491,194.9919281725913,192.67980832687616,192.9874267578125,41181800,0.0,0.0
2024-06-07 00:00:00-04:00,193.1561225415401,195.42855606321456,192.65004206608782,195.37893676757812,53103900,0.0,0.0
2024-06-10 00:00:00-04:00,195.3888517006261,195.7857909182053,190.6753063763642,191.6378631591797,97010200,0.0,0.0
2024-06-11 00:00:00-04:00,192.1638033246204,205.57012886730556,192.14396771907968,205.56019592285156,172373300,0.0,0.0
2024-06-12 00:00:00-04:00,205.7785169434978,218.5100538646653,205.3121227860245,211.43478393554688,198134300,0.0,0.0
2024-06-13 00:00:00-04:00,213.09195736730385,215.08652592836702,209.9760562824749,212.59579467773438,97862700,0.0,0.0
2024-06-14 00:00:00-04:00,212.20878551515116,213.5186471242216,209.67835280423736,210.85922241210938,70122700,0.0,0.0
2024-06-17 00:00:00-04:00,211.7324642876032,217.26964179829142,211.08745883873982,215.00714111328125,93728300,0.0,0.0
2024-06-18 00:00:00-04:00,215.9200623200828,216.95208913019513,211.36529274424583,212.6453857421875,79943300,0.0,0.0
2024-06-20 00:00:00-04:00,212.28816853161533,212.59580212894483,207.2471687535905,208.07078552246094,86172500,0.0,0.0
2024-06-21 00:00:00-04:00,208.77532033595196,210.26380829361358,205.52049454653314,205.8975830078125,241805100,0.0,0.0
2024-06-24 00:00:00-04:00,206.12582769938734,211.06760381745957,205.00449518251241,206.5426025390625,80727000,0.0,0.0
2024-06-25 00:00:00-04:00,207.54485732874397,209.75775393646785,207.0090082596573,207.46548461914062,55549700,0.0,0.0
2024-06-26 00:00:00-04:00,209.87680350658064,213.21101716086312,209.02340313251779,211.61337280273438,66213200,0.0,0.0
2024-06-27 00:00:00-04:00,213.0423164247351,214.0842609953053,210.72027890747495,212.45684814453125,49772700,0.0,0.0
2024-06-28 00:00:00-04:00,214.1140554431902,214.41175609103416,208.686034302842,209.00357055664062,82542700,0.0,0.0
2024-07-01 00:00:00-04:00,210.46227761796723,215.84067914098924,210.29358412725625,215.08651733398438,60402900,0.0,0.0
2024-07-02 00:00:00-04:00,214.4911227279333,218.6886699462021,213.44919320249295,218.5795135498047,58046200,0.0,0.0
2024-07-03 00:00:00-04:00,218.31157833867707,219.8496856689453,217.34902153194005,219.8496856689453,37369800,0.0,0.0
2024-07-05 00:00:00-04:00,219.94891212590596,224.71207692855523,219.94891212590596,224.60292053222656,60412400,0.0,0.0
2024-07-08 00:00:00-04:00,225.34717053841655,226.10134753003678,221.53664465186893,226.0715789794922,59085900,0.0,0.0
2024-07-09 00:00:00-04:00,226.180713251394,227.63943274976205,224.63268810415036,226.92495727539062,48076100,0.0,0.0
2024-07-10 00:00:00-04:00,227.54019053238477,231.29117889263895,227.49057123987387,231.1919403076172,62627700,0.0,0.0
2024-07-11 00:00:00-04:00,229.61417679228308,230.6065022056456,224.0373128145247,225.82350158691406,64710600,0.0,0.0
2024-07-12 00:00:00-04:00,227.16311346469493,230.8545649156238,226.92494993371525,228.7706756591797,53046500,0.0,0.0
2024-07-15 00:00:00-04:00,234.6651283197596,235.40937243942963,231.30114550451836,232.60108947753906,62631300,0.0,0.0
2024-07-16 00:00:00-04:00,233.1964793539142,234.4567369075411,230.54697223527828,233.0178680419922,43234300,0.0,0.0
2024-07-17 00:00:00-04:00,227.6890612108438,229.6836449661141,224.9006292447048,227.12344360351562,57345900,0.0,0.0
2024-07-18 00:00:00-04:00,228.51267855827928,228.67145424701283,220.56415801938329,222.45948791503906,66034600,0.0,0.0
2024-07-19 00:00:00-04:00,223.09459660515446,225.0593965950336,221.56640705838353,222.5885009765625,49151500,0.0,0.0
2024-07-22 00:00:00-04:00,225.26777593230437,226.03187070395737,221.3778623137636,222.24119567871094,48201800,0.0,0.0
2024-07-23 00:00:00-04:00,222.64802398231987,225.19830728583617,220.97099179310993,223.28311157226562,39960300,0.0,0.0
2024-07-24 00:00:00-04:00,222.280880842846,223.0747441599071,215.46361045876344,216.86277770996094,61777600,0.0,0.0
2024-07-25 00:00:00-04:00,217.2497669876539,219.1550448561193,212.9728474396388,215.82083129882812,51391200,0.0,0.0
2024-07-26 00:00:00-04:00,217.02154248476683,217.80548795978973,214.35218497553956,216.2872314453125,41601300,0.0,0.0
2024-07-29 00:00:00-04:00,215.29491873308154,217.61695646267233,214.0941983741811,216.56509399414062,36311800,0.0,0.0
2024-07-30 00:00:00-04:00,217.50779485320817,218.63904514115285,214.46134877521007,217.12078857421875,41643800,0.0,0.0
2024-07-31 00:00:00-04:00,219.7405227481965,222.10226187087767,218.93674165630796,220.3756103515625,50036300,0.0,0.0
2024-08-01 00:00:00-04:00,222.64804374939,222.7572001483694,215.35446119036925,216.68417358398438,62501000,0.0,0.0
2024-08-02 00:00:00-04:00,217.46809553371503,223.86860618805187,216.0391597412521,218.1726531982422,105568600,0.0,0.0
2024-08-05 00:00:00-04:00,197.56204548052773,211.8614570593827,194.49576385779395,207.66392517089844,119548600,0.0,0.0
2024-08-06 00:00:00-04:00,203.72439154098564,208.3783997216886,199.52685967053256,205.6395721435547,69660500,0.0,0.0
2024-08-07 00:00:00-04:00,205.31211338628992,212.00039184379946,204.80603289763474,208.209716796875,63516400,0.0,0.0
2024-08-08 00:00:00-04:00,211.4744658055274,212.55609685346144,207.22731432081122,211.6729278564453,47161100,0.0,0.0
2024-08-09 00:00:00-04:00,210.47223285968454,215.11630867247783,210.34322570654538,214.58045959472656,42201600,0.0,0.0
2024-08-12 00:00:00-04:00,214.65990347975702,218.07744081285009,214.19296955440146,216.11036682128906,38028100,0.25,0.0
2024-08-13 00:00:00-04:00,217.58072790378117,220.44193777769505,217.58072790378117,219.82598876953125,44155300,0.0,0.0
2024-08-14 00:00:00-04:00,219.1305366370634,221.574473844181,218.2662040703635,220.2730255126953,41960600,0.0,0.0
2024-08-15 00:00:00-04:00,223.13425172393934,223.87935717471936,221.30624816369337,223.2534637451172,46414000,0.0,0.0
2024-08-16 00:00:00-04:00,222.45869413327577,225.34970708383625,222.19045191126241,224.57479858398438,44340200,0.0,0.0
2024-08-19 00:00:00-04:00,224.24692851790377,224.51517071380414,221.5844105997713,224.4158172607422,40687800,0.0,0.0
2024-08-20 00:00:00-04:00,224.2966078109087,225.68746521443902,223.97868888483964,225.03176879882812,30299000,0.0,0.0
2024-08-21 00:00:00-04:00,225.04174306182065,226.49220666639903,223.58133501497932,224.92251586914062,34765500,0.0,0.0
2024-08-22 00:00:00-04:00,226.30343225653021,226.84984597984075,222.43881906323927,223.06471252441406,43695300,0.0,0.0
2024-08-23 00:00:00-04:00,224.187342377279,226.73063334528243,222.866020162344,225.35963439941406,38677300,0.0,0.0
2024-08-26 00:00:00-04:00,225.28016094798537,225.79677167752968,222.42889539152742,225.69741821289062,30602200,0.0,0.0
2024-08-27 00:00:00-04:00,224.52511915345738,227.35652605602343,223.4223624308928,226.5418701171875,35934600,0.0,0.0
2024-08-28 00:00:00-04:00,226.43259292076607,228.35993491185639,224.20720569696516,225.01193237304688,38052200,0.0,0.0
2024-08-29 00:00:00-04:00,228.59836441740794,231.39995310375193,227.3863249726349,228.29037475585938,51906300,0.0,0.0
2024-08-30 00:00:00-04:00,228.68777538921813,228.89639643358683,225.99545426270925,227.5055389404297,52990800,0.0,0.0
2024-09-03 00:00:00-04:00,227.05847075546578,227.50553099413642,219.7266282681139,221.31619262695312,50190600,0.0,0.0
2024-09-04 00:00:00-04:00,220.21344869061124,220.33266071869627,216.06071952153204,219.4087371826172,43840200,0.0,0.0
2024-09-05 00:00:00-04:00,220.1836359939166,224.00850159902006,220.07435325324454,220.92874145507812,36615400,0.0,0.0
2024-09-06 00:00:00-04:00,222.4884846157397,223.7700744804958,218.33577084564575,219.37892150878906,48423000,0.0,0.0
2024-09-09 00:00:00-04:00,219.37892899374344,219.82598924771256,215.2957503769675,219.4683380126953,67180000,0.0,0.0
2024-09-10 00:00:00-04:00,217.49131703149231,220.03460793809228,215.31560663834654,218.67355346679688,51591000,0.0,0.0
2024-09-11 00:00:00-04:00,220.01475867053273,221.63411098197892,216.4680492147489,221.20692443847656,44587100,0.0,0.0
2024-09-12 00:00:00-04:00,221.04795042006705,222.09110108310472,218.38544755210194,221.31619262695312,37455600,0.0,0.0
2024-09-13 00:00:00-04:00,222.12091208096655,222.57790161811045,220.46181236980377,221.04795837402344,36766600,0.0,0.0
2024-09-16 00:00:00-04:00,215.126845002842,215.80241517960704,212.52394807405793,214.90829467773438,59357400,0.0,0.0
2024-09-17 00:00:00-04:00,214.3419921866889,215.48448109873988,213.10014982176025,215.3751983642578,45519300,0.0,0.0
2024-09-18 00:00:00-04:00,216.13027852526886,221.25660816461058,216.12033408306178,219.24978637695312,59894900,0.0,0.0
2024-09-19 00:00:00-04:00,223.52171975466862,228.32020097310811,223.16406850984052,227.3763885498047,66781300,0.0,0.0
2024-09-20 00:00:00-04:00,228.46920754640476,231.56884144729943,226.1345376792504,226.71075439453125,318679900,0.0,0.0
2024-09-23 00:00:00-04:00,225.8563676699032,227.95259834339626,224.33635371548323,224.99205017089844,54146000,0.0,0.0
2024-09-24 00:00:00-04:00,227.15779954496355,227.8532433973514,224.2568575968381,225.8861541748047,43556100,0.0,0.0
2024-09-25 00:00:00-04:00,223.46208007568333,225.80667911779153,222.5580303354434,224.89268493652344,42308700,0.0,0.0
2024-09-26 00:00:00-04:00,225.81665178414175,227.00881759745033,223.9389864593978,226.03521728515625,36636700,0.0,0.0
2024-09-27 00:00:00-04:00,226.9690618971705,228.02214184296878,225.8166284941723,226.3034210205078,34026000,0.0,0.0
2024-09-30 00:00:00-04:00,228.5387415800987,231.47943115234375,228.1512873446241,231.47943115234375,54541900,0.0,0.0
2024-10-01 00:00:00-04:00,228.02216122790813,228.15130254219565,222.27988260723768,224.7337646484375,63285000,0.0,0.0
2024-10-02 00:00:00-04:00,224.41582711263038,225.8861642954019,221.56456176324298,225.30001831054688,32880600,0.0,0.0
2024-10-03 00:00:00-04:00,223.67074086449446,225.32984066329956,221.86262602596847,224.19728088378906,34044200,0.0,0.0
2024-10-04 00:00:00-04:00,226.41269745663615,226.51205091107013,222.66731173997377,225.31988525390625,37245100,0.0,0.0
2024-10-07 00:00:00-04:00,223.0348997045567,224.21713611955545,219.885589131397,220.2432403564453,39505400,0.0,0.0
2024-10-08 00:00:00-04:00,222.83620769655573,224.5052366387564,221.79305702807565,224.29661560058594,31855700,0.0,0.0
2024-10-09 00:00:00-04:00,223.7601370790405,228.25064364916537,223.36275355639287,228.04200744628906,33591100,0.0,0.0
2024-10-10 00:00:00-04:00,226.29350107451606,228.00227752622936,225.68748134269669,227.54527282714844,28183500,0.0,0.0
2024-10-11 00:00:00-04:00,227.80358186995707,227.91286461183438,225.85636623992795,226.06500244140625,31759200,0.0,0.0
2024-10-14 00:00:00-04:00,227.2075041009655,230.21772915238438,227.1081657950345,229.79054260253906,39882100,0.0,0.0
2024-10-15 00:00:00-04:00,232.08542861457474,235.94011203523937,230.85351557312313,232.32386779785156,64751400,0.0,0.0
2024-10-16 00:00:00-04:00,230.0885617348273,230.60515724916505,228.34003796565733,230.2673797607422,34082200,0.0,0.0
2024-10-17 00:00:00-04:00,231.9066247344228,232.3238971476739,229.0156269629083,230.63497924804688,32993800,0.0,0.0
2024-10-18 00:00:00-04:00,234.63867690560429,234.63867690560429,232.4828401919167,233.4663848876953,46431500,0.0,0.0
2024-10-21 00:00:00-04:00,232.91995571367772,235.3043021987925,232.91995571367772,234.93670654296875,36254500,0.0,0.0
2024-10-22 00:00:00-04:00,232.36362533760988,234.67842149785605,231.0820505913223,234.32077026367188,38846600,0.0,0.0
2024-10-23 00:00:00-04:00,232.552368896012,233.6054487889833,226.2736066643371,229.2540283203125,52287000,0.0,0.0
2024-10-24 00:00:00-04:00,228.47914643577636,229.3136761173618,226.91940013747097,229.0653076171875,31109500,0.0,0.0
2024-10-25 00:00:00-04:00,228.24072625952675,231.69801159617745,228.07183749564092,229.8998260498047,38802300,0.0,0.0
2024-10-28 00:00:00-04:00,231.79736647290133,233.1981533252385,231.03238723011694,231.8768310546875,36087100,0.0,0.0
2024-10-29 00:00:00-04:00,231.5787930163908,232.80076177889833,230.80388451731673,232.1450653076172,35417200,0.0,0.0
2024-10-30 00:00:00-04:00,231.0919876952183,231.9463759413976,228.05195968136482,228.59837341308594,47070900,0.0,0.0
2024-10-31 00:00:00-04:00,227.84332326136388,228.33013097812315,223.89923027313517,224.4357147216797,64370100,0.0,0.0
2024-11-01 00:00:00-04:00,219.5279346472888,223.87935529424118,218.83250593091054,221.4552764892578,65276700,0.0,0.0
2024-11-04 00:00:00-05:00,219.54780947276666,221.33605042122997,218.2761640538016,220.56114196777344,44944500,0.0,0.0
2024-11-05 00:00:00-05:00,220.35251908634842,222.4884819564664,219.6968226591573,221.9917449951172,28111300,0.0,0.0
2024-11-06 00:00:00-05:00,221.15722727351368,224.59465366535846,219.7464961432124,221.26651000976562,54561100,0.0,0.0
2024-11-07 00:00:00-05:00,223.16407624917585,226.39286684724487,223.10447023283905,225.99546813964844,42137700,0.0,0.0
2024-11-08 00:00:00-05:00,225.9357792784742,227.4176895436531,225.17991383614745,225.7269287109375,38328800,0.25,0.0
2024-11-11 00:00:00-05:00,223.77757009002366,224.47376393957063,220.29658566640109,223.01174926757812,42005600,0.0,0.0
2024-11-12 00:00:00-05:00,223.33001798502116,224.36436096493557,222.14648085284745,223.01174926757812,40398300,0.0,0.0
2024-11-13 00:00:00-05:00,222.79294167641658,225.4185978724207,221.54973296285615,223.89691162109375,48566200,0.0,0.0
2024-11-14 00:00:00-05:00,223.7974607959322,227.62653447284012,223.77756520755418,226.98007202148438,44923900,0.0,0.0
2024-11-15 00:00:00-05:00,225.1699449930133,225.6871240415238,223.05152776948486,223.77755737304688,47923700,0.0,0.0
2024-11-18 00:00:00-05:00,224.02620376766677,228.49181480220403,223.94663659117114,226.78115844726562,44633700,0.0,0.0
2024-11-19 00:00:00-05:00,225.74680903538962,228.90953992555222,225.4285554930197,227.0397491455078,36211800,0.0,0.0
2024-11-20 00:00:00-05:00,226.82093350733243,228.68076882556113,224.66272507245372,227.75582885742188,35169600,0.0,0.0
2024-11-21 00:00:00-05:00,227.63651765548505,228.90956230117874,224.4837418395179,227.27847290039062,42108300,0.0,0.0
2024-11-22 00:00:00-05:00,226.82094518602503,229.46649702017746,226.82094518602503,228.62110900878906,38168300,0.0,0.0
2024-11-25 00:00:00-05:00,230.2024695182051,231.982737654973,228.4918131754458,231.60479736328125,90152800,0.0,0.0
2024-11-26 00:00:00-05:00,232.06231657216094,234.29015208323423,232.06231657216094,233.7829132080078,45986200,0.0,0.0
2024-11-27 00:00:00-05:00,233.19611792325418,234.40949083683986,232.53970008294309,233.6536102294922,33498400,0.0,0.0
2024-11-29 00:00:00-05:00,233.53426018813377,236.51796100091357,232.69882760276832,236.0405731201172,28481400,0.0,0.0
2024-12-02 00:00:00-05:00,235.98089694287458,239.4817615684827,235.8714939748314,238.2882843017578,48137100,0.0,0.0
2024-12-03 00:00:00-05:00,238.5070985351772,241.44106801091166,237.60203896586935,241.3316650390625,38861000,0.0,0.0
2024-12-04 00:00:00-05:00,241.55048900644988,242.78375758332757,239.9392952788925,241.68972778320312,44383900,0.0,0.0
2024-12-05 00:00:00-05:00,242.66437887636008,243.21137852046672,240.8144838697662,241.7195281982422,40033900,0.0,0.0
2024-12-06 00:00:00-05:00,241.59025685240857,243.30091318780651,240.76476447856876,241.5206298828125,36870600,0.0,0.0
2024-12-09 00:00:00-05:00,240.51612576959502,245.89673657618508,240.43655859300793,245.40939331054688,44649200,0.0,0.0
2024-12-10 00:00:00-05:00,245.54865007065558,246.861485816723,244.0070681600661,246.4238739013672,36914800,0.0,0.0
2024-12-11 00:00:00-05:00,246.61284788068906,249.43741460876686,244.92207178593077,245.1508331298828,45205800,0.0,0.0
2024-12-12 00:00:00-05:00,245.54864477609476,247.3885997871069,244.34521203481492,246.6128387451172,32777500,0.0,0.0
2024-12-13 00:00:00-05:00,246.47359279661413,247.9355922748061,244.90217516923994,246.7819061279297,33155300,0.0,0.0
2024-12-16 00:00:00-05:00,246.64268436980004,250.01426601000418,246.30452004436617,249.6761016845703,51694800,0.0,0.0
2024-12-17 00:00:00-05:00,248.72130738305802,252.45093348613432,248.42293425963442,252.1028289794922,51356400,0.0,0.0
2024-12-18 00:00:00-05:00,250.79000225751088,252.89847930582897,246.39401822090946,246.70233154296875,56774100,0.0,0.0
2024-12-19 00:00:00-05:00,246.15532490458142,250.6308762664829,245.7475488049507,248.43287658691406,60882300,0.0,0.0
2024-12-20 00:00:00-05:00,246.69239156062656,253.6145845456153,244.35516822034685,253.10736083984375,147495300,0.0,0.0
2024-12-23 00:00:00-05:00,253.38583418491564,254.26104280923545,252.07299848460428,253.88311767578125,40858800,0.0,0.0
2024-12-24 00:00:00-05:00,254.10189725758943,256.80710520536127,253.90297174117552,256.79718017578125,23234700,0.0,0.0
2024-12-26 00:00:00-05:00,256.7872242633273,258.6868506395932,256.2302692406472,257.6127014160156,27237100,0.0,0.0
2024-12-27 00:00:00-05:00,256.42919055718573,257.29448932345014,251.68511699924173,254.2013702392578,42355300,0.0,0.0
2024-12-30 00:00:00-05:00,250.85960874260036,252.1227129740064,249.3876539575231,250.82977294921875,35557500,0.0,0.0
2024-12-31 00:00:00-05:00,251.0684930674946,251.90392569582917,248.07483671879714,249.05946350097656,39480700,0.0,0.0
2025-01-02 00:00:00-05:00,247.57754859678104,247.74663833648884,240.50619200781614,242.52516174316406,55740700,0.0,0.0
2025-01-03 00:00:00-05:00,242.03782653808594,242.85336358935695,240.5758118291158,242.03782653808594,40244100,0.0,0.0
2025-01-06 00:00:00-05:00,242.98266113735735,245.98625772407811,241.87869116125097,243.66891479492188,45045600,0.0,0.0
2025-01-07 00:00:00-05:00,241.6598944370817,244.21593900697974,240.03876048613398,240.8940887451172,40856000,0.0,0.0
2025-01-08 00:00:00-05:00,240.60566285257053,242.38594639970384,238.7458272949175,241.3814239501953,37628900,0.0,0.0
2025-01-10 00:00:00-05:00,238.70602211575698,238.85521627248303,231.73411285331812,235.56320190429688,61710900,0.0,0.0
2025-01-13 00:00:00-05:00,232.2612269401141,233.39503269669683,228.47192915300568,233.12649536132812,49630700,0.0,0.0
2025-01-14 00:00:00-05:00,233.47460320476435,234.8371551382162,231.20699165927476,232.01258850097656,39435300,0.0,0.0
2025-01-15 00:00:00-05:00,233.36518970349533,237.66172623332486,233.15632396556444,236.57763671875,39832000,0.0,0.0
2025-01-16 00:00:00-05:00,236.06047699847062,236.7168796666606,226.79110553013876,227.0198516845703,71759100,0.0,0.0
2025-01-17 00:00:00-05:00,230.85887189963304,231.02794645733286,227.23864886634655,228.73049926757812,68488300,0.0,0.0
2025-01-21 00:00:00-05:00,222.783001089375,223.20071739531107,218.1881065481907,221.43038940429688,98070400,0.0,0.0
2025-01-22 00:00:00-05:00,218.59586314481808,222.90233985709415,218.59586314481808,222.61392211914062,64126500,0.0,0.0
2025-01-23 00:00:00-05:00,223.51898889751178,225.7965406078772,221.09224303438072,222.44485473632812,60234800,0.0,0.0
2025-01-24 00:00:00-05:00,223.5587751677507,224.40416321125562,220.207089142254,221.56964111328125,54697900,0.0,0.0
2025-01-27 00:00:00-05:00,222.80290778981754,230.888727332658,222.76311661057002,228.61117553710938,94863400,0.0,0.0
2025-01-28 00:00:00-05:00,229.59580038333414,238.88505261672515,229.5560092044273,236.9655303955078,75707600,0.0,0.0
2025-01-29 00:00:00-05:00,232.84800364416722,238.5568232574634,232.73860067537262,238.05953979492188,45486100,0.0,0.0
2025-01-30 00:00:00-05:00,237.3732826437262,239.48175963713217,235.92122345328548,236.2991485595703,55658300,0.0,0.0
2025-01-31 00:00:00-05:00,245.8470107317681,245.8470107317681,232.1717149504871,234.71780395507812,100959800,0.0,0.0
2025-02-03 00:00:00-05:00,228.74047863837345,230.5704783469237,224.47377754488917,226.77122497558594,73063300,0.0,0.0
2025-02-04 00:00:00-05:00,226.0153521080233,231.86341095944582,225.4186058340825,231.5352020263672,45067300,0.0,0.0
2025-02-05 00:00:00-05:00,227.28840417126338,231.40591110501148,227.02982220448578,231.20700073242188,39620300,0.0,0.0
2025-02-06 00:00:00-05:00,230.03338922164468,232.5297620441898,229.17806101517482,231.95291137695312,29925300,0.0,0.0
2025-02-07 00:00:00-05:00,231.33629458433444,232.72868233994458,226.02529517161955,226.39329528808594,39707200,0.0,0.0
2025-02-10 00:00:00-05:00,228.57377553913867,229.58933825388894,226.21404995469493,226.66209411621094,33115600,0.25,0.0
2025-02-11 00:00:00-05:00,227.2097321635687,234.20922454356437,227.1400438259152,231.6105499267578,53718400,0.0,0.0
2025-02-12 00:00:00-05:00,230.19669384296432,235.9317077791751,229.67894615315132,235.8420867919922,45243300,0.0,0.0
2025-02-13 00:00:00-05:00,235.88194100703416,241.28837041996871,234.54775953627293,240.4818878173828,53614100,0.0,0.0
2025-02-14 00:00:00-05:00,240.203075232316,244.48441805735465,239.9442089936196,243.53854370117188,40896200,0.0,0.0
