Date,Open,High,Low,Close,Volume,Dividends,Stock Splits
2015-02-17 00:00:00-05:00,27.06365870027936,27.220547807186694,26.77957454044964,26.866186141967773,32336537,0.0,0.0
2015-02-18 00:00:00-05:00,26.79492026502441,26.997341529996884,26.60239449449196,26.710783004760742,29061570,0.0,0.0
2015-02-19 00:00:00-05:00,26.62862393494129,26.879547680660078,26.62713970554673,26.8676700592041,19782163,0.0,0.0
2015-02-20 00:00:00-05:00,26.88053417384557,26.911220233811004,26.51775751106955,26.67365837097168,28887092,0.0,0.0
2015-02-23 00:00:00-05:00,26.530132855967732,26.549386187455156,26.201506695406554,26.325237274169922,29157834,0.0,0.0
2015-02-24 00:00:00-05:00,26.230709448416533,26.566760577774996,26.144099737827094,26.532115936279297,20101036,0.0,0.0
2015-02-25 00:00:00-05:00,26.522710952291927,27.03346759252031,26.500191936770648,26.91716194152832,36519991,0.0,0.0
2015-02-26 00:00:00-05:00,26.884498409739233,27.524428460156592,26.79986704340472,27.491762161254883,46230579,0.0,0.0
2015-02-27 00:00:00-05:00,27.430396234489148,27.948575977092855,27.364075406677195,27.636281967163086,48203982,0.0,0.0
2015-03-02 00:00:00-05:00,27.7416968982797,28.31679223298629,27.65360107040189,28.276704788208008,42592618,0.0,0.0
2015-03-03 00:00:00-05:00,28.23265803670051,28.477146970896623,28.03815393594288,28.39053726196289,34095352,0.0,0.0
2015-03-04 00:00:00-05:00,28.302934497661848,28.562271395948056,28.111896761190057,28.377172470092773,37536775,0.0,0.0
2015-03-05 00:00:00-05:00,28.45883433541097,28.601867479165016,28.379153555197554,28.474178314208984,27792094,0.0,0.0
2015-03-06 00:00:00-05:00,28.45190381367786,28.540989756905017,28.05002979161154,28.095809936523438,33182854,0.0,0.0
2015-03-09 00:00:00-04:00,28.05497987744902,28.223748497953903,27.89042162198169,28.153470993041992,21242161,0.0,0.0
2015-03-10 00:00:00-04:00,27.925807496874565,27.955501549721944,27.45464418896573,27.468502044677734,35846146,0.0,0.0
2015-03-11 00:00:00-04:00,27.47493423904803,27.62341017879839,27.254200563943048,27.278945922851562,36415706,0.0,0.0
2015-03-12 00:00:00-04:00,27.39426465233852,27.535809778013064,27.24331246566813,27.493247985839844,27792094,0.0,0.0
2015-03-13 00:00:00-04:00,27.393766935144612,27.636277506929524,26.934483160511437,27.087907791137695,34071287,0.0,0.0
2015-03-16 00:00:00-04:00,27.267564439985357,27.55956764802932,27.0225794998255,27.443756103515625,32819860,0.0,0.0
2015-03-17 00:00:00-04:00,27.30517899842508,27.408616914344403,27.121564297537436,27.262121200561523,36110871,0.0,0.0
2015-03-18 00:00:00-04:00,27.344275109226857,27.704577460028787,27.072070478014496,27.690719604492188,42690887,0.0,0.0
2015-03-19 00:00:00-04:00,27.68527516288605,27.75505855327857,27.524673595995065,27.61598777770996,23945563,0.0,0.0
2015-03-20 00:00:00-04:00,27.79712665149198,27.80059111522456,27.668447381346034,27.733280181884766,52337299,0.0,0.0
2015-03-23 00:00:00-04:00,27.73674720017304,27.832266064542157,27.509082705624692,27.65656852722168,32876014,0.0,0.0
2015-03-24 00:00:00-04:00,27.842166691494594,28.437554745506922,27.775353647124543,28.219789505004883,51665459,0.0,0.0
2015-03-25 00:00:00-04:00,28.235132415738825,28.322238130012508,27.65310812852146,27.65533447265625,43045859,0.0,0.0
2015-03-26 00:00:00-04:00,27.596189579188046,27.661024277162113,27.252715428067216,27.476421356201172,31452115,0.0,0.0
2015-03-27 00:00:00-04:00,27.369022546714252,27.481863733168478,27.127996195679607,27.138389587402344,37949906,0.0,0.0
2015-03-30 00:00:00-04:00,27.30072554600852,27.39228584419646,27.12997857689582,27.32101821899414,25750504,0.0,0.0
2015-03-31 00:00:00-04:00,27.220544373127076,27.45365165996228,27.058210587989624,27.12156105041504,31760961,0.0,0.0
2015-04-01 00:00:00-04:00,27.151257576596628,27.276966502561876,26.7008810507498,26.852327346801758,39261497,0.0,0.0
2015-04-02 00:00:00-04:00,26.767697635813537,26.767697635813537,26.42110544792621,26.5044002532959,34327989,0.0,0.0
2015-04-06 00:00:00-04:00,26.340579085398254,26.64693423082376,26.20942546839209,26.565519332885742,26488525,0.0,0.0
2015-04-07 00:00:00-04:00,26.630605133575237,26.85876186880439,26.527661326547552,26.578142166137695,26057345,0.0,0.0
2015-04-08 00:00:00-04:00,26.645453630206738,26.916174057845954,26.645453630206738,26.80531120300293,23570536,0.0,0.0
2015-04-09 00:00:00-04:00,26.77660246103261,26.8221364961216,26.502419492135893,26.764230728149414,31157308,0.0,0.0
2015-04-10 00:00:00-04:00,26.838963087795975,26.838963087795975,26.592493933897263,26.72612190246582,28189181,0.0,0.0
2015-04-13 00:00:00-04:00,26.64693623286809,26.926565806599832,26.59249492613848,26.68454933166504,32906096,0.0,0.0
2015-04-14 00:00:00-04:00,26.54003248754941,26.605361295001444,26.136278572686102,26.250009536743164,52082601,0.0,0.0
2015-04-15 00:00:00-04:00,26.166369192546135,26.464805310571272,25.89515467399501,26.35592269897461,46376979,0.0,0.0
2015-04-16 00:00:00-04:00,26.225757599815804,26.507367386252884,26.211405632844066,26.41877555847168,25997180,0.0,0.0
2015-04-17 00:00:00-04:00,26.16438640542493,26.222786281539545,25.78577354157518,25.936229705810547,43037837,0.0,0.0
2015-04-20 00:00:00-04:00,26.01294390865348,26.532113695696683,25.958502604207666,26.49697494506836,33585958,0.0,0.0
2015-04-21 00:00:00-04:00,26.602390416583564,26.695436825934873,26.41258891782806,26.42719078063965,36895018,0.0,0.0
2015-04-22 00:00:00-04:00,26.448471578412523,26.77907797009445,26.317317961381722,26.694198608398438,31871263,0.0,0.0
2015-04-23 00:00:00-04:00,26.775121078422803,27.268059398675238,26.737011974856166,27.072071075439453,83697161,0.0,0.0
2015-04-24 00:00:00-04:00,28.017365652352442,28.266805159856716,27.5793627581653,27.96589469909668,98650102,0.0,0.0
2015-04-27 00:00:00-04:00,27.959798649162074,28.08684603854636,27.454091011002113,27.561782836914062,47960000,0.0,1.0027455
2015-04-28 00:00:00-04:00,27.525554000511878,27.594040583596612,27.313443616406495,27.4779109954834,29820000,0.0,0.0
2015-04-29 00:00:00-04:00,27.31860492997663,27.477909682242906,27.141680634413515,27.249622344970703,33976000,0.0,0.0
2015-04-30 00:00:00-04:00,27.189571520441334,27.225304718922942,26.553344524556984,26.6669921875,41644000,0.0,0.0
2015-05-01 00:00:00-04:00,26.721087601421647,26.77617447319808,26.40694400935465,26.694786071777344,35364000,0.0,0.0
2015-05-04 00:00:00-04:00,26.726047683309947,27.00098599830731,26.553839232560637,26.837709426879883,26160000,0.0,0.0
2015-05-05 00:00:00-04:00,26.71017068177403,26.78610113491824,26.322131762332305,26.342430114746094,27662000,0.0,0.0
2015-05-06 00:00:00-04:00,26.364265571989296,26.420840461047074,25.860295839309458,26.015878677368164,31340000,0.0,0.0
2015-05-07 00:00:00-04:00,26.004464021094545,26.474440374448026,25.893298259551123,26.337467193603516,30926000,0.0,0.0
2015-05-08 00:00:00-04:00,26.63275218242336,26.856077601165694,26.054588013109825,26.71066665649414,30552000,0.0,0.0
2015-05-11 00:00:00-04:00,26.718110942171478,26.897267272544465,26.57071598461025,26.585603713989258,18106000,0.0,0.0
2015-05-12 00:00:00-04:00,26.382130471372733,26.46198163511388,26.067490874354906,26.255083084106445,32684000,0.0,0.0
2015-05-13 00:00:00-04:00,26.33051980429616,26.517220356640678,26.23597968339673,26.283870697021484,25046000,0.0,0.0
2015-05-14 00:00:00-04:00,26.489821511084592,26.74937612184015,26.42232883097747,26.7195987701416,28078000,0.0,0.0
2015-05-15 00:00:00-04:00,26.758306211278597,26.76297093183773,26.32158121467734,26.493789672851562,39426000,0.0,0.0
2015-05-18 00:00:00-04:00,26.40247648621048,26.541929675623006,26.245651755622735,26.416868209838867,40068000,0.0,0.0
2015-05-19 00:00:00-04:00,26.50024338604702,26.831758511285642,26.453594284032864,26.667985916137695,39338000,0.0,0.0
2015-05-20 00:00:00-04:00,26.72406428241041,26.943915754047826,26.45021828892187,26.762773513793945,28616000,0.0,0.0
2015-05-21 00:00:00-04:00,26.69726539528515,26.989573390302905,26.599499357846064,26.923568725585938,29254000,0.0,0.0
2015-05-22 00:00:00-04:00,26.806444546220217,27.006940440352494,26.77468317655412,26.804460525512695,23524000,0.0,0.0
2015-05-26 00:00:00-04:00,26.705702074233525,26.74937514316359,26.29676850102373,26.41786003112793,48130000,0.0,0.0
2015-05-27 00:00:00-04:00,26.441681100500084,26.82629716035731,26.387588136863673,26.7885799407959,30500000,0.0,0.0
2015-05-28 00:00:00-04:00,26.700243789307727,26.829277089663094,26.612899539498528,26.7880859375,20596000,0.0,0.0
2015-05-29 00:00:00-04:00,26.668480895424622,26.731011627953826,26.374684896318502,26.407438278198242,51948000,0.0,0.0
2015-06-01 00:00:00-04:00,26.639695301923947,26.639695301923947,26.29081246277373,26.500736236572266,38086000,0.0,0.0
2015-06-02 00:00:00-04:00,26.44813664360013,26.947888452636988,26.368732258681504,26.758310317993164,38780000,0.0,0.0
2015-06-03 00:00:00-04:00,26.79453669352968,26.97269911562827,26.655577614754442,26.81438636779785,34340000,0.0,0.0
2015-06-04 00:00:00-04:00,26.68783595185042,26.828281148203757,26.51711550706635,26.635229110717773,26966000,0.0,0.0
2015-06-05 00:00:00-04:00,26.617862049630023,26.660047106304393,26.427787917997684,26.467987060546875,27764000,0.0,0.0
2015-06-08 00:00:00-04:00,26.466992228131065,26.507189473244612,26.11612345686162,26.145402908325195,30412000,0.0,0.0
2015-06-09 00:00:00-04:00,26.181631498803263,26.263019890655954,25.955824194329722,26.13845443725586,29106000,0.0,0.0
2015-06-10 00:00:00-04:00,26.270964490959972,26.717613416915288,26.27046848572704,26.634735107421875,36300000,0.0,0.0
2015-06-11 00:00:00-04:00,26.720839520261684,26.74838295606894,26.452601024413564,26.531509399414062,24350000,0.0,0.0
2015-06-12 00:00:00-04:00,26.382128644666096,26.45756308479328,26.310664139311456,26.418357849121094,19116000,0.0,0.0
2015-06-15 00:00:00-04:00,26.203468101494,26.218357723199443,26.004958112534343,26.163766860961914,32654000,0.0,0.0
2015-06-16 00:00:00-04:00,26.223322315631926,26.284861043161246,26.082379205872783,26.210914611816406,21436000,0.0,0.0
2015-06-17 00:00:00-04:00,26.271460591562217,26.35136097679835,26.059548981047072,26.266000747680664,25884000,0.0,0.0
2015-06-18 00:00:00-04:00,26.352352531337775,26.70719126245637,26.34193074213946,26.636720657348633,36662000,0.0,0.0
2015-06-19 00:00:00-04:00,26.660542524732264,26.7121554662033,26.452104844766655,26.634735107421875,37870000,0.0,0.0
2015-06-22 00:00:00-04:00,26.77865561145297,26.984611368060165,26.676421740984157,26.709177017211914,25006000,0.0,0.0
2015-06-23 00:00:00-04:00,26.78113732192978,26.873394292724292,26.563271762215354,26.822824478149414,23950000,0.0,0.0
2015-06-24 00:00:00-04:00,26.79900452176099,26.79900452176099,26.583620868866173,26.691808700561523,25732000,0.0,0.0
2015-06-25 00:00:00-04:00,26.742926910692432,26.843670882162126,26.562280654907227,26.562280654907227,26714000,0.0,0.0
2015-06-26 00:00:00-04:00,26.66302301742046,26.687836529787575,26.369721129573314,26.386594772338867,42182000,0.0,0.0
2015-06-29 00:00:00-04:00,26.05508411275072,26.233744448391803,25.833248602114608,25.88188362121582,38756000,0.0,0.0
2015-06-30 00:00:00-04:00,26.105206917119617,26.11662071650879,25.831260586582086,25.831756591796875,44344000,0.0,0.0
2015-07-01 00:00:00-04:00,26.04118540581094,26.08882840893672,25.718605964039845,25.89776039123535,39220000,0.0,0.0
2015-07-02 00:00:00-04:00,25.860047794853703,26.03721821996105,25.860047794853703,25.975183486938477,24718000,0.0,0.0
2015-07-06 00:00:00-04:00,25.7816365956666,26.066996759181972,25.75682307995872,25.94838523864746,25610000,0.0,0.0
2015-07-07 00:00:00-04:00,25.961782130334914,26.113147020787245,25.56724216198026,26.055578231811523,31944000,0.0,0.0
2015-07-08 00:00:00-04:00,25.858557656239594,25.94213075392496,25.613396650980622,25.649127960205078,25934000,0.0,0.0
2015-07-09 00:00:00-04:00,25.961286236399427,25.993543614135035,25.823817064095103,25.840194702148438,36846000,0.0,0.0
2015-07-10 00:00:00-04:00,26.118605374784156,26.429771012967358,26.081880166009025,26.309175491333008,39134000,0.0,0.0
2015-07-13 00:00:00-04:00,26.44565514727225,27.151858747027262,26.421835535250416,27.124067306518555,44130000,0.0,0.0
2015-07-14 00:00:00-04:00,27.134484221044758,28.081829512036155,27.13200419512346,27.846147537231445,64882000,0.0,0.0
2015-07-15 00:00:00-04:00,27.79800712865459,28.114284250505712,27.632250534290772,27.802473068237305,35692000,0.0,0.0
2015-07-16 00:00:00-04:00,28.045655278686702,28.81786351703097,28.039699429357874,28.77667236328125,95366000,0.0,0.0
2015-07-17 00:00:00-04:00,32.2084347796004,33.47235462693699,32.00992287274207,33.396026611328125,223298000,0.0,0.0
2015-07-20 00:00:00-04:00,32.716616960815635,33.1950271784508,32.407435369942036,32.90420913696289,117218000,0.0,0.0
2015-07-21 00:00:00-04:00,32.516619900464065,33.39949778212974,32.47145692395905,32.86848068237305,67544000,0.0,0.0
2015-07-22 00:00:00-04:00,32.79850413189273,33.67939804196393,32.70470992360707,32.85855484008789,78586000,0.0,0.0
2015-07-23 00:00:00-04:00,32.81736457673625,32.93448617868094,31.811409170876153,31.97418975830078,60582000,0.0,0.0
2015-07-24 00:00:00-04:00,32.109174185767735,32.16724087296572,30.894287023463715,30.945899963378906,72514000,0.0,0.0
2015-07-27 00:00:00-04:00,30.818852686813965,31.478903113732233,30.79403917378201,31.12952423095703,53508000,0.0,0.0
2015-07-28 00:00:00-04:00,31.405951369062038,31.405951369062038,30.93349502670133,31.166248321533203,34546000,0.0,0.0
2015-07-29 00:00:00-04:00,31.205949436693917,31.432250862553115,30.90073774846689,31.361284255981445,31502000,0.0,0.0
2015-07-30 00:00:00-04:00,31.26550375454525,31.52456046760519,30.870963782544994,31.394039154052734,29484000,0.0,0.0
2015-07-31 00:00:00-04:00,31.33398815774334,31.40991860099637,31.04217618872308,31.047636032104492,34122000,0.0,0.0
2015-08-03 00:00:00-04:00,31.034237901165092,31.417165285716493,31.034237901165092,31.325551986694336,26090000,0.0,0.0
2015-08-04 00:00:00-04:00,31.1870917765787,31.50421328833415,31.12456104090153,31.228282928466797,29818000,0.0,0.0
2015-08-05 00:00:00-04:00,31.48039084846652,32.151856962044214,31.422327947886767,31.949373245239258,46686000,0.0,0.0
2015-08-06 00:00:00-04:00,32.00992059935409,32.02873093491705,31.377165597688368,31.89478302001953,31452000,0.0,0.0
2015-08-07 00:00:00-04:00,31.77319892293375,31.894784576127805,31.251113641804523,31.528532028198242,28078000,0.0,0.0
2015-08-10 00:00:00-04:00,31.735973130555738,31.932499090528495,31.327486362459705,31.450613021850586,36184000,0.0,0.0
2015-08-11 00:00:00-04:00,33.2109124410076,33.49379066088468,32.4699714972678,32.79304885864258,100584000,0.0,0.0
2015-08-12 00:00:00-04:00,32.90719048154273,33.00247649359716,32.37170550868961,32.73250198364258,58734000,0.0,0.0
2015-08-13 00:00:00-04:00,32.72068696653832,32.97765931032429,32.34048951366698,32.578155517578125,36214000,0.0,0.0
2015-08-14 00:00:00-04:00,32.5066981394269,32.747143325701394,32.390072531156136,32.611412048339844,21442000,0.0,0.0
2015-08-17 00:00:00-04:00,32.59552812803517,32.8228234657589,32.319597774851744,32.79751205444336,21034000,0.0,0.0
2015-08-18 00:00:00-04:00,32.8486289513891,32.95284683553377,32.4297696077559,32.56227493286133,29122000,0.0,0.0
2015-08-19 00:00:00-04:00,32.5856039555013,33.10172956391123,32.46599854560898,32.79899978637695,42682000,0.0,0.0
2015-08-20 00:00:00-04:00,32.529021916338955,32.902722050033056,31.905698665518003,32.10073471069336,57106000,0.0,0.0
2015-08-21 00:00:00-04:00,31.750862936071943,31.764260756200578,30.38858083952481,30.396024703979492,85304000,0.0,0.0
2015-08-24 00:00:00-04:00,28.436718805659787,29.743418022477567,28.042178846107912,29.261035919189453,115406000,0.0,0.0
2015-08-25 00:00:00-04:00,30.51661934556366,30.642672818727558,28.839199819304334,28.8863468170166,70760000,0.0,0.0
2015-08-26 00:00:00-04:00,30.290316360975844,31.35036656130228,29.7295218999777,31.1970157623291,84718000,0.0,0.0
2015-08-27 00:00:00-04:00,31.73200165965795,31.939943313658883,30.868479353014166,31.643169403076172,69826000,0.0,0.0
2015-08-28 00:00:00-04:00,31.405456226288337,31.606944158690993,30.995530608595207,31.28436279296875,39574000,0.0,0.0
2015-08-31 00:00:00-04:00,31.143421320355316,31.55334693466738,30.654091324956518,30.6823787689209,43534000,0.0,0.0
2015-09-01 00:00:00-04:00,29.893793442150717,30.41488482065027,29.483867820525777,29.666994094848633,74042000,0.0,0.0
2015-09-02 00:00:00-04:00,30.054089626095013,30.488332748413086,29.76227952009392,30.488332748413086,51512000,0.0,0.0
2015-09-03 00:00:00-04:00,30.62034059614159,30.754831834319386,29.91666826209145,30.086841583251953,35192000,0.0,0.0
2015-09-04 00:00:00-04:00,29.776667794924617,29.948876250919383,29.54093659880795,29.8114070892334,41780000,0.0,0.0
2015-09-08 00:00:00-04:00,30.39651961138362,30.586097718124662,29.98113419420764,30.50421142578125,45590000,0.0,0.0
2015-09-09 00:00:00-04:00,30.8297714706207,31.092798108719535,30.25309537310412,30.407934188842773,34042000,0.0,0.0
2015-09-10 00:00:00-04:00,30.42679400554642,30.975676777918633,30.343915699987818,30.83622169494629,38106000,0.0,0.0
2015-09-11 00:00:00-04:00,30.75681838142332,31.05607423703804,30.64118668970436,31.055578231811523,27470000,0.0,0.0
2015-09-14 00:00:00-04:00,31.05210100431119,31.06004087339166,30.74093537685704,30.930017471313477,34046000,0.0,0.0
2015-09-15 00:00:00-04:00,31.10172858268073,31.697262316818396,30.956815557045022,31.520587921142578,41688000,0.0,0.0
2015-09-16 00:00:00-04:00,31.53697113406654,31.66004670137702,31.380642388989088,31.562280654907227,25730000,0.0,0.0
2015-09-17 00:00:00-04:00,31.65210761309463,32.30272645087679,31.514638423794676,31.90570640563965,45494000,0.0,0.0
2015-09-18 00:00:00-04:00,31.60247722521951,31.761781988942257,31.117613181381845,31.228282928466797,102668000,0.0,0.0
2015-09-21 00:00:00-04:00,31.483865650856483,31.587587538210414,31.064016156000978,31.535478591918945,35770000,0.0,0.0
2015-09-22 00:00:00-04:00,31.116622767470066,31.14391820171928,30.542428530875462,30.902727127075195,51258000,0.0,0.0
2015-09-23 00:00:00-04:00,30.87096117642954,31.21240016341173,30.769223319644734,30.88634490966797,29418000,0.0,0.0
2015-09-24 00:00:00-04:00,30.602477191787592,31.1325004210136,30.392055495438207,31.05706787109375,44802000,0.0,0.0
2015-09-25 00:00:00-04:00,31.254090027540897,31.254090027540897,30.322575176704216,30.37071418762207,43480000,0.0,0.0
2015-09-28 00:00:00-04:00,30.289823484169325,30.501485206564695,29.249624743363746,29.523073196411133,62554000,0.0,0.0
2015-09-29 00:00:00-04:00,29.64168398074317,30.02481016596885,29.29131117973288,29.52704429626465,46190000,0.0,0.0
2015-09-30 00:00:00-04:00,29.93944942678706,30.211409852742523,29.81289993924107,30.194536209106445,48268000,0.0,0.0
2015-10-01 00:00:00-04:00,30.19205443661584,30.37666870917105,29.769225146006118,30.33696746826172,37352000,0.0,0.0
2015-10-02 00:00:00-04:00,30.1339919299291,31.133495498564592,29.932006101040386,31.11215591430664,53696000,0.0,0.0
2015-10-05 00:00:00-04:00,31.364759563946183,31.91116232378943,31.116620646340834,31.834735870361328,36072000,0.0,0.0
2015-10-06 00:00:00-04:00,31.704210269268845,32.220837531588856,31.589570597786658,32.03175354003906,43326000,0.0,0.0
2015-10-07 00:00:00-04:00,32.22034526393337,32.28828283685097,31.372204697836626,31.878904342651367,41854000,0.0,0.0
2015-10-08 00:00:00-04:00,31.82927641166116,31.982625325594068,31.04515651383093,31.720094680786133,43642000,0.0,0.0
2015-10-09 00:00:00-04:00,31.76178261423614,32.05905256374491,31.52942498404643,31.94093894958496,32974000,0.0,0.0
2015-10-12 00:00:00-04:00,31.865504790630897,32.18361832197208,31.71265187681294,32.09280014038086,25504000,0.0,0.0
2015-10-13 00:00:00-04:00,31.918109167776755,32.64574880479432,31.918109167776755,32.3722038269043,36154000,0.0,0.0
2015-10-14 00:00:00-04:00,32.417365922565516,32.72406755073955,32.20099025814245,32.31562805175781,28310000,0.0,0.0
2015-10-15 00:00:00-04:00,32.48932204757328,32.9096693775391,32.479394371888525,32.8406867980957,37714000,0.0,0.0
2015-10-16 00:00:00-04:00,32.958307763607586,33.00098692904776,32.615378851872094,32.86351776123047,32222000,0.0,0.0
2015-10-19 00:00:00-04:00,32.81289698813525,33.09279917959269,32.73349450105978,33.05706787109375,29546000,0.0,0.0
2015-10-20 00:00:00-04:00,32.954835476669125,32.9885827657378,31.969973493696656,32.27195739746094,49964000,0.0,0.0
2015-10-21 00:00:00-04:00,32.464014008519136,32.549372339512054,31.847634775951796,31.89130973815918,35822000,0.0,0.0
2015-10-22 00:00:00-04:00,32.09428277579215,32.64515140852133,31.960785447778097,32.34688949584961,81420000,0.0,0.0
2015-10-23 00:00:00-04:00,36.104217126274314,36.22828660093505,34.813895347062626,34.838706970214844,133078000,0.0,0.0
2015-10-26 00:00:00-04:00,34.81637475798457,35.68982490431878,34.80198303237274,35.373695373535156,54332000,0.0,0.0
2015-10-27 00:00:00-04:00,35.10569880847668,35.41537643099847,34.965253613496905,35.16078567504883,44916000,0.0,0.0
2015-10-28 00:00:00-04:00,35.10321947975609,35.383613870094145,34.8922998942025,35.38212585449219,43578000,0.0,0.0
2015-10-29 00:00:00-04:00,35.26054163215963,35.64564992982096,35.236222231152084,35.57915115356445,29120000,0.0,0.0
2015-10-30 00:00:00-04:00,35.52009176690267,35.63274931688685,35.23820556878569,35.27592468261719,38176000,0.0,0.0
2015-11-02 00:00:00-05:00,35.28832868846886,35.81239789512262,35.029766121255186,35.787086486816406,37726000,0.0,0.0
2015-11-03 00:00:00-05:00,35.675426484523726,35.9627687238666,35.46996674970094,35.83919906616211,31308000,0.0,0.0
2015-11-04 00:00:00-05:00,35.83126133783705,36.3821300862551,35.82630128518444,36.13448715209961,34134000,0.0,0.0
2015-11-05 00:00:00-05:00,36.20197938201973,36.698753233890756,36.20197938201973,36.29031753540039,37232000,0.0,0.0
2015-11-06 00:00:00-05:00,36.30272109455192,36.49676513491801,36.079889822456366,36.414878845214844,30232000,0.0,0.0
2015-11-09 00:00:00-05:00,36.23820449639933,36.46202779081635,35.7037153477529,35.97468185424805,41396000,0.0,0.0
2015-11-10 00:00:00-05:00,35.950368835043555,36.25756267502318,35.65756293328786,36.1449089050293,32160000,0.0,0.0
2015-11-11 00:00:00-05:00,36.350364191532194,36.77418357758283,36.239694456106506,36.49626922607422,27328000,0.0,0.0
2015-11-12 00:00:00-05:00,36.27791002109212,36.615379110017145,36.161038314152194,36.28932571411133,36744000,0.0,0.0
2015-11-13 00:00:00-05:00,36.18708997370946,36.285352013492734,35.56971872545032,35.5831184387207,41510000,0.0,0.0
2015-11-16 00:00:00-05:00,35.513639842847375,36.20296970949171,35.3017320291909,36.17667007446289,38118000,0.0,0.0
2015-11-17 00:00:00-05:00,36.19304532825471,36.31984470423198,35.8822242355571,35.99502944946289,30218000,0.0,0.0
2015-11-18 00:00:00-05:00,36.10818806903065,36.79453820510723,36.07940083170448,36.72456359863281,33686000,0.0,0.0
2015-11-19 00:00:00-05:00,36.662024699259504,36.82380946711309,36.59701015998141,36.64564895629883,26542000,0.0,0.0
2015-11-20 00:00:00-05:00,37.04862816098787,37.613888569586294,36.873443665036795,37.54838180541992,44246000,0.0,0.0
2015-11-23 00:00:00-05:00,37.59056687586904,37.85150727789407,37.31116069122613,37.51761245727539,28290000,0.0,0.0
2015-11-24 00:00:00-05:00,37.32009135796941,37.48282271850297,36.606941872022865,37.13547897338867,46662000,0.0,0.0
2015-11-25 00:00:00-05:00,37.128532315079255,37.32009256519669,37.02530643207268,37.1290283203125,22442000,0.0,0.0
2015-11-27 00:00:00-05:00,37.14441159747773,37.39007049168708,37.096272586350004,37.233741760253906,16770000,0.0,0.0
2015-11-30 00:00:00-05:00,37.16177774886515,37.46549953193352,36.78758536359188,36.85359191894531,41952000,0.0,0.0
2015-12-01 00:00:00-05:00,37.07741041302642,38.16128020162459,37.05706284125127,38.06649398803711,42692000,0.0,0.0
2015-12-02 00:00:00-05:00,38.15879747000296,38.508920316338546,37.66549951675457,37.83522415161133,44608000,0.0,0.0
2015-12-03 00:00:00-05:00,38.01537577137912,38.163514729035654,37.00396437393389,37.34688949584961,51812000,0.0,0.0
2015-12-04 00:00:00-05:00,37.37467866742198,38.138450903272535,37.22083376613763,38.055076599121094,55146000,0.0,0.0
2015-12-07 00:00:00-05:00,38.102725846149696,38.15036885437532,37.4734466341898,37.8784065246582,36246000,0.0,0.0
2015-12-08 00:00:00-05:00,37.61240056080544,37.95532947464809,37.42927240889243,37.83473205566406,36590000,0.0,0.0
2015-12-09 00:00:00-05:00,37.67591983667693,37.92703475569815,36.575723591618704,37.30073547363281,54000000,0.0,0.0
2015-12-10 00:00:00-05:00,37.362274987589394,37.51115605181382,36.91463221197174,37.194034576416016,39768000,0.0,0.0
2015-12-11 00:00:00-05:00,36.78212951938581,37.00793686041646,36.56327382458965,36.66848373413086,44488000,0.0,0.0
2015-12-14 00:00:00-05:00,36.813394519118056,37.15781146312663,35.938952445310456,37.11016845703125,48250000,0.0,0.0
2015-12-15 00:00:00-05:00,37.36972151449509,37.621828467185466,36.87393969765876,36.89329147338867,53324000,0.0,0.0
2015-12-16 00:00:00-05:00,37.220838062979716,37.74639535742673,36.69651888845119,37.6223258972168,39866000,0.0,0.0
2015-12-17 00:00:00-05:00,37.83721357594649,37.85011728446831,37.17121107548575,37.19255065917969,31068000,0.0,0.0
2015-12-18 00:00:00-05:00,37.04763588140042,37.42580009370656,36.63274835246324,36.69031524658203,62974000,0.0,0.0
2015-12-21 00:00:00-05:00,37.02877816385584,37.220838203924814,36.72456036120582,37.11016845703125,30514000,0.0,0.0
2015-12-22 00:00:00-05:00,37.30272675745655,37.461535525275394,36.99900494167426,37.22084045410156,27308000,0.0,0.0
2015-12-23 00:00:00-05:00,37.39304604814513,37.429769365983574,36.923071635659646,37.23622131347656,31318000,0.0,0.0
2015-12-24 00:00:00-05:00,37.198512217169544,37.28784239377694,37.053103150818075,37.14143753051758,10544000,0.0,0.0
2015-12-28 00:00:00-05:00,37.36574461962637,37.86549819666195,37.197012000435414,37.8416748046875,30306000,0.0,0.0
2015-12-29 00:00:00-05:00,38.04912553223249,38.70867997077677,38.036221823592406,38.54093933105469,35300000,0.0,0.0
2015-12-30 00:00:00-05:00,38.540941560939636,38.59056859114237,38.05955141674371,38.263023376464844,25866000,0.0,0.0
2015-12-31 00:00:00-05:00,38.188578670428285,38.188578670428285,37.63473392800879,37.66153335571289,30018000,0.0,0.0
2016-01-04 00:00:00-05:00,36.87344669264344,36.92604975311906,36.29071625123408,36.81587600708008,65456000,0.0,0.0
2016-01-05 00:00:00-05:00,37.04465250875823,37.32008682280614,36.65706044846347,36.852596282958984,39014000,0.0,0.0
2016-01-06 00:00:00-05:00,36.22827527789702,37.080881592321234,36.17467643346456,36.904205322265625,38940000,0.0,0.0
2016-01-07 00:00:00-05:00,36.24366189953572,36.65011352506046,35.68534939354235,36.04912185668945,59274000,0.0,0.0
2016-01-08 00:00:00-05:00,36.300240280621125,36.38857843121358,35.38461086296558,35.45756149291992,49018000,0.0,0.0
2016-01-11 00:00:00-05:00,35.56376800869546,35.67517987021035,34.915129476160566,35.53498077392578,41812000,0.0,0.0
2016-01-12 00:00:00-05:00,35.815381429344605,36.16625025153033,35.59885430742188,36.03324890136719,40490000,0.0,0.0
2016-01-13 00:00:00-05:00,36.270463791024916,36.46351583149395,34.67046459410718,34.76723861694336,50034000,0.0,0.0
2016-01-14 00:00:00-05:00,35.006448128301784,35.827537471886735,34.19850860298625,35.469970703125,44516000,0.0,0.0
2016-01-15 00:00:00-05:00,34.356818246284064,35.073943391421125,34.013397085834875,34.46401596069336,72162000,0.0,0.0
2016-01-19 00:00:00-05:00,34.90321601482356,35.23472919734887,34.412398094284086,34.828277587890625,45362000,0.0,0.0
2016-01-20 00:00:00-05:00,34.17418722331773,35.079396731184026,33.412398947066904,34.66252517700195,68900000,0.0,0.0
2016-01-21 00:00:00-05:00,34.84763830921904,35.691805122815886,34.464510243957584,35.06649398803711,48244000,0.0,0.0
2016-01-22 00:00:00-05:00,35.91066360103038,36.13547890895012,35.73800835242589,35.992549896240234,40236000,0.0,0.0
2016-01-25 00:00:00-05:00,35.909671338089176,36.21240111111217,35.23622121578466,35.318603515625,34234000,0.0,0.0
2016-01-26 00:00:00-05:00,35.42679200310402,35.646643463457856,35.06103550486616,35.386592864990234,26634000,0.0,0.0
2016-01-27 00:00:00-05:00,35.41785884074535,35.64441206661583,34.46103825919902,34.73895263671875,43884000,0.0,0.0
2016-01-28 00:00:00-05:00,35.8421775855345,36.41140983302187,35.35235160846289,36.27592468261719,53528000,0.0,0.0
2016-01-29 00:00:00-05:00,36.30420804942627,36.97219826842252,36.06946887365491,36.87095642089844,69486000,0.0,0.0
2016-02-01 00:00:00-05:00,37.24366098815808,37.61090927042448,36.88684017325421,37.32008743286133,102784000,0.0,0.0
2016-02-02 00:00:00-05:00,38.93299543132762,39.19949790632756,37.94788360595703,37.94788360595703,126962000,0.0,0.0
2016-02-03 00:00:00-05:00,38.224315622579745,38.43671946100992,35.75682199595203,36.07691955566406,123420000,0.0,0.0
2016-02-04 00:00:00-05:00,35.87145185432337,36.079391599445955,34.8317493424116,35.136962890625,103374000,0.0,0.0
2016-02-05 00:00:00-05:00,34.93150409407874,34.93745994228645,33.75433239965976,33.9240608215332,102114000,0.0,0.0
2016-02-08 00:00:00-05:00,33.14392036664999,33.946896106563216,32.906201321153084,33.882877349853516,84948000,0.0,0.0
2016-02-09 00:00:00-05:00,33.3657454156872,34.73447721213303,33.18956515582147,33.6530876159668,72178000,0.0,0.0
2016-02-10 00:00:00-05:00,34.08733615862111,34.80445744230759,33.85259696662585,33.951358795166016,52760000,0.0,0.0
2016-02-11 00:00:00-05:00,33.498753833488635,34.210911314481066,33.194437592049496,33.9012336730957,60480000,0.0,0.0
2016-02-12 00:00:00-05:00,34.25607322506699,34.42927369928266,33.67741310626714,33.865997314453125,42828000,0.0,0.0
2016-02-16 00:00:00-05:00,34.3910553034491,34.64018998596316,33.99750739389863,34.29279327392578,50400000,0.0,0.0
2016-02-17 00:00:00-05:00,34.6446533555481,35.2233134079009,34.31165215850317,35.156314849853516,49852000,0.0,0.0
2016-02-18 00:00:00-05:00,35.23572804892965,35.35235364889698,34.54242630362685,34.60793685913086,37664000,0.0,0.0
2016-02-19 00:00:00-05:00,34.49279687292087,34.89234989561825,34.44416185807573,34.784610748291016,31786000,0.0,0.0
2016-02-22 00:00:00-05:00,35.10917817259746,35.39652044532099,34.864015276842444,35.0600471496582,38996000,0.0,0.0
2016-02-23 00:00:00-05:00,34.81140357537923,35.15631648462638,34.420835472546244,34.53348922729492,40186000,0.0,0.0
2016-02-24 00:00:00-05:00,34.18957211408741,34.73944880908225,33.78560425429186,34.717613220214844,39272000,0.0,0.0
2016-02-25 00:00:00-05:00,34.73994473861081,35.03622266910347,34.27220423837553,35.02480697631836,32844000,0.0,0.0
2016-02-26 00:00:00-05:00,35.16525464941036,35.405949695231406,34.78212659692427,34.99106216430664,44870000,0.0,0.0
2016-02-29 00:00:00-05:00,34.75532985591445,35.27989515888286,34.624312531483646,34.628780364990234,49622000,0.0,0.0
2016-03-01 00:00:00-05:00,34.9190985259734,35.672943115234375,34.728030511689596,35.672943115234375,43028000,0.0,0.0
2016-03-02 00:00:00-05:00,35.68237825206972,35.73200527992081,35.334981484512994,35.67493438720703,32580000,0.0,0.0
2016-03-03 00:00:00-05:00,35.66649701365442,35.70471213719406,35.03820978936066,35.35582733154297,39160000,0.0,0.0
2016-03-04 00:00:00-05:00,35.483367688897495,35.55781011824286,35.038204914725604,35.27989196777344,39442000,0.0,0.0
2016-03-07 00:00:00-05:00,35.081888213143,35.14099235831488,34.08933234946986,34.4992561340332,59702000,0.0,0.0
2016-03-08 00:00:00-05:00,34.173194711645834,34.92753532608653,34.01190214964653,34.44019317626953,41526000,0.0,0.0
2016-03-09 00:00:00-05:00,34.66351919946229,35.02133586405433,34.44168369623189,34.9995002746582,28430000,0.0,0.0
2016-03-10 00:00:00-05:00,35.14242401501762,35.555327533930644,34.90619679731429,35.375675201416016,56670000,0.0,0.0
2016-03-11 00:00:00-05:00,35.732003999338694,36.075428926387694,35.589324879517875,36.070465087890625,39416000,0.0,0.0
2016-03-14 00:00:00-04:00,36.069969470612726,36.501236548091136,35.9875871676525,36.252601623535156,34366000,0.0,0.0
2016-03-15 00:00:00-04:00,36.075430214194704,36.34192890610035,35.96872850734533,36.14540481567383,34420000,0.0,0.0
2016-03-16 00:00:00-04:00,36.048135437546726,36.59900416513917,35.955825453501745,36.530517578125,32488000,0.0,0.0
2016-03-17 00:00:00-04:00,36.54837714430486,36.87691432216236,36.52604555187656,36.614383697509766,37216000,0.0,0.0
2016-03-18 00:00:00-04:00,36.81686530060881,36.82381315987963,36.31909945917154,36.60545349121094,59614000,0.0,0.0
2016-03-21 00:00:00-04:00,36.550863033882976,36.84862897541433,36.40277329283578,36.82828140258789,36730000,0.0,0.0
2016-03-22 00:00:00-04:00,36.598510777185176,36.972703219990855,36.598510777185176,36.761783599853516,25394000,0.0,0.0
2016-03-23 00:00:00-04:00,36.84168409049363,37.00843272830975,36.53349444190868,36.6282844543457,28642000,0.0,0.0
2016-03-24 00:00:00-04:00,36.32802972616807,36.612744277954945,36.27790669786131,36.49130630493164,31898000,0.0,0.0
2016-03-28 00:00:00-04:00,36.56525383910718,36.67443556506204,36.35235023075506,36.403465270996094,26026000,0.0,0.0
2016-03-29 00:00:00-04:00,36.45607113743088,37.08435826376169,36.16674108591393,36.961280822753906,38076000,0.0,0.0
2016-03-30 00:00:00-04:00,37.22579558230464,37.61189961635426,37.15830101985767,37.247135162353516,35648000,0.0,0.0
2016-03-31 00:00:00-04:00,37.18362211553327,37.26302460840129,36.771214556252495,36.97022247314453,34376000,0.0,0.0
2016-04-01 00:00:00-04:00,36.65507727849303,37.23770539534857,36.57567101595586,37.216365814208984,31534000,0.0,0.0
2016-04-04 00:00:00-04:00,37.22381813242393,37.359799305438855,36.84515785646257,36.98709487915039,22684000,0.0,0.0
2016-04-05 00:00:00-04:00,36.625307010868916,36.86351825962312,36.494785693402925,36.615379333496094,22646000,0.0,0.0
2016-04-06 00:00:00-04:00,36.514636732120444,37.034238181953405,36.50421304966016,37.00694274902344,21074000,0.0,0.0
2016-04-07 00:00:00-04:00,36.99106348523636,37.07195398830519,36.53994482823693,36.73845672607422,29064000,0.0,0.0
2016-04-08 00:00:00-04:00,36.9215800607345,36.995026689331084,36.503712740814656,36.682373046875,25816000,0.0,0.0
2016-04-11 00:00:00-04:00,36.87443843344407,36.9727004801927,36.52853346254341,36.53101348876953,24402000,0.0,0.0
2016-04-12 00:00:00-04:00,36.62530763642403,36.914637720101055,36.27840686738015,36.87791061401367,27060000,0.0,0.0
2016-04-13 00:00:00-04:00,37.179152622677805,37.43821124265762,36.93602675149768,37.30619812011719,34142000,0.0,0.0
2016-04-14 00:00:00-04:00,37.41984544191735,37.58361803583099,37.35508079081242,37.37964630126953,22706000,0.0,0.0
2016-04-15 00:00:00-04:00,37.41835338295434,37.76673832499141,37.35453152729446,37.667484283447266,36186000,0.0,0.0
2016-04-18 00:00:00-04:00,37.73994099357698,38.11661718250387,37.583120053596936,38.0451545715332,31176000,0.0,0.0
2016-04-19 00:00:00-04:00,38.1890746980222,38.208430260964214,37.18758712665051,37.41587448120117,40610000,0.0,0.0
2016-04-20 00:00:00-04:00,37.61786241944445,37.62441271758322,37.221334631479486,37.35334396362305,30584000,0.0,0.0
2016-04-21 00:00:00-04:00,37.487834476598536,37.73944541975394,37.19850442045027,37.674434661865234,61210000,0.0,0.0
2016-04-22 00:00:00-04:00,36.04466355368979,36.53200958629272,35.41488827378142,35.67096710205078,119038000,0.0,0.0
2016-04-25 00:00:00-04:00,35.53845558926234,35.927039705192314,35.513144178111574,35.88833236694336,39184000,0.0,0.0
2016-04-26 00:00:00-04:00,36.00098381547476,36.018154681919675,34.889617943035944,35.14341735839844,54892000,0.0,0.0
2016-04-27 00:00:00-04:00,35.10122878328279,35.185102877179,34.360537841410704,35.02927017211914,61972000,0.0,0.0
2016-04-28 00:00:00-04:00,35.149371394299635,35.44267328470268,34.22083828094387,34.29378890991211,57346000,0.0,0.0
2016-04-29 00:00:00-04:00,34.277917453049646,34.621342456810936,34.193551111251125,34.39255905151367,49754000,0.0,0.0
2016-05-02 00:00:00-04:00,34.621832242935525,34.77121311920647,34.29279902546608,34.65061569213867,32906000,0.0,0.0
2016-05-03 00:00:00-04:00,34.58411003280644,34.632249041018724,34.34242298135085,34.36029052734375,30876000,0.0,0.0
2016-05-04 00:00:00-04:00,34.267487955030994,34.72703865820813,34.194037537381675,34.52604675292969,33870000,0.0,0.0
2016-05-05 00:00:00-04:00,34.62530119194874,34.854584327244005,34.527039154707474,34.8104133605957,33670000,0.0,0.0
2016-05-06 00:00:00-04:00,34.65905410786109,35.328036493444465,34.64550672706692,35.29131317138672,36586000,0.0,0.0
2016-05-09 00:00:00-04:00,35.33498313840046,35.66798819705597,35.235729078052586,35.3796501159668,30206000,0.0,0.0
2016-05-10 00:00:00-04:00,35.57071457853108,35.90569983822282,35.519595751418876,35.88982009887695,31392000,0.0,0.0
2016-05-11 00:00:00-04:00,35.90123245406351,35.95433151078388,35.37467942924969,35.498252868652344,33842000,0.0,0.0
2016-05-12 00:00:00-04:00,35.58610191416711,35.69478764713215,35.1861020683786,35.39999771118164,27214000,0.0,0.0
2016-05-13 00:00:00-04:00,35.33150736721752,35.56634500871806,35.19900203690533,35.27691650390625,26290000,0.0,0.0
2016-05-16 00:00:00-04:00,35.19255121910822,35.65656978461728,35.01984674403997,35.55781173706055,26342000,0.0,0.0
2016-05-17 00:00:00-04:00,35.53299589332777,35.8074382302116,34.943419860282894,35.04862976074219,40024000,0.0,0.0
2016-05-18 00:00:00-04:00,34.92158060205349,35.31513234567906,34.77071550334594,35.0684814453125,35336000,0.0,0.0
2016-05-19 00:00:00-04:00,34.856570994490674,35.0372153437786,34.58064063191037,34.75532913208008,33404000,0.0,0.0
2016-05-20 00:00:00-04:00,34.81984446305801,35.46301931399168,34.765253601860486,35.22282028198242,36568000,0.0,0.0
2016-05-23 00:00:00-04:00,35.06351683655987,35.309073491011915,34.946891245687574,34.94987106323242,26614000,0.0,0.0
2016-05-24 00:00:00-04:00,35.07989092540869,35.78014044280169,35.07989092540869,35.73646926879883,38590000,0.0,0.0
2016-05-25 00:00:00-04:00,35.7697222121811,36.104711291209796,35.717365260027826,35.99354553222656,32584000,0.0,0.0
2016-05-26 00:00:00-04:00,35.874439113631865,36.14540564519285,35.74590181448519,35.93647384643555,31526000,0.0,0.0
2016-05-27 00:00:00-04:00,35.931011269161054,36.42361638349716,35.93051526394993,36.36029052734375,39500000,0.0,0.0
2016-05-31 00:00:00-04:00,36.31463752315086,36.711161529848496,36.290814126380795,36.51215362548828,42590000,0.0,0.0
2016-06-01 00:00:00-04:00,36.45309799152516,36.586099333199655,36.261037950632435,36.43423843383789,25072000,0.0,0.0
2016-06-02 00:00:00-04:00,36.35234868150088,36.37815609627384,35.93894918514588,36.248130798339844,26836000,0.0,0.0
2016-06-03 00:00:00-04:00,36.19205401462339,36.20296991560521,35.75979493738125,35.8481330871582,24526000,0.0,0.0
2016-06-06 00:00:00-04:00,35.97567859785254,35.97567859785254,35.46451298539135,35.560791015625,31306000,0.0,0.0
2016-06-07 00:00:00-04:00,35.72405903478749,35.830260931162876,35.56078246958389,35.56574630737305,26724000,0.0,0.0
2016-06-08 00:00:00-04:00,35.92852982970214,36.15731317090907,35.760785417457164,36.142921447753906,31674000,0.0,0.0
2016-06-09 00:00:00-04:00,35.87443978519257,36.20545703475836,35.84793568742923,36.157814025878906,19778000,0.0,0.0
2016-06-10 00:00:00-04:00,35.705700488098266,36.02431000816362,35.55483160307992,35.70272445678711,24328000,0.0,0.0
2016-06-13 00:00:00-04:00,35.55880549947904,36.001980508561516,35.55880549947904,35.65061569213867,25178000,0.0,0.0
2016-06-14 00:00:00-04:00,35.557310722659444,35.854580620196685,35.3905583337579,35.64614486694336,26122000,0.0,0.0
2016-06-15 00:00:00-04:00,35.68237758984491,35.879893687108535,35.59850727066218,35.67840576171875,24290000,0.0,0.0
2016-06-16 00:00:00-04:00,35.4793969796826,35.565751109157844,34.90123285389928,35.25359344482422,39650000,0.0,0.0
2016-06-17 00:00:00-04:00,35.168732044419144,35.17717170682093,34.166350804138105,34.32853317260742,68048000,0.0,0.0
2016-06-20 00:00:00-04:00,34.6784068268809,34.8625269999382,34.412404140404654,34.42729187011719,41650000,0.0,0.0
2016-06-21 00:00:00-04:00,34.660041702376354,34.87691714274564,34.342920200462395,34.537960052490234,29312000,0.0,0.0
2016-06-22 00:00:00-04:00,34.69279817729522,34.782128340906795,34.39612268160644,34.61339569091797,23686000,0.0,0.0
2016-06-23 00:00:00-04:00,34.612900807605904,34.83622433072377,34.0942875648373,34.832252502441406,43428000,0.0,0.0
2016-06-24 00:00:00-04:00,33.50719025982029,34.21339568977937,33.421831924808835,33.509674072265625,88980000,0.0,0.0
2016-06-27 00:00:00-04:00,33.30024202112495,33.364760563003216,32.91731463069898,33.16426086425781,52580000,0.0,0.0
2016-06-28 00:00:00-04:00,33.695779413573405,33.76327020374017,33.399501470765586,33.748878479003906,43476000,0.0,0.0
2016-06-29 00:00:00-04:00,33.89577220868387,34.11557063992027,33.81686195553753,33.95085906982422,38652000,0.0,0.0
2016-06-30 00:00:00-04:00,34.01835223199797,34.3583050929793,33.92803006795376,34.34738540649414,31954000,0.0,0.0
2016-07-01 00:00:00-04:00,34.352348339527,34.7717036670192,34.348872517082725,34.70023727416992,26894000,0.0,0.0
2016-07-05 00:00:00-04:00,34.54391743807474,34.58758861670037,34.18758879055797,34.48883056640625,29252000,0.0,0.0
2016-07-06 00:00:00-04:00,34.24218024618531,34.822824432260525,34.19800927526344,34.628780364990234,28238000,0.0,0.0
2016-07-07 00:00:00-04:00,34.644163525775554,34.65011937491906,34.15458742536042,34.509178161621094,26084000,0.0,0.0
2016-07-08 00:00:00-04:00,34.71463823358231,35.02282790564602,34.56253120503281,35.01885986328125,31504000,0.0,0.0
2016-07-11 00:00:00-04:00,35.13895008550602,35.55880144114523,35.098750947258786,35.48833084106445,22236000,0.0,0.0
2016-07-12 00:00:00-04:00,35.68832899312985,35.87790519682477,35.52902424979046,35.763763427734375,26738000,0.0,0.0
2016-07-13 00:00:00-04:00,35.911659671058956,35.93051923006151,35.57567857737276,35.582130432128906,18718000,0.0,0.0
2016-07-14 00:00:00-04:00,35.81041157331778,35.84167883112799,35.63423507708268,35.77914810180664,19004000,0.0,0.0
2016-07-15 00:00:00-04:00,36.01636987486804,36.01686588008294,35.685106544704766,35.72455978393555,25586000,0.0,0.0
2016-07-18 00:00:00-04:00,35.866493821398976,36.53249624944845,35.79105938568038,36.415870666503906,25910000,0.0,0.0
2016-07-19 00:00:00-04:00,36.222819737246034,36.575176522646885,36.17865255763587,36.57368850708008,24550000,0.0,0.0
2016-07-20 00:00:00-04:00,36.59205109802481,36.830262316635796,36.58063540638047,36.78361511230469,25794000,0.0,0.0
2016-07-21 00:00:00-04:00,36.74242091537217,36.80842367498337,36.517654863352924,36.65656280517578,20526000,0.0,0.0
2016-07-22 00:00:00-04:00,36.816871142357414,36.885357735507846,36.55384445875647,36.86054611206055,25196000,0.0,0.0
2016-07-25 00:00:00-04:00,36.75780936697413,36.854087383661565,36.60048863418497,36.71314239501953,20648000,0.0,0.0
2016-07-26 00:00:00-04:00,36.67691615003534,36.80842947113085,36.44019292932329,36.646148681640625,23734000,0.0,0.0
2016-07-27 00:00:00-04:00,36.63920414011288,36.94590198660376,36.57567760412088,36.81240463256836,30250000,0.0,0.0
2016-07-28 00:00:00-04:00,37.07394693203812,37.15384543570089,36.68982679192876,37.01786804199219,70604000,0.0,0.0
2016-07-29 00:00:00-04:00,38.34788321915519,38.63770926874052,38.053093331472425,38.15333938598633,76830000,0.0,0.0
2016-08-01 00:00:00-04:00,37.77121499295842,38.731015505602116,37.77121499295842,38.356327056884766,54010000,0.0,0.0
2016-08-02 00:00:00-04:00,38.14838114548327,38.50321796716653,38.10669399060329,38.26649475097656,35690000,0.0,0.0
2016-08-03 00:00:00-04:00,38.07343847643467,38.37269239166538,38.055570932201995,38.3712043762207,25748000,0.0,0.0
2016-08-04 00:00:00-04:00,38.323568278652864,38.41537846949154,38.153593720457145,38.293296813964844,22806000,0.0,0.0
2016-08-05 00:00:00-04:00,38.40098393809813,38.86053843653714,38.32952132612069,38.81984329223633,36024000,0.0,0.0
2016-08-08 00:00:00-04:00,38.80892023919883,38.84018749566409,38.614925427833604,38.79701232910156,22158000,0.0,0.0
2016-08-09 00:00:00-04:00,38.764256829005056,39.15333690353388,38.73795341057618,38.92108154296875,26378000,0.0,0.0
2016-08-10 00:00:00-04:00,38.895773875547185,39.0477332100441,38.84753642297603,38.94192886352539,15728000,0.0,0.0
2016-08-11 00:00:00-04:00,38.95780702322287,39.193538219288286,38.85706117659976,38.95036315917969,19502000,0.0,0.0
2016-08-12 00:00:00-04:00,38.78411416864706,38.87815827462221,38.72952330303993,38.86947250366211,14810000,0.0,0.0
2016-08-15 00:00:00-04:00,38.89577553156822,39.08138371549032,38.7151311861872,38.83076477050781,18764000,0.0,0.0
2016-08-16 00:00:00-04:00,38.72456232825659,38.75830961783487,38.38431407476474,38.5677375793457,20560000,0.0,0.0
2016-08-17 00:00:00-04:00,38.57667050189802,38.749870984858624,38.38857850312148,38.705204010009766,18484000,0.0,0.0
2016-08-18 00:00:00-04:00,38.710163444036944,38.85160443094863,38.56078258803986,38.58559799194336,14388000,0.0,0.0
2016-08-19 00:00:00-04:00,38.461532520267205,38.56575041209523,38.36873032122253,38.48237609863281,17230000,0.0,0.0
2016-08-22 00:00:00-04:00,38.375677909106265,38.43870464898247,38.215873356468094,38.320091247558594,19028000,0.0,0.0
2016-08-23 00:00:00-04:00,38.485348691098864,38.53299169257727,38.30197443975969,38.31661605834961,18564000,0.0,0.0
2016-08-24 00:00:00-04:00,38.24217711841625,38.43671718351474,38.06798462649486,38.195526123046875,21440000,0.0,0.0
2016-08-25 00:00:00-04:00,38.064507141120934,38.30718999296785,37.875177032317545,38.184112548828125,18538000,0.0,0.0
2016-08-26 00:00:00-04:00,38.16376758851927,38.515132398721164,38.00743885347238,38.19056701660156,23334000,0.0,0.0
2016-08-29 00:00:00-04:00,38.150862595704275,38.46103624286628,38.04540279840932,38.320091247558594,16952000,0.0,0.0
2016-08-30 00:00:00-04:00,38.180143662539194,38.43503356287783,38.056570203673914,38.16823196411133,22600000,0.0,0.0
2016-08-31 00:00:00-04:00,38.065005906116916,38.16823179065698,37.98411540260249,38.066993713378906,24972000,0.0,0.0
2016-09-01 00:00:00-04:00,38.17617468107784,38.26401304249782,37.93051578512155,38.15284729003906,18502000,0.0,0.0
2016-09-02 00:00:00-04:00,38.362776803506776,38.40793599956017,38.13448943806304,38.28585433959961,21454000,0.0,0.0
2016-09-06 00:00:00-04:00,38.38460892329311,38.80892434270885,38.26301949328135,38.71364212036133,28856000,0.0,0.0
2016-09-07 00:00:00-04:00,38.70967542297748,38.845160589445044,38.52109118783091,38.727046966552734,17874000,0.0,0.0
2016-09-08 00:00:00-04:00,38.639697761255675,38.727043904903404,38.391062830616505,38.477413177490234,25406000,0.0,0.0
2016-09-09 00:00:00-04:00,38.21835834361104,38.374437182433304,37.70024490356445,37.70024490356445,37710000,0.0,0.0
2016-09-12 00:00:00-04:00,37.47543066534474,38.227787333232975,37.41935178153158,38.16476058959961,26220000,0.0,0.0
2016-09-13 00:00:00-04:00,37.93944787648638,38.02580200899393,37.508680583313975,37.70173263549805,27900000,0.0,0.0
2016-09-14 00:00:00-04:00,37.69775779002291,38.0982535867036,37.67294617143961,37.8406867980957,21748000,0.0,0.0
2016-09-15 00:00:00-04:00,37.86054033544403,38.401977361306116,37.71513129383389,38.30073928833008,26102000,0.0,0.0
2016-09-16 00:00:00-04:00,38.20098156399399,38.20098156399399,37.94837862613519,38.157806396484375,40986000,0.0,0.0
2016-09-19 00:00:00-04:00,38.333489610343214,38.411903868233416,37.93751086004515,37.99999237060547,23456000,0.0,0.0
2016-09-20 00:00:00-04:00,38.163769336607736,38.378656990048086,38.1404419441271,38.28337097167969,19572000,0.0,0.0
2016-09-21 00:00:00-04:00,38.34539936546978,38.568726644023805,38.12907295391212,38.52207565307617,23356000,0.0,0.0
2016-09-22 00:00:00-04:00,38.709669175166525,39.19850312085942,38.6322507152376,39.06748580932617,29724000,0.0,0.0
2016-09-23 00:00:00-04:00,39.03671742883275,39.152847020423096,38.91562778491338,39.05210494995117,28238000,0.0,0.0
2016-09-26 00:00:00-04:00,38.845648482578255,38.845648482578255,38.36574643948063,38.42232131958008,30664000,0.0,0.0
2016-09-27 00:00:00-04:00,38.48635015935505,39.00694364346971,38.427193013619174,38.85905456542969,23064000,0.0,0.0
2016-09-28 00:00:00-04:00,38.60297391721462,38.799498004874934,38.46004489854382,38.78709030151367,22196000,0.0,0.0
2016-09-29 00:00:00-04:00,38.78113018660224,38.99750960487884,38.42341579727802,38.4620246887207,26294000,0.0,0.0
2016-09-30 00:00:00-04:00,38.52753321213368,38.75631653409592,38.41636369147743,38.575172424316406,31706000,0.0,0.0
2016-10-03 00:00:00-04:00,38.42431294721575,38.51438522378574,38.188577946196496,38.34043884277344,25576000,0.0,0.0
2016-10-04 00:00:00-04:00,38.51264202624755,38.64564713352666,38.356813109281624,38.532493591308594,24028000,0.0,0.0
2016-10-05 00:00:00-04:00,38.67542989434933,38.812403068737645,38.49379352986027,38.534488677978516,29224000,0.0,0.0
2016-10-06 00:00:00-04:00,38.66004634153382,38.73349298155275,38.48833386749018,38.55384063720703,21414000,0.0,0.0
2016-10-07 00:00:00-04:00,38.69279519263354,38.69279519263354,38.250608478718995,38.46549987792969,18664000,0.0,0.0
2016-10-10 00:00:00-04:00,38.59602370958757,39.17517982749352,38.504705744539905,39.004459381103516,23498000,0.0,0.0
2016-10-11 00:00:00-04:00,39.040194356738034,39.31910075750247,38.738456569415945,38.862030029296875,27450000,0.0,0.0
2016-10-12 00:00:00-04:00,38.89627161271668,39.11314705768161,38.81190528885089,39.01438522338867,18748000,0.0,0.0
2016-10-13 00:00:00-04:00,38.77021540050483,38.77021540050483,38.3622757425213,38.619842529296875,27306000,0.0,0.0
2016-10-14 00:00:00-04:00,38.791555642154286,38.905697418624435,38.51115746666588,38.636714935302734,17050000,0.0,0.0
2016-10-17 00:00:00-04:00,38.69974750803206,38.99999347996453,38.58560193921761,38.70768737792969,21860000,0.0,0.0
2016-10-18 00:00:00-04:00,39.09925466230559,39.782132753778534,38.98585498478284,39.46699523925781,41138000,0.0,0.0
2016-10-19 00:00:00-04:00,39.614879977989716,39.93051346317294,39.60446008221917,39.776668548583984,35336000,0.0,0.0
2016-10-20 00:00:00-04:00,39.865998649004936,39.89924992971703,39.50520218589227,39.55185317993164,35150000,0.0,0.0
2016-10-21 00:00:00-04:00,39.454084022126644,39.67740751150586,39.40445700074227,39.670955657958984,25324000,0.0,0.0
2016-10-24 00:00:00-04:00,39.945404349311694,40.455577934661335,39.94143630729475,40.352848052978516,33950000,0.0,0.0
2016-10-25 00:00:00-04:00,40.53002114829669,40.53002114829669,39.957316813511,40.0828742980957,31528000,0.0,0.0
2016-10-26 00:00:00-04:00,40.01687101847204,40.048630500015264,39.519601139001594,39.65607452392578,32954000,0.0,0.0
2016-10-27 00:00:00-04:00,39.751852830123774,39.875426280555786,39.28039041320761,39.471458435058594,54984000,0.0,0.0
2016-10-28 00:00:00-04:00,40.11662101734775,40.47096565669446,39.38411591383553,39.47245407104492,85398000,0.0,0.0
2016-10-31 00:00:00-04:00,39.47741133612491,39.54639392463621,38.908182872751446,38.93498229980469,48546000,0.0,0.0
2016-11-01 00:00:00-04:00,38.853093158202306,39.18063453519418,38.48832867467331,38.888824462890625,48128000,0.0,0.0
2016-11-02 00:00:00-04:00,38.62033472804044,38.79155115925849,37.888325796952074,38.14887237548828,37448000,0.0,0.0
2016-11-03 00:00:00-04:00,38.07691734534696,38.21091448539061,37.66897764866872,37.82282257080078,38864000,0.0,0.0
2016-11-04 00:00:00-04:00,37.25358759648305,38.23125539802845,37.248672980561224,37.817359924316406,42696000,0.0,0.0
2016-11-07 00:00:00-05:00,38.43671626827202,38.96723738762346,38.33994224325345,38.83473205566406,31702000,0.0,0.0
2016-11-08 00:00:00-05:00,38.87840559055196,39.48550465102759,38.719100822149294,39.23126220703125,27338000,0.0,0.0
2016-11-09 00:00:00-05:00,38.706695436694936,39.26684436117085,38.2962719370132,38.97319412231445,52142000,0.0,0.0
2016-11-10 00:00:00-05:00,39.2640129424451,39.2640129424451,37.329028367172356,37.84416198730469,94904000,0.0,0.0
2016-11-11 00:00:00-05:00,37.54540296077512,37.7558265497516,37.23969714747847,37.42034149169922,48636000,0.0,0.0
2016-11-14 00:00:00-05:00,37.49875007725936,37.61041561344532,36.10619466485048,36.5300178527832,73088000,0.0,0.0
2016-11-15 00:00:00-05:00,37.07045778181763,37.936263130478395,37.07045778181763,37.64216995239258,47680000,0.0,0.0
2016-11-16 00:00:00-05:00,37.4788989858322,38.03274748182516,37.24614759808376,37.93944549560547,29452000,0.0,0.0
2016-11-17 00:00:00-05:00,38.06054131972517,38.347387583015184,37.92704018590156,38.274436950683594,26080000,0.0,0.0
2016-11-18 00:00:00-05:00,38.28138068457017,38.46152900873246,37.717112318240865,37.74391174316406,30942000,0.0,0.0
2016-11-21 00:00:00-05:00,37.846645393443254,38.19850620258191,37.74689154777913,38.17369079589844,26612000,0.0,0.0
2016-11-22 00:00:00-05:00,38.34391241312696,38.55880003699312,38.06450625117221,38.12753677368164,31862000,0.0,0.0
2016-11-23 00:00:00-05:00,38.10073599788054,38.12817909339079,37.481380771973406,37.76624298095703,29568000,0.0,0.0
2016-11-25 00:00:00-05:00,37.928524969876136,37.9652482818637,37.74291681677351,37.80048370361328,11748000,0.0,0.0
2016-11-28 00:00:00-05:00,37.71711732736811,38.6863494410486,37.707193436148515,38.12604904174805,43764000,0.0,0.0
2016-11-29 00:00:00-05:00,38.28932446918368,38.63522943005835,38.12604787704736,38.25508117675781,32332000,0.0,0.0
2016-11-30 00:00:00-05:00,38.2168739232046,38.36178697837465,37.4605453776911,37.619850158691406,47858000,0.0,0.0
2016-12-01 00:00:00-05:00,37.59006914651993,37.70967076935769,36.57691602997501,37.117610931396484,60358000,0.0,0.0
2016-12-02 00:00:00-05:00,36.95235314709294,37.419351554264765,36.878406715777096,37.24565505981445,29050000,0.0,0.0
2016-12-05 00:00:00-05:00,37.603467299469365,37.910661109240465,37.36475628261027,37.8421745300293,27884000,0.0,0.0
2016-12-06 00:00:00-05:00,37.951857149321064,38.155332892420034,37.585108592788636,37.672950744628906,33814000,0.0,0.0
2016-12-07 00:00:00-05:00,37.76674001963072,38.28088536792118,37.50867722825697,38.2724494934082,35220000,0.0,0.0
2016-12-08 00:00:00-05:00,38.33646563309646,38.61934380988712,38.075919047192166,38.53199768066406,29762000,0.0,0.0
2016-12-09 00:00:00-05:00,38.709676549401465,39.17766700710083,38.66109074869436,39.170719146728516,36438000,0.0,0.0
2016-12-12 00:00:00-05:00,38.959795916830316,39.26798555744158,38.92580251920134,39.16972351074219,42082000,0.0,0.0
2016-12-13 00:00:00-05:00,39.39949290347537,39.91959407999096,39.37170146877906,39.50867462158203,42904000,0.0,0.0
2016-12-14 00:00:00-05:00,39.573188029018304,39.90073317223635,39.40495141103376,39.55681228637695,34084000,0.0,0.0
2016-12-15 00:00:00-05:00,39.570216238223395,39.851110423081735,39.35086077560079,39.59552764892578,32530000,0.0,0.0
2016-12-16 00:00:00-05:00,39.72208136298325,39.74471207620549,39.220343646414655,39.24565505981445,48876000,0.0,0.0
2016-12-19 00:00:00-05:00,39.216870644716025,39.586099222095044,39.020838769604794,39.41438674926758,24642000,0.0,0.0
2016-12-20 00:00:00-05:00,39.541438373977385,39.63523259304221,39.36823787515204,39.52456283569336,19020000,0.0,0.0
2016-12-21 00:00:00-05:00,39.495777540322244,39.5372678117788,39.062030412447754,39.432254791259766,24226000,0.0,0.0
2016-12-22 00:00:00-05:00,39.32307307649343,39.370716084891434,39.135480860719824,39.26848220825195,19444000,0.0,0.0
2016-12-23 00:00:00-05:00,39.250615705641735,39.34193368284487,39.070963355432994,39.20148468017578,12468000,0.0,0.0
2016-12-27 00:00:00-05:00,39.23969607447078,39.596024709427724,39.08967153400856,39.28287124633789,15782000,0.0,0.0
2016-12-28 00:00:00-05:00,39.38957589979145,39.41587553727747,38.868482621840066,38.96029281616211,23076000,0.0,0.0
2016-12-29 00:00:00-05:00,38.87493251484795,39.003965814683895,38.65607304624801,38.8481330871582,14886000,0.0,0.0
2016-12-30 00:00:00-05:00,38.84615143548052,38.847639451265266,38.2337439620144,38.30371856689453,35400000,0.0,0.0
2017-01-03 00:00:00-05:00,38.65061271949631,39.18758570444588,38.501235634443205,39.01438522338867,33146000,0.0,0.0
2017-01-04 00:00:00-05:00,39.124559576949736,39.27245243494324,38.86649676275968,39.05210494995117,21460000,0.0,0.0
2017-01-05 00:00:00-05:00,39.011408764764056,39.42828032727588,38.958801921080685,39.405452728271484,26704000,0.0,0.0
2017-01-06 00:00:00-05:00,39.46699361445281,40.094288799765806,39.31532959789692,40.00743865966797,32804000,0.0,0.0
2017-01-09 00:00:00-05:00,40.019841748343396,40.19681337098029,39.84266945185113,40.032249450683594,25492000,0.0,0.0
2017-01-10 00:00:00-05:00,40.09229826247042,40.15532499527599,39.87641485358092,39.939937591552734,23536000,0.0,0.0
2017-01-11 00:00:00-05:00,39.950370548465365,40.1066992970101,39.77022218751279,40.09478759765625,21318000,0.0,0.0
2017-01-12 00:00:00-05:00,40.05656775148522,40.068975454657924,39.66103576972348,40.017860412597656,27062000,0.0,0.0
2017-01-13 00:00:00-05:00,40.07344448261714,40.259249559195055,40.034237351038385,40.09329605102539,21984000,0.0,0.0
2017-01-17 00:00:00-05:00,40.05359264624477,40.05656867765131,39.720591391570615,39.93101119995117,27242000,0.0,0.0
2017-01-18 00:00:00-05:00,39.990560038316104,40.01016170794909,39.75135302993223,40.00346374511719,25888000,0.0,0.0
2017-01-19 00:00:00-05:00,39.95632417265596,40.172699838599954,39.791559557204245,39.8101692199707,18386000,0.0,0.0
2017-01-20 00:00:00-05:00,40.045152969062585,40.045152969062585,39.78609438190762,39.95135498046875,33400000,0.0,0.0
2017-01-23 00:00:00-05:00,40.06202603608693,40.737956180788096,39.88783355212366,40.66053771972656,39272000,0.0,0.0
2017-01-24 00:00:00-05:00,40.80893016189478,40.98758670839739,40.586644085131496,40.886844635009766,29480000,0.0,0.0
2017-01-25 00:00:00-05:00,41.172200501992656,41.477414094831865,40.94589717448481,41.472450256347656,29890000,0.0,0.0
2017-01-26 00:00:00-05:00,41.578654215537,41.58808588775149,41.04267322182403,41.297760009765625,59478000,0.0,0.0
2017-01-27 00:00:00-05:00,41.424807175314875,41.78411184040554,40.716617741001976,40.85905075073242,59316000,0.0,0.0
2017-01-30 00:00:00-05:00,40.42976727971729,40.48832617969212,39.69229846911345,39.817359924316406,64932000,0.0,0.0
2017-01-31 00:00:00-05:00,39.546391195232765,39.764258633158825,39.2317535242813,39.54291915893555,43212000,0.0,0.0
2017-02-01 00:00:00-05:00,39.68634860907984,39.76128704973565,39.26500919536834,39.488582611083984,40594000,0.0,0.0
2017-02-02 00:00:00-05:00,39.39453325655453,39.8362202276675,39.30520309462722,39.6292724609375,30642000,0.0,0.0
2017-02-03 00:00:00-05:00,39.85061889118295,39.999995987237355,39.720593572932806,39.77617645263672,29268000,0.0,0.0
2017-02-06 00:00:00-05:00,39.6873398700256,39.785105908810436,39.46649638045499,39.76873016357422,23690000,0.0,0.0
2017-02-07 00:00:00-05:00,39.90024477408092,40.22332214621939,39.790567033611964,40.048133850097656,24824000,0.0,0.0
2017-02-08 00:00:00-05:00,40.04962406583902,40.289823139261095,39.86054382610397,40.11811065673828,23106000,0.0,0.0
2017-02-09 00:00:00-05:00,40.174186261992716,40.2312609406138,39.927539140144845,40.17667007446289,19794000,0.0,0.0
2017-02-10 00:00:00-05:00,40.282864472089955,40.45904474111901,40.187578476723736,40.38063049316406,22700000,0.0,0.0
2017-02-13 00:00:00-05:00,40.4962697854316,40.74237545533249,40.47096216073557,40.657066345214844,24266000,0.0,0.0
2017-02-14 00:00:00-05:00,40.64515868373097,40.843670590814945,40.496273806843064,40.71711730957031,21094000,0.0,0.0
2017-02-15 00:00:00-05:00,40.66302081082109,40.84366894864715,40.61885362657131,40.6441650390625,26272000,0.0,0.0
2017-02-16 00:00:00-05:00,40.69130609200783,40.913145370846635,40.64416287881749,40.9012336730957,25752000,0.0,0.0
2017-02-17 00:00:00-05:00,40.84465694999738,41.09527587890625,40.77691248509977,41.09527587890625,32220000,0.0,0.0
2017-02-21 00:00:00-05:00,41.12455645434048,41.362275468445574,41.10917272035874,41.273441314697266,25246000,0.0,0.0
2017-02-22 00:00:00-05:00,41.12456094001369,41.35235230224846,41.12356892949367,41.22877883911133,19658000,0.0,0.0
2017-02-23 00:00:00-05:00,41.19701411382051,41.313143696977114,40.837709463720124,41.25706481933594,29456000,0.0,0.0
2017-02-24 00:00:00-05:00,41.07840648094415,41.14143322067306,40.90321819423765,41.123565673828125,27844000,0.0,0.0
2017-02-27 00:00:00-05:00,40.92058765162703,41.215873553803036,40.89329222067885,41.15532684326172,22030000,0.0,0.0
2017-02-28 00:00:00-05:00,40.97319345157122,41.1186024958721,40.704706957159814,40.854087829589844,45216000,0.0,0.0
2017-03-01 00:00:00-05:00,41.13398933418554,41.50148376696782,41.05507906853666,41.45111083984375,29930000,0.0,0.0
2017-03-02 00:00:00-05:00,41.38212895463181,41.41488044493772,41.17319337797737,41.222328186035156,18850000,0.0,0.0
2017-03-03 00:00:00-05:00,41.2188514224731,41.258554557676604,40.98019340052506,41.14540100097656,17928000,0.0,0.0
2017-03-06 00:00:00-05:00,41.03969568936762,41.13547770594073,40.81388836421494,41.08088684082031,22180000,0.0,0.0
2017-03-07 00:00:00-05:00,41.062031015005466,41.36029677937437,41.01835983346017,41.28585433959961,20752000,0.0,0.0
2017-03-08 00:00:00-05:00,41.36525151639367,41.5955266662039,41.27989318535152,41.45756149291992,19796000,0.0,0.0
2017-03-09 00:00:00-05:00,41.4888286398716,41.78659460077291,41.399994478221274,41.621829986572266,25230000,0.0,0.0
2017-03-10 00:00:00-05:00,41.85012461467372,41.93101512644857,41.66252859817883,41.8486328125,34080000,0.0,0.0
2017-03-13 00:00:00-04:00,41.88585000539178,42.11835529252423,41.84862689601013,41.962276458740234,24472000,0.0,0.0
2017-03-14 00:00:00-04:00,41.867985509456716,42.04664584586933,41.72704429039549,41.96624755859375,15598000,0.0,0.0
2017-03-15 00:00:00-04:00,42.064018039818485,42.115629091472215,41.72555692043043,42.04466247558594,27630000,0.0,0.0
2017-03-16 00:00:00-04:00,42.135473650645395,42.225795815736795,41.991552635458255,42.12306594848633,19552000,0.0,0.0
2017-03-17 00:00:00-04:00,42.2635183635105,42.35234873397759,42.04019106538763,42.28882598876953,34246000,0.0,0.0
2017-03-20 00:00:00-04:00,42.184112176519314,42.19453585881693,41.94292111729657,42.104209899902344,24630000,0.0,0.0
2017-03-21 00:00:00-04:00,42.25308897358241,42.35730685077531,41.14241984087076,41.21388244628906,49270000,0.0,0.0
2017-03-22 00:00:00-04:00,41.28585291776702,41.466497273564784,41.05111369902057,41.17071533203125,28030000,0.0,0.0
2017-03-23 00:00:00-04:00,40.74440496641892,40.822323213115624,40.31051024857766,40.57468032836914,69742000,0.0,0.0
2017-03-24 00:00:00-04:00,40.69875220841776,40.790562391563014,40.14341570388484,40.41835403442383,39620000,0.0,0.0
2017-03-27 00:00:00-04:00,40.04714398560881,40.775681075589425,39.869475653729374,40.670467376708984,37886000,0.0,0.0
2017-03-28 00:00:00-04:00,40.715136582490246,40.9920589925098,40.39836336488155,40.740447998046875,32410000,0.0,0.0
2017-03-29 00:00:00-04:00,40.94292239464675,41.328280598193444,40.81289708374157,41.26103591918945,35726000,0.0,0.0
2017-03-30 00:00:00-04:00,41.36475315875739,41.37368503825868,41.14142966713175,41.265499114990234,21106000,0.0,0.0
2017-03-31 00:00:00-04:00,41.139948144784,41.2724534878794,41.06153387871057,41.169227600097656,28038000,0.0,0.0
2017-04-03 00:00:00-04:00,41.152345223351034,41.72951728954704,41.152345223351034,41.61537551879883,33430000,0.0,0.0
2017-04-04 00:00:00-04:00,41.2585533686381,41.448129586377426,41.14321890682425,41.4178581237793,20908000,0.0,0.0
2017-04-05 00:00:00-04:00,41.46451165396842,41.80892860109225,41.22679262657053,41.26103591918945,31106000,0.0,0.0
2017-04-06 00:00:00-04:00,41.310165280133084,41.50818116307929,41.01537915862443,41.08584976196289,25088000,0.0,0.0
2017-04-07 00:00:00-04:00,41.089820816312624,41.11587813028926,40.720243896820406,40.92654800415039,21146000,0.0,0.0
2017-04-10 00:00:00-04:00,40.96227492781551,41.158799002188246,40.881876650318,40.92951965332031,19578000,0.0,0.0
2017-04-11 00:00:00-04:00,40.928528965269415,41.06336665721373,40.54689271002302,40.86103439331055,21594000,0.0,0.0
2017-04-12 00:00:00-04:00,40.79056625265079,41.02530546674005,40.74540327144756,40.909175872802734,18010000,0.0,0.0
2017-04-13 00:00:00-04:00,40.80098556815015,41.01140916344144,40.766246270142105,40.8714599609375,22448000,0.0,0.0
2017-04-17 00:00:00-04:00,40.94341851334701,41.57567752231544,40.916619085457974,41.54689407348633,17900000,0.0,0.0
2017-04-18 00:00:00-04:00,41.40048864317392,41.63423583973453,41.3255539907542,41.52952194213867,16734000,0.0,0.0
2017-04-19 00:00:00-04:00,41.67691740732095,41.7975148380558,41.50322091003793,41.598506927490234,19084000,0.0,0.0
2017-04-20 00:00:00-04:00,41.7588023915611,41.94540259222108,41.65359248600058,41.76922607421875,19180000,0.0,0.0
2017-04-21 00:00:00-04:00,41.830265985205344,41.87989301005637,41.71711243079374,41.84564971923828,26472000,0.0,0.0
2017-04-24 00:00:00-04:00,42.24316775453992,42.851107303078415,42.17666519647529,42.816864013671875,27450000,0.0,0.0
2017-04-25 00:00:00-04:00,42.92802926440762,43.42430705937187,42.81934354888906,43.290313720703125,33440000,0.0,0.0
2017-04-26 00:00:00-04:00,43.386097204266136,43.47642316642792,43.064413194152735,43.262027740478516,24744000,0.0,0.0
2017-04-27 00:00:00-04:00,43.354833318436775,43.44416348297021,43.195032547270166,43.38709259033203,40536000,0.0,0.0
2017-04-28 00:00:00-04:00,45.19403608915759,45.501229903641274,44.95135702705564,44.960784912109375,65526000,0.0,0.0
2017-05-01 00:00:00-04:00,44.76128091985482,45.44316690346249,44.73696152002966,45.28882598876953,42320000,0.0,0.0
2017-05-02 00:00:00-04:00,45.14242346204945,45.69577597463123,45.134135252655824,45.48088455200195,31744000,0.0,0.0
2017-05-03 00:00:00-04:00,45.4024751798246,46.05954580790922,45.287489050457125,46.00694274902344,29990000,0.0,0.0
2017-05-04 00:00:00-04:00,45.958795356959065,46.44812525558455,45.885344946446324,46.23621368408203,28442000,0.0,0.0
2017-05-05 00:00:00-04:00,46.329515622549145,46.39701019050465,45.91562012151198,46.01140213012695,38226000,0.0,0.0
2017-05-08 00:00:00-04:00,45.961281438629335,46.497508504904445,45.91860227287905,46.36723709106445,26596000,0.0,0.0
2017-05-09 00:00:00-04:00,46.49875105709951,46.52604648915845,46.13051451321091,46.261531829833984,31636000,0.0,0.0
2017-05-10 00:00:00-04:00,46.25210099309267,46.253093003541906,45.91363990123135,46.093292236328125,23478000,0.0,0.0
2017-05-11 00:00:00-04:00,45.921581987559854,46.2793986593498,45.807936204846335,46.183616638183594,16700000,0.0,0.0
2017-05-12 00:00:00-04:00,46.22977190390277,46.32456191513266,46.047143527563136,46.264015197753906,21012000,0.0,0.0
2017-05-15 00:00:00-04:00,46.30023570465546,46.56326232865718,46.12107939141929,46.50519943237305,22162000,0.0,0.0
2017-05-16 00:00:00-04:00,46.65011492634763,46.804455843629945,46.53001729969409,46.79899978637695,19390000,0.0,0.0
2017-05-17 00:00:00-04:00,46.43523000344474,46.61701402845444,45.565255754992194,45.638702392578125,47242000,0.0,0.0
2017-05-18 00:00:00-04:00,45.70718610696754,46.31115763282849,45.59552435560143,46.165748596191406,31938000,0.0,0.0
2017-05-19 00:00:00-04:00,46.226794569259525,46.53870235136343,46.20346717789845,46.352848052978516,27860000,0.0,0.0
2017-05-22 00:00:00-04:00,46.401978890976345,46.74356747368186,46.401978890976345,46.74242401123047,22408000,0.0,0.0
2017-05-23 00:00:00-04:00,47.0431740545831,47.219202920996146,46.77791345956115,47.08784103393555,25416000,0.0,0.0
2017-05-24 00:00:00-04:00,47.29428558921976,47.39900327659687,47.12158110665361,47.39255142211914,20496000,0.0,0.0
2017-05-25 00:00:00-04:00,47.51016761961398,48.26942289214357,47.417857638692354,48.11612319946289,33210000,0.0,0.0
2017-05-26 00:00:00-04:00,48.1240604755882,48.38609510213997,47.892297311616,48.2119026184082,25040000,0.0,0.0
2017-05-30 00:00:00-04:00,48.15432928045372,48.44663913975127,48.11363413825883,48.430755615234375,29334000,0.0,0.0
2017-05-31 00:00:00-04:00,48.38807537407245,48.59899494428015,47.65159857586993,47.88385772705078,48962000,0.0,0.0
2017-06-01 00:00:00-04:00,48.08683338627358,48.21338664224471,47.64316244837914,47.987579345703125,28210000,0.0,0.0
2017-06-02 00:00:00-04:00,48.112152487194486,48.43076202184379,47.94044001623997,48.416866302490234,35020000,0.0,0.0
2017-06-05 00:00:00-04:00,48.46401101341419,48.97815639148954,48.392052393842036,48.81785583496094,25042000,0.0,0.0
2017-06-06 00:00:00-04:00,48.79204931410057,49.04465226176393,48.394033547655646,48.46500015258789,36292000,0.0,0.0
2017-06-07 00:00:00-04:00,48.63522995397895,48.83274984342196,48.433742022591105,48.681880950927734,29078000,0.0,0.0
2017-06-08 00:00:00-04:00,48.75185558665962,48.86202933149749,48.496272793201456,48.80446243286133,29638000,0.0,0.0
2017-06-09 00:00:00-04:00,48.858551420704245,48.858551420704245,46.43324490847689,47.13795852661133,66188000,0.0,0.0
2017-06-12 00:00:00-04:00,46.62828405357834,47.11438813495183,45.42098833147163,46.79404067993164,75270000,0.0,0.0
2017-06-13 00:00:00-04:00,47.241185683309524,47.641681513848184,46.853093769961546,47.315128326416016,40266000,0.0,0.0
2017-06-14 00:00:00-04:00,47.638695552427734,47.699738265235545,46.76177355409375,47.184104919433594,29794000,0.0,0.0
2017-06-15 00:00:00-04:00,46.35086730315322,46.815828703688254,45.877913023761096,46.76476287841797,42662000,0.0,0.0
2017-06-16 00:00:00-04:00,46.65011417545416,46.75135603009646,46.23299273641294,46.63919448852539,61894000,0.0,0.0
2017-06-19 00:00:00-04:00,47.144409275854144,47.64217511566177,47.09924629759205,47.512149810791016,30666000,0.0,0.0
2017-06-20 00:00:00-04:00,47.51959502424593,47.72307075535797,47.14689064032308,47.17766189575195,22520000,0.0,0.0
2017-06-21 00:00:00-04:00,47.327037467885646,47.64763478887066,47.18410845545118,47.61537551879883,24044000,0.0,0.0
2017-06-22 00:00:00-04:00,47.57815514109633,47.67840119925048,47.372199395013276,47.498252868652344,18828000,0.0,0.0
2017-06-23 00:00:00-04:00,47.48535439826307,47.94044111063055,47.354833077148434,47.92009353637695,30558000,0.0,0.0
2017-06-26 00:00:00-04:00,48.13399041952941,48.303222872514816,47.18560563433885,47.25905227661133,31968000,0.0,0.0
2017-06-27 00:00:00-04:00,46.77220036875806,47.061530427789705,45.99750839207663,46.021331787109375,51598000,0.0,0.0
2017-06-28 00:00:00-04:00,46.10421418268669,46.786596243612,45.45905144692836,46.6744384765625,54428000,0.0,0.0
2017-06-29 00:00:00-04:00,46.149865808451395,46.21636836965115,45.19204945658739,45.547882080078125,65984000,0.0,0.0
2017-06-30 00:00:00-04:00,45.957809467703996,45.957809467703996,45.07741157977461,45.0982551574707,41804000,0.0,0.0
2017-07-03 00:00:00-04:00,45.269472882248756,45.356815237159346,44.406442725037685,44.60049057006836,34196000,0.0,0.0
2017-07-05 00:00:00-04:00,44.75235311306236,45.38510434941178,44.59056453309868,45.24614715576172,36278000,0.0,0.0
2017-07-06 00:00:00-04:00,44.86947920817664,45.40664915233777,44.65012370783104,44.99702072143555,28490000,0.0,0.0
2017-07-07 00:00:00-04:00,45.104215105005395,45.73399032630195,45.104215105005395,45.587589263916016,32756000,0.0,0.0
2017-07-10 00:00:00-04:00,45.745410642819934,46.17270596075158,45.637220905599136,46.09429168701172,23856000,0.0,0.0
2017-07-11 00:00:00-04:00,46.13101450210737,46.224808717859176,45.75681829071807,46.15830993652344,22264000,0.0,0.0
2017-07-12 00:00:00-04:00,46.58460812174563,46.96277236468136,46.375676324740944,46.84019470214844,30642000,0.0,0.0
2017-07-13 00:00:00-04:00,46.96227605698227,47.367239725721824,46.79949925287977,47.005455017089844,25894000,0.0,0.0
2017-07-14 00:00:00-04:00,47.24564866354386,47.48932353552628,47.04738666684396,47.44366455078125,21076000,0.0,0.0
2017-07-17 00:00:00-04:00,47.49378849364798,47.67939668123599,47.108729407514986,47.316123962402344,23310000,0.0,0.0
2017-07-18 00:00:00-04:00,47.295276371476426,48.04167710038074,47.176166972039134,47.91065979003906,23080000,0.0,0.0
2017-07-19 00:00:00-04:00,48.03175582525983,48.289822438801316,47.84267559187513,48.18312072753906,24490000,0.0,0.0
2017-07-20 00:00:00-04:00,48.38709114988681,48.431754339678285,47.717612804161895,48.047142028808594,32490000,0.0,0.0
2017-07-21 00:00:00-04:00,47.75433395090197,48.29924680210186,47.65011605983089,48.28386306762695,34220000,0.0,0.0
2017-07-24 00:00:00-04:00,48.24912376395567,48.942921480189746,48.177165143809155,48.652099609375,64966000,0.0,0.0
2017-07-25 00:00:00-04:00,47.3354741915687,47.62778407569378,46.91810662548244,47.18113327026367,93220000,0.0,0.0
2017-07-26 00:00:00-04:00,47.37865327752551,47.39453301713498,46.763216817024194,47.03721237182617,41766000,0.0,0.0
2017-07-27 00:00:00-04:00,47.23472934835672,47.23472934835672,45.657557796490224,46.3568115234375,64260000,0.0,0.0
2017-07-28 00:00:00-04:00,46.12405623566507,46.84018543726997,46.02976224962973,46.72603988647461,36928000,0.0,0.0
2017-07-31 00:00:00-04:00,46.74391413660201,46.828280459211264,45.9573104420471,46.178653717041016,39402000,0.0,0.0
2017-08-01 00:00:00-04:00,46.27195267169588,46.52341596228066,46.117115742657205,46.195030212402344,25554000,0.0,0.0
2017-08-02 00:00:00-04:00,46.08485292526832,46.2828687978108,45.492793114690585,46.17319107055664,36488000,0.0,0.0
2017-08-03 00:00:00-04:00,46.17071240541818,46.26500640976916,45.76872855326852,45.83870315551758,24050000,0.0,0.0
2017-08-04 00:00:00-04:00,45.992546313658536,46.16907115063898,45.807930155485806,46.05259323120117,21646000,0.0,0.0
2017-08-07 00:00:00-04:00,46.10718639836257,46.23820371292688,45.98014091176052,46.122074127197266,20644000,0.0,0.0
2017-08-08 00:00:00-04:00,46.00941745201345,46.44236939029109,45.93596703660555,45.994529724121094,21232000,0.0,0.0
2017-08-09 00:00:00-04:00,45.68782597778817,45.95432841059662,45.521077375212606,45.801475524902344,23842000,0.0,0.0
2017-08-10 00:00:00-04:00,45.53597264931729,45.62083876642821,44.96922419417179,45.02431106567383,36480000,0.0,0.0
2017-08-11 00:00:00-04:00,45.06053708272487,45.54738703170126,44.941927467836045,45.379150390625,24136000,0.0,0.0
2017-08-14 00:00:00-04:00,45.7831179060402,45.889221373235564,45.567734266479526,45.79006576538086,21290000,0.0,0.0
2017-08-15 00:00:00-04:00,45.867480762207705,45.9826183309943,45.64862510266602,45.767730712890625,17668000,0.0,0.0
2017-08-16 00:00:00-04:00,45.92009333820899,46.287833896195636,45.82852925606873,46.00297164916992,20134000,0.0,0.0
2017-08-17 00:00:00-04:00,45.94441185344247,45.99800692261001,45.20991897583008,45.20991897583008,25544000,0.0,0.0
2017-08-18 00:00:00-04:00,45.17667056806279,45.42307159512893,45.02004649372596,45.19453811645508,26854000,0.0,0.0
2017-08-21 00:00:00-04:00,45.1612819715353,45.31016683321394,44.83373679036204,44.99552536010742,18868000,0.0,0.0
2017-08-22 00:00:00-04:00,45.29627213762163,45.94837891083374,45.23448351769891,45.890316009521484,23334000,0.0,0.0
2017-08-23 00:00:00-04:00,45.753344329484456,46.15036433866498,45.625799043721415,46.00495529174805,21804000,0.0,0.0
2017-08-24 00:00:00-04:00,46.087333285013024,46.19552299748788,45.43423454123241,45.7210807800293,25406000,0.0,0.0
2017-08-25 00:00:00-04:00,45.830758772333,45.933238746250844,45.43423480320125,45.45358657836914,21068000,0.0,0.0
2017-08-28 00:00:00-04:00,45.459046589053955,45.62008925315963,45.254082854164984,45.35036087036133,21730000,0.0,0.0
2017-08-29 00:00:00-04:00,44.91810882469133,45.82282236710713,44.91314498607598,45.721580505371094,23712000,0.0,0.0
2017-08-30 00:00:00-04:00,45.660037687339155,46.19448138332159,45.640186120956564,46.13249588012695,26024000,0.0,0.0
2017-08-31 00:00:00-04:00,46.241186637666125,46.74838039403895,46.241186637666125,46.61686706542969,31652000,0.0,0.0
2017-09-01 00:00:00-04:00,46.70619275168767,46.773191315820014,46.40941883503,46.518104553222656,18948000,0.0,0.0
2017-09-05 00:00:00-04:00,46.30669493782445,46.501235015196514,45.75483418739369,46.07691955566406,26528000,0.0,0.0
2017-09-06 00:00:00-04:00,46.16128034026075,46.19924556255545,45.62133135346935,46.04515075683594,30554000,0.0,0.0
2017-09-07 00:00:00-04:00,46.239691809203734,46.47195098106808,45.83721197955997,46.44912338256836,24254000,0.0,0.0
2017-09-08 00:00:00-04:00,46.475922499812725,46.50073411898231,45.89974240716335,45.980140686035156,20230000,0.0,0.0
2017-09-11 00:00:00-04:00,46.364755750091,46.56971569818122,46.000983268514176,46.108177185058594,25340000,0.0,0.0
2017-09-12 00:00:00-04:00,46.28237250878959,46.32653968801332,45.84917066768164,46.25656509399414,22688000,0.0,0.0
2017-09-13 00:00:00-04:00,46.18659307893682,46.51363846990547,46.14688994415752,46.40644454956055,22052000,0.0,0.0
2017-09-14 00:00:00-04:00,46.21587331808351,46.29130776092807,45.85607264548448,45.91115951538086,27952000,0.0,0.0
2017-09-15 00:00:00-04:00,45.88882673136075,45.97964490629129,45.47691523087322,45.67195129394531,50108000,0.0,0.0
2017-09-18 00:00:00-04:00,45.65805492580574,45.760784796861834,45.19105656349604,45.409420013427734,26138000,0.0,0.0
2017-09-19 00:00:00-04:00,45.529511885778426,45.77765076159958,45.28782486305174,45.747379302978516,18734000,0.0,0.0
2017-09-20 00:00:00-04:00,45.805450962608845,46.34639578432198,45.756815945670915,46.23225021362305,33396000,0.0,0.0
2017-09-21 00:00:00-04:00,46.30272802170064,46.47791253938701,45.847641293632016,46.27543258666992,25812000,0.0,0.0
2017-09-22 00:00:00-04:00,46.04217949986454,46.388580478966745,45.979152756486876,46.08088684082031,21054000,0.0,0.0
2017-09-25 00:00:00-04:00,45.928035255133366,45.97518225929418,45.1463991127506,45.70570373535156,37136000,0.0,0.0
2017-09-26 00:00:00-04:00,45.842179231470105,46.194536057173885,45.71413793839541,45.89875411987305,33338000,0.0,0.0
2017-09-27 00:00:00-04:00,46.0416807784182,47.14143036797624,46.0416807784182,46.87294387817383,44788000,0.0,0.0
2017-09-28 00:00:00-04:00,46.71761414894676,47.18064073319734,46.67741500555819,47.12158203125,20406000,0.0,0.0
2017-09-29 00:00:00-04:00,47.24564652660144,47.632049724165675,47.2213309128051,47.59850311279297,31620000,0.0,0.0
2017-10-02 00:00:00-04:00,47.641682752188316,47.76872824920738,47.03919918609582,47.30868148803711,25668000,0.0,0.0
2017-10-03 00:00:00-04:00,47.344901312423936,47.54341318312258,47.10371027930535,47.532989501953125,17766000,0.0,0.0
2017-10-04 00:00:00-04:00,47.49378549287015,47.66202591404066,47.18063582654868,47.229766845703125,19048000,0.0,0.0
2017-10-05 00:00:00-04:00,47.41885712163723,48.18411752460485,47.40346959942114,48.13697052001953,24276000,0.0,0.0
2017-10-06 00:00:00-04:00,47.9751793904766,48.60843041884658,47.80942276845432,48.580142974853516,23478000,0.0,0.0
2017-10-09 00:00:00-04:00,48.63522825009484,48.90446064387962,48.44217620090272,48.48634338378906,17828000,0.0,0.0
2017-10-10 00:00:00-04:00,48.635230858209596,48.713145332120824,47.94441291700778,48.26798629760742,19368000,0.0,0.0
2017-10-11 00:00:00-04:00,48.32356767385465,49.16674249989779,48.25061325473489,49.09428787231445,33866000,0.0,0.0
2017-10-12 00:00:00-04:00,49.00495556955333,49.33597279050275,48.88336613842552,49.02381134033203,25248000,0.0,0.0
2017-10-13 00:00:00-04:00,49.23076108417982,49.489323691106904,49.08188000132636,49.11562728881836,23396000,0.0,0.0
2017-10-16 00:00:00-04:00,49.2357225054001,49.325401004783345,48.83373867924345,49.23075866699219,18210000,0.0,0.0
2017-10-17 00:00:00-04:00,49.14589469807974,49.45110448972942,49.061528379461,49.23969268798828,25804000,0.0,0.0
2017-10-18 00:00:00-04:00,49.219354522008956,49.465009660596735,48.98138935855176,49.270965576171875,21152000,0.0,0.0
2017-10-19 00:00:00-04:00,48.932997751735726,49.07592677941815,48.55532950104801,48.856075286865234,26272000,0.0,0.0
2017-10-20 00:00:00-04:00,49.10371019737445,49.18112865485912,48.86251915906902,49.042171478271484,23664000,0.0,0.0
2017-10-23 00:00:00-04:00,49.107681586778746,49.107681586778746,47.94638958967814,48.0620231628418,29568000,0.0,0.0
2017-10-24 00:00:00-04:00,48.13894916949544,48.24961891276987,47.692298368394894,48.165748596191406,24244000,0.0,0.0
2017-10-25 00:00:00-04:00,48.058051970674605,48.44118000459799,47.66847586937394,48.30420684814453,24226000,0.0,0.0
2017-10-26 00:00:00-04:00,48.63522736704138,49.01239957821491,48.24813126523405,48.265995025634766,40842000,0.0,0.0
2017-10-27 00:00:00-04:00,50.08386438970749,52.02927267947317,50.03473336653514,50.58411407470703,103354000,0.0,0.0
2017-10-30 00:00:00-04:00,50.322572531822665,50.86698936988566,49.99999118626432,50.47691345214844,41702000,0.0,0.0
2017-10-31 00:00:00-04:00,50.38311978883886,50.81885090882115,50.144904762781685,50.453590393066406,26614000,0.0,0.0
2017-11-01 00:00:00-04:00,50.48188355090017,51.100246891914985,50.468979841121715,50.8932991027832,27468000,0.0,0.0
2017-11-02 00:00:00-04:00,50.70768254421325,51.02182421571997,50.27343946228091,50.89725875854492,20980000,0.0,0.0
2017-11-03 00:00:00-04:00,50.725051318627195,51.24812856276158,50.63572115995284,51.23969268798828,21528000,0.0,0.0
2017-11-06 00:00:00-05:00,51.06649586194201,51.35830596751635,50.868479968581084,50.913143157958984,22504000,0.0,0.0
2017-11-07 00:00:00-05:00,50.98113365306507,51.313642691839355,50.87493173743657,51.28187942504883,22246000,0.0,0.0
2017-11-08 00:00:00-05:00,51.14242313450135,51.78768426206485,51.039693261757236,51.60544967651367,21774000,0.0,0.0
2017-11-09 00:00:00-05:00,51.314627134534206,51.314627134534206,50.60375707446694,51.179141998291016,24904000,0.0,0.0
2017-11-10 00:00:00-05:00,50.940941193852886,51.15433704772207,50.88237849563084,51.02083969116211,14400000,0.0,0.0
2017-11-13 00:00:00-05:00,50.790067072740285,51.19502693449379,50.7478839115701,50.905696868896484,17716000,0.0,0.0
2017-11-14 00:00:00-05:00,50.74887362217646,50.95830140288808,50.33001427445403,50.9181022644043,19184000,0.0,0.0
2017-11-15 00:00:00-05:00,50.5811305338434,50.82331359517658,50.39304233043226,50.66550064086914,17080000,0.0,0.0
2017-11-16 00:00:00-05:00,50.745402481436805,51.410416773354946,50.745402481436805,51.24068832397461,22594000,0.0,0.0
2017-11-17 00:00:00-05:00,51.315624950448694,51.33597252344548,50.50867746258223,50.57517623901367,27942000,0.0,0.0
2017-11-20 00:00:00-05:00,50.633245690072435,50.749871290677724,50.49627251535985,50.53994369506836,19070000,0.0,0.0
2017-11-21 00:00:00-05:00,50.784606479356626,51.37021446123188,50.75210109983056,51.33944320678711,21940000,0.0,0.0
2017-11-22 00:00:00-05:00,51.3647562863004,51.598302807565666,51.18758397720592,51.41239929199219,14926000,0.0,0.0
2017-11-24 00:00:00-05:00,51.40793417981483,51.77061624854,51.36475900516171,51.64316940307617,10740000,0.0,0.0
2017-11-27 00:00:00-05:00,51.61289417713069,52.380138518861486,51.53547571428644,52.3181037902832,26158000,0.0,0.0
2017-11-28 00:00:00-05:00,52.36178449108223,52.72332311059604,51.61289983284545,51.98064041137695,28488000,0.0,0.0
2017-11-29 00:00:00-05:00,51.74589922487287,51.81537782295853,50.404462490269424,50.70272445678711,49188000,0.0,0.0
2017-11-30 00:00:00-05:00,50.737958253324926,51.04168005487371,50.37220172059315,50.69031524658203,34480000,0.0,0.0
2017-12-01 00:00:00-05:00,50.41190205066266,50.74391127737167,49.72803203001534,50.13249588012695,38192000,0.0,0.0
2017-12-04 00:00:00-05:00,50.256064940271905,50.42678537449118,49.40792639858799,49.5622673034668,38128000,0.0,0.0
2017-12-05 00:00:00-05:00,49.42629493235906,50.65060997267496,49.04614669122781,49.883365631103516,41346000,0.0,0.0
2017-12-06 00:00:00-05:00,49.702228692525665,50.866992896532004,49.684361144663306,50.53994369506836,25440000,0.0,0.0
2017-12-07 00:00:00-05:00,50.641679879467645,51.32704173546013,50.52460749940628,51.16277313232422,29164000,0.0,0.0
2017-12-08 00:00:00-05:00,51.48833110329023,51.71463443974025,51.24177863696796,51.466495513916016,25816000,0.0,0.0
2017-12-11 00:00:00-05:00,51.38956991510815,51.80147762923954,51.218353460935184,51.667484283447266,23856000,0.0,0.0
2017-12-12 00:00:00-05:00,51.59453558486778,52.124560750565124,51.299749434204976,51.63671875,25590000,0.0,0.0
2017-12-13 00:00:00-05:00,51.91661974847853,51.94366528671822,51.53249965126208,51.64316940307617,25654000,0.0,0.0
2017-12-14 00:00:00-05:00,51.8610379408845,52.531012314918286,51.767239938273896,52.066993713378906,31174000,0.0,0.0
2017-12-15 00:00:00-05:00,52.33795458082559,52.983613268189714,52.08435582661199,52.81338882446289,65518000,0.0,0.0
2017-12-18 00:00:00-05:00,52.90719282132279,53.52307233462373,52.70470908461857,53.45607376098633,31092000,0.0,0.0
2017-12-19 00:00:00-05:00,53.3597906783683,53.44118096955348,52.78163033768194,53.135475158691406,26774000,0.0,0.0
2017-12-20 00:00:00-05:00,53.1900694796505,53.26947196882836,52.68088790773504,52.851112365722656,25372000,0.0,0.0
2017-12-21 00:00:00-05:00,52.851109306990296,53.06847696887556,52.69448145997663,52.78559875488281,19914000,0.0,0.0
2017-12-22 00:00:00-05:00,52.66053925641192,52.813888173888905,52.577660945884936,52.61140823364258,15102000,0.0,0.0
2017-12-26 00:00:00-05:00,52.50967113995084,52.61140900996411,52.119099191928925,52.443668365478516,15212000,0.0,0.0
2017-12-27 00:00:00-05:00,52.47592337163276,52.52455838943571,52.01240079362924,52.07790756225586,25438000,0.0,0.0
2017-12-28 00:00:00-05:00,52.18857723508629,52.344902173302785,51.849616364983,52.01686477661133,16742000,0.0,0.0
2017-12-29 00:00:00-05:00,51.946391214026214,52.09428406610581,51.85606904335651,51.930511474609375,17750000,0.0,0.0
2018-01-02 00:00:00-05:00,52.02678531507236,52.94986230134308,51.87244440762036,52.85358428955078,24752000,0.0,0.0
2018-01-03 00:00:00-05:00,52.819347085920995,53.910164817581695,52.76475622018498,53.72108459472656,28604000,0.0,0.0
2018-01-04 00:00:00-05:00,53.99502898076155,54.271455336055325,53.79661553689371,53.91562271118164,20092000,0.0,0.0
2018-01-05 00:00:00-05:00,54.29279721142535,54.80148276178872,54.193539370259614,54.70123291015625,25582000,0.0,0.0
2018-01-08 00:00:00-05:00,54.70123129291965,55.149866120086365,54.67095982938128,54.93497848510742,20952000,0.0,0.0
2018-01-09 00:00:00-05:00,55.057066403677275,55.11512930727735,54.651655951954346,54.9012336730957,18050000,0.0,0.0
2018-01-10 00:00:00-05:00,54.44663864071174,54.81884700203979,54.39750762166274,54.720088958740234,20856000,0.0,0.0
2018-01-11 00:00:00-05:00,54.903220739664185,54.91438653765668,54.57021946206416,54.8645133972168,19566000,0.0,0.0
2018-01-12 00:00:00-05:00,54.710166311283736,55.7960240273906,54.6476355734461,55.69527816772461,34410000,0.0,0.0
2018-01-16 00:00:00-05:00,56.20396071916962,56.57120525625367,55.4755259377319,55.67046356201172,31506000,0.0,0.0
2018-01-17 00:00:00-05:00,55.891800036460886,56.208425519869074,55.43472557092384,56.17765426635742,24052000,0.0,0.0
2018-01-18 00:00:00-05:00,56.14936800523843,56.203958868097494,55.45904613623243,56.0689697265625,23964000,0.0,0.0
2018-01-19 00:00:00-05:00,56.17021264682469,56.469470387810375,55.995028148932235,56.45209884643555,35564000,0.0,0.0
2018-01-22 00:00:00-05:00,56.451105393016405,57.56227063210888,56.33299178810452,57.360286712646484,32360000,0.0,0.0
2018-01-23 00:00:00-05:00,57.56078511383782,58.14524964937371,57.50619424897152,58.063018798828125,26662000,0.0,0.0
2018-01-24 00:00:00-05:00,58.428278935273944,58.5538364091276,57.62033944134248,57.77865219116211,28332000,0.0,0.0
2018-01-25 00:00:00-05:00,58.19006440615728,58.35929684484292,57.70520226187664,58.08287048339844,29610000,0.0,0.0
2018-01-26 00:00:00-05:00,58.316612830172595,58.35432815551758,57.47442632113892,58.35432815551758,40376000,0.0,0.0
2018-01-29 00:00:00-05:00,58.38609382169802,58.90271921009497,58.162766532632624,58.341426849365234,27578000,0.0,0.0
2018-01-30 00:00:00-05:00,57.95681017193072,58.38807722532311,57.74291455657504,57.7513542175293,31126000,0.0,0.0
2018-01-31 00:00:00-05:00,58.092794541260176,58.21339196429759,57.525054087435535,58.06153106689453,30774000,0.0,0.0
2018-02-01 00:00:00-05:00,57.69776018582842,58.26302062942556,57.44515342617763,57.95036315917969,48242000,0.0,0.0
2018-02-02 00:00:00-05:00,55.68237115370843,55.73547400239868,54.95175168171802,55.18113327026367,97158000,0.0,0.0
2018-02-05 00:00:00-05:00,54.12405935976354,55.08683956925645,52.209918419745144,52.39701461791992,75966000,0.0,0.0
2018-02-06 00:00:00-05:00,50.976667118187514,53.68286778353816,50.77601975677535,53.62778091430664,68960000,0.0,0.0
2018-02-07 00:00:00-05:00,53.67443847398096,53.686350173190576,52.02282420544155,52.0387077331543,47384000,0.0,0.0
2018-02-08 00:00:00-05:00,52.37765770045382,52.536962456967466,49.660537387087615,49.703216552734375,57182000,0.0,0.0
2018-02-09 00:00:00-05:00,50.483864550601425,51.80992132486519,49.25855363585542,51.502723693847656,70118000,0.0,0.0
2018-02-12 00:00:00-05:00,52.00992368735615,52.67989807258979,51.658952630264295,52.2054557800293,41154000,0.0,0.0
2018-02-13 00:00:00-05:00,51.86102975434887,52.52455216894356,51.81571911292265,52.21338653564453,25302000,0.0,0.0
2018-02-14 00:00:00-05:00,52.05705530368036,53.18708000420061,51.94787737417266,53.08683395385742,31116000,0.0,0.0
2018-02-15 00:00:00-05:00,53.551855644291564,54.16768972037614,52.82083854456963,54.07046890258789,36868000,0.0,0.0
2018-02-16 00:00:00-05:00,54.01537515079228,54.8223226022631,54.010558978167694,54.332496643066406,33590000,0.0,0.0
2018-02-20 00:00:00-05:00,54.12257066299627,55.282866951989995,54.0208327996035,54.712646484375,28462000,0.0,0.0
2018-02-21 00:00:00-05:00,54.91165233520464,56.276416310642624,54.904704476165534,55.15333938598633,30258000,0.0,0.0
2018-02-22 00:00:00-05:00,55.394036046654044,55.72306545709481,54.7190979034279,54.919593811035156,26344000,0.0,0.0
2018-02-23 00:00:00-05:00,55.217859908546615,55.944409152405285,54.824508815748224,55.92009353637695,25220000,0.0,0.0
2018-02-26 00:00:00-05:00,55.9702122374565,56.772199652449586,55.91537526460146,56.761775970458984,31182000,0.0,0.0
2018-02-27 00:00:00-05:00,56.637209543594274,56.776166725770295,55.48386114523406,55.498252868652344,35482000,0.0,0.0
2018-02-28 00:00:00-05:00,55.73349148851168,55.95681500410083,54.751355695291686,54.82530212402344,37652000,0.0,0.0
2018-03-01 00:00:00-05:00,54.981136514538285,55.09279827571037,52.95289912343107,53.077911376953125,50318000,0.0,0.0
2018-03-02 00:00:00-05:00,52.26202888072114,53.697214400110916,52.01562785909235,53.544410705566406,45432000,0.0,0.0
2018-03-05 00:00:00-05:00,53.35681421042986,54.44663989340734,53.05210041249542,54.140438079833984,24044000,0.0,0.0
2018-03-06 00:00:00-05:00,54.55185353565559,54.682374855308716,54.08312100464206,54.345401763916016,30656000,0.0,0.0
2018-03-07 00:00:00-05:00,54.054086251537804,55.19701483134314,53.8700683096937,55.068973541259766,25850000,0.0,0.0
2018-03-08 00:00:00-05:00,55.35085715301563,55.96028853250133,55.22579568650959,55.880882263183594,27102000,0.0,0.0
2018-03-09 00:00:00-05:00,56.37716172666961,57.607932432783485,56.201530441352794,57.570213317871094,42560000,0.0,0.0
2018-03-12 00:00:00-04:00,57.75929419952639,58.414380759798085,57.440184900912406,57.79154968261719,43446000,0.0,0.0
2018-03-13 00:00:00-04:00,58.06450343077077,58.39998847027691,56.24465280300403,56.4848518371582,38144000,0.0,0.0
2018-03-14 00:00:00-04:00,56.834238469691485,57.49825697203579,56.64713847600175,57.0466423034668,25828000,0.0,0.0
2018-03-15 00:00:00-04:00,57.06996887189512,57.62182960015321,56.30470851615093,57.051109313964844,27908000,0.0,0.0
2018-03-16 00:00:00-04:00,57.27741497401916,57.363765324472446,56.17666950427094,56.363765716552734,61840000,0.0,0.0
2018-03-19 00:00:00-04:00,55.58361427582476,55.681876319189044,54.04515372380921,54.58163070678711,56118000,0.0,0.0
2018-03-20 00:00:00-04:00,54.54093219932872,54.84862201899151,53.769716056783,54.47691345214844,36638000,0.0,0.0
2018-03-21 00:00:00-04:00,54.23026851167669,54.90321890444212,53.85359227893501,54.13795852661133,37578000,0.0,0.0
2018-03-22 00:00:00-04:00,53.69130528665603,53.741924320620846,51.90619394943885,52.06351089477539,53340000,0.0,0.0
2018-03-23 00:00:00-04:00,51.96177960428966,52.772199127816826,50.68088587624504,50.6982536315918,43134000,0.0,0.0
2018-03-26 00:00:00-04:00,51.91066173476996,52.38857981273346,50.04465598081995,52.26847839355469,53302000,0.0,0.0
2018-03-27 00:00:00-04:00,52.75433518662523,52.84560014704485,49.47493041652546,49.88088607788086,61906000,0.0,0.0
2018-03-28 00:00:00-04:00,49.52852665192981,50.83026009858743,48.66698834870811,49.85408401489258,67386000,0.0,0.0
2018-03-29 00:00:00-04:00,50.20495640978419,51.76178051755427,49.77170530780108,51.20545196533203,54536000,0.0,0.0
2018-04-02 00:00:00-04:00,50.76028693847742,51.35483058506541,49.149867832500824,49.948875427246094,53608000,0.0,0.0
2018-04-03 00:00:00-04:00,50.31810461885623,50.66946941150189,49.333488833846395,50.29329299926758,45502000,0.0,0.0
2018-04-04 00:00:00-04:00,49.30073936197883,51.052997119904965,49.28039178848185,50.87542724609375,49694000,0.0,0.0
2018-04-05 00:00:00-04:00,51.678900865440376,51.7513554900192,50.62683972489518,51.007930755615234,27260000,0.0,0.0
2018-04-06 00:00:00-04:00,50.620336263374114,51.18708467027028,49.77815352241644,49.9771614074707,34928000,0.0,0.0
2018-04-09 00:00:00-04:00,50.46152981709598,51.59304266169788,50.32654067247287,50.39453125,35032000,0.0,0.0
2018-04-10 00:00:00-04:00,50.93994288537986,51.42828087146477,50.19056604855137,51.1980094909668,39490000,0.0,0.0
2018-04-11 00:00:00-04:00,51.0168703421532,51.184311871676165,50.415378779391325,50.61885452270508,29678000,0.0,0.0
2018-04-12 00:00:00-04:00,50.87046386125934,51.64713991141253,50.69155742212968,51.24118423461914,27140000,0.0,0.0
2018-04-13 00:00:00-04:00,51.6565672690841,51.93150562040225,50.768229468550956,51.08039093017578,24460000,0.0,0.0
2018-04-16 00:00:00-04:00,51.46401070494847,51.77368835099451,50.95483294066934,51.51264572143555,24224000,0.0,0.0
2018-04-17 00:00:00-04:00,52.17716114101497,53.492794112984804,52.02281643850836,53.30817794799805,46406000,0.0,0.0
2018-04-18 00:00:00-04:00,53.470462736664686,53.470462736664686,52.91438406981842,53.2049560546875,26882000,0.0,0.0
2018-04-19 00:00:00-04:00,53.071958838418944,54.300987975299435,53.01141211791809,53.98014450073242,34954000,0.0,0.0
2018-04-20 00:00:00-04:00,53.697257702797536,54.21090705524818,53.08038626095791,53.24862289428711,37794000,0.0,0.0
2018-04-23 00:00:00-04:00,53.49180701408785,53.73299808456964,52.640192509248635,52.975181579589844,46826000,0.0,0.0
2018-04-24 00:00:00-04:00,52.208422235143956,52.456561131292545,50.15333647275878,50.61934280395508,95206000,0.0,0.0
2018-04-25 00:00:00-04:00,50.894285284423,51.2401902372451,50.38758376936211,50.678897857666016,47822000,0.0,0.0
2018-04-26 00:00:00-04:00,51.0922983436544,52.00892357875088,50.53051373459591,51.6148796081543,41590000,0.0,0.0
2018-04-27 00:00:00-04:00,51.91065856747076,52.0843550450451,50.8977553677382,51.11909484863281,32396000,0.0,0.0
2018-04-30 00:00:00-04:00,51.11711025585024,51.464007201917006,50.46400772117948,50.487831115722656,33426000,0.0,0.0
2018-05-01 00:00:00-04:00,50.3057007572872,51.53696753435845,50.03523022943177,51.479400634765625,28558000,0.0,0.0
2018-05-02 00:00:00-04:00,51.022319894438645,51.63219803316886,50.76276908636814,50.83770751953125,32062000,0.0,0.0
2018-05-03 00:00:00-04:00,50.57071513096834,51.10049038805684,49.939944117709636,50.80495834350586,36302000,0.0,0.0
2018-05-04 00:00:00-04:00,50.46649935763687,52.03523151126562,50.46649935763687,52.02034378051758,38774000,0.0,0.0
2018-05-07 00:00:00-04:00,52.07095533780392,52.68882257913594,51.96524943564682,52.346885681152344,29322000,0.0,0.0
2018-05-08 00:00:00-04:00,52.53299038476868,52.63274422551583,51.967483869979674,52.30321502685547,24354000,0.0,0.0
2018-05-09 00:00:00-04:00,52.51115864962099,53.867982881320565,52.42505441144925,53.734981536865234,40656000,0.0,0.0
2018-05-10 00:00:00-04:00,53.897255053082276,54.61239228483152,53.877903278673436,54.46996307373047,28860000,0.0,0.0
2018-05-11 00:00:00-04:00,54.27294802898295,54.65657212401081,54.13945067564851,54.50421142578125,25074000,0.0,0.0
2018-05-14 00:00:00-04:00,54.59055905045449,55.12405618120061,54.54639187021465,54.60048294067383,30362000,0.0,0.0
2018-05-15 00:00:00-04:00,54.094284524826406,54.096764550957,53.27393731642061,53.559791564941406,29898000,0.0,0.0
2018-05-16 00:00:00-04:00,53.46450874611059,54.05805661170998,53.41239790755122,53.685848236083984,21946000,0.0,0.0
2018-05-17 00:00:00-04:00,53.592545149561474,53.93894610142845,53.27542365030891,53.52803039550781,20876000,0.0,0.0
2018-05-18 00:00:00-04:00,52.69775425581037,53.09874984777895,52.639195352004336,52.92108154296875,31304000,0.0,0.0
2018-05-21 00:00:00-04:00,53.303213561287905,53.99502722109449,53.28286598934361,53.5771598815918,20464000,0.0,0.0
2018-05-22 00:00:00-04:00,53.774679311205865,53.925048396722396,52.93745662348038,53.08832550048828,21800000,0.0,0.0
2018-05-23 00:00:00-04:00,52.86004136310479,53.63671738769201,52.690312919624766,53.58262252807617,21214000,0.0,0.0
2018-05-24 00:00:00-04:00,53.54837959227222,53.62133022341577,52.91066075165117,53.5602912902832,15336000,0.0,0.0
2018-05-25 00:00:00-04:00,53.54937038831117,53.72505089164157,53.28907366720822,53.38262176513672,17988000,0.0,0.0
2018-05-29 00:00:00-04:00,52.848133426498684,53.26897684914661,52.36823508780978,52.621334075927734,37302000,0.0,0.0
2018-05-30 00:00:00-04:00,52.755822859120165,53.0625206800554,52.44812924145268,52.99254608154297,22770000,0.0,0.0
2018-05-31 00:00:00-04:00,52.980635534466465,54.45110929079594,52.980635534466465,53.84564971923828,61766000,0.0,0.0
2018-06-01 00:00:00-04:00,54.55830052140517,55.58311542364438,54.51611736137707,55.55830001831055,48432000,0.0,0.0
2018-06-04 00:00:00-04:00,55.698752796044495,56.66947290689728,55.682623160109,56.54043960571289,37792000,0.0,0.0
2018-06-05 00:00:00-04:00,56.62480251281944,56.86043527633344,56.237706418936504,56.558799743652344,33560000,0.0,0.0
2018-06-06 00:00:00-04:00,56.683368049169005,56.724559201177485,55.86813233621286,56.42083740234375,33964000,0.0,0.0
2018-06-07 00:00:00-04:00,56.14490544361574,56.36822895300192,55.41041258790898,55.774681091308594,30400000,0.0,0.0
2018-06-08 00:00:00-04:00,55.49279964248192,55.91413907235873,55.19354187361803,55.62629699707031,25816000,0.0,0.0
2018-06-11 00:00:00-04:00,55.513642735676086,56.439695906559905,55.513642735676086,56.07890319824219,21586000,0.0,0.0
2018-06-12 00:00:00-04:00,56.13249584083147,56.56524712627329,56.115870200864585,56.54192352294922,18240000,0.0,0.0
2018-06-13 00:00:00-04:00,56.63125745163093,56.89825593298057,56.24713736806355,56.31711196899414,30128000,0.0,0.0
2018-06-14 00:00:00-04:00,56.76674623899798,57.34341862018547,56.607441463934244,57.17716598510742,26868000,0.0,0.0
2018-06-15 00:00:00-04:00,57.01537608780714,57.24167941646082,56.74862750899572,57.18410873413086,42450000,0.0,0.0
2018-06-18 00:00:00-04:00,56.75681935704521,58.27840829411657,56.75384332541151,58.23622512817383,28274000,0.0,0.0
2018-06-19 00:00:00-04:00,57.49378515065285,58.127532143906194,57.27095764959267,57.96822738647461,32420000,0.0,0.0
2018-06-20 00:00:00-04:00,58.32803067373286,58.872746649351754,58.02282085842918,58.05656814575195,32970000,0.0,0.0
2018-06-21 00:00:00-04:00,58.30520518825776,58.42654473229993,57.18272258810182,57.45210266113281,24762000,0.0,0.0
2018-06-22 00:00:00-04:00,57.52555036052441,57.69215132237108,56.93597052886166,57.343910217285156,26220000,0.0,0.0
2018-06-25 00:00:00-04:00,56.75433574773209,56.769719482801236,55.224807036564926,55.82183074951172,43146000,0.0,0.0
2018-06-26 00:00:00-04:00,55.980145061407256,56.23870389221836,55.41731540405546,55.50669479370117,31264000,0.0,0.0
2018-06-27 00:00:00-04:00,55.64962048081708,56.170513051945385,54.770214575804744,54.788082122802734,25878000,0.0,0.0
2018-06-28 00:00:00-04:00,54.694280937576984,55.69775624370907,54.39254318120302,55.2962646484375,21448000,0.0,0.0
2018-06-29 00:00:00-04:00,55.58311673462332,55.99140475209004,55.33497782062946,55.36723709106445,26302000,0.0,0.0
2018-07-02 00:00:00-04:00,54.54093165353943,55.980138048644676,54.28286507401202,55.953338623046875,24346000,0.0,0.0
2018-07-03 00:00:00-04:00,56.36823234767104,56.36823234767104,54.59155669733294,54.73398971557617,13580000,0.0,0.0
2018-07-05 00:00:00-04:00,55.11314267397664,55.95532545667653,55.011404809889015,55.79502868652344,21334000,0.0,0.0
2018-07-06 00:00:00-04:00,55.76078701061992,56.621829375432405,55.61969434678643,56.584110260009766,19922000,0.0,0.0
2018-07-09 00:00:00-04:00,56.99650764299442,57.30370521036141,56.7453927335494,57.27293395996094,18180000,0.0,0.0
2018-07-10 00:00:00-04:00,57.41835036988177,57.54787966872457,57.051601847680345,57.212890625,15968000,0.0,0.0
2018-07-11 00:00:00-04:00,56.803468355385505,57.781136361905865,56.625304025118844,57.2655029296875,22400000,0.0,0.0
2018-07-12 00:00:00-04:00,57.56276998230441,58.77964498069898,57.36649200439671,58.733489990234375,25038000,0.0,0.0
2018-07-13 00:00:00-04:00,58.808924623905035,59.32589838176871,58.560785701441304,58.998504638671875,24438000,0.0,0.0
2018-07-16 00:00:00-04:00,59.02679219898326,59.10669069068556,58.525054509217405,58.752349853515625,21114000,0.0,0.0
2018-07-17 00:00:00-04:00,58.17468078835937,59.70420944860593,58.094282506404355,59.4937858581543,32208000,0.0,0.0
2018-07-18 00:00:00-04:00,59.38261660850237,59.776660552572395,59.07393099360295,59.34886932373047,27872000,0.0,0.0
2018-07-19 00:00:00-04:00,59.106688689305635,59.55333949276121,58.72554843729657,58.906192779541016,25534000,0.0,0.0
2018-07-20 00:00:00-04:00,58.906192666950986,59.397506656663374,58.77021151216233,58.8044548034668,24948000,0.0,0.0
2018-07-23 00:00:00-04:00,58.610906994755815,59.87542496585613,58.61041098953917,59.8262939453125,52384000,0.0,0.0
2018-07-24 00:00:00-04:00,62.65954665813497,62.828775315655804,61.318106170032515,61.93944549560547,66364000,0.0,0.0
2018-07-25 00:00:00-04:00,61.49527514708107,62.82182404714775,61.49527514708107,62.714630126953125,42556000,0.0,0.0
2018-07-26 00:00:00-04:00,62.08435805761631,63.01592025542997,61.98609601295738,62.94440841674805,48112000,0.0,0.0
2018-07-27 00:00:00-04:00,63.07691127468046,63.220336294153725,61.09179995974922,61.46400833129883,42612000,0.0,0.0
2018-07-30 00:00:00-04:00,60.94342066114058,61.2861489383973,60.12257738785444,60.532997131347656,36998000,0.0,0.0
2018-07-31 00:00:00-04:00,60.54639308869242,60.92247107046691,59.831255775122386,60.409915924072266,32894000,0.0,0.0
2018-08-01 00:00:00-04:00,60.942922141638405,61.2143846745319,60.06004417030798,60.54639434814453,31344000,0.0,0.0
2018-08-02 00:00:00-04:00,59.846141378751035,61.03621691114453,59.79105450962844,60.851104736328125,30626000,0.0,0.0
2018-08-03 00:00:00-04:00,61.02331290550278,61.042172462431914,60.300731756353265,60.73001480102539,21792000,0.0,0.0
2018-08-06 00:00:00-04:00,60.794038984495714,60.84803540397153,60.33731280150087,60.782623291015625,21634000,0.0,0.0
2018-08-07 00:00:00-04:00,61.38956202014121,62.09278756814323,61.348370872088324,61.64862060546875,29880000,0.0,0.0
2018-08-08 00:00:00-04:00,61.56177722813773,62.35731283577001,61.439593342353234,61.816864013671875,27406000,0.0,0.0
2018-08-09 00:00:00-04:00,62.02976587775118,62.30976650624542,61.836713829164474,61.99006652832031,16972000,0.0,0.0
2018-08-10 00:00:00-04:00,61.687336245701054,61.821083485372874,61.14142759957144,61.41984176635742,22174000,0.0,0.0
2018-08-13 00:00:00-04:00,61.388568028200154,61.99864302572564,61.22286065285833,61.290802001953125,19946000,0.0,0.0
2018-08-14 00:00:00-04:00,61.29973695989903,61.82976205077563,60.79949111208236,61.64266586303711,26962000,0.0,0.0
2018-08-15 00:00:00-04:00,61.005447718159836,61.30222163847336,60.025296007876435,60.26698684692383,36576000,0.0,0.0
2018-08-16 00:00:00-04:00,60.78064067331692,60.84366741894112,59.67989518284612,59.875431060791016,26864000,0.0,0.0
2018-08-17 00:00:00-04:00,59.65408551462471,60.00098247624438,58.96971569050751,59.600982666015625,27792000,0.0,0.0
2018-08-20 00:00:00-04:00,59.802472420127124,60.09924635983691,59.286642123877996,59.93894958496094,17416000,0.0,0.0
2018-08-21 00:00:00-04:00,59.95036497774495,60.40991571619067,59.570909618143446,59.63373947143555,24112000,0.0,0.0
2018-08-22 00:00:00-04:00,59.55333795563851,60.14092995113193,59.503710931268664,59.917110443115234,17748000,0.0,0.0
2018-08-23 00:00:00-04:00,59.907681558218684,60.6094191500728,59.76376431674172,59.82033920288086,19852000,0.0,0.0
2018-08-24 00:00:00-04:00,59.99105572378419,60.627778726304484,59.8689210709593,60.57815170288086,18932000,0.0,0.0
2018-08-27 00:00:00-04:00,60.92306334833212,61.69179565581634,60.8295644782094,61.62876892089844,23126000,0.0,0.0
2018-08-28 00:00:00-04:00,61.602472692785405,61.664757320349956,60.9771653224337,61.099246978759766,26080000,0.0,0.0
2018-08-29 00:00:00-04:00,61.41190432600026,62.067486946211524,61.35776024257344,61.99999237060547,25978000,0.0,0.0
2018-08-30 00:00:00-04:00,61.748368812885346,62.21512103584125,61.17070453331533,61.494773864746094,26628000,0.0,0.0
2018-08-31 00:00:00-04:00,61.289324725946706,61.471953103480665,60.11339471075804,60.45607376098633,36328000,0.0,0.0
2018-09-04 00:00:00-04:00,59.76525357281565,60.1980086755781,59.18113357444855,59.404457092285156,36620000,0.0,0.0
2018-09-05 00:00:00-04:00,59.24565035734294,59.50421297358066,57.66748658995105,58.88237762451172,41226000,0.0,0.0
2018-09-06 00:00:00-04:00,58.873439984755436,58.873439984755436,57.17120680773628,58.13597106933594,37770000,0.0,0.0
2018-09-07 00:00:00-04:00,57.50222419741703,58.32555124285028,57.43001567917386,57.80793380737305,28026000,0.0,0.0
2018-09-10 00:00:00-04:00,58.173192248592336,58.28981784237908,57.57368853480023,57.798500061035156,22308000,0.0,0.0
2018-09-11 00:00:00-04:00,57.649127301910376,58.49527819398653,57.381632802595476,58.429771423339844,24186000,0.0,0.0
2018-09-12 00:00:00-04:00,58.1994934215384,58.491799509390425,57.48683617803756,57.70817565917969,25910000,0.0,0.0
2018-09-13 00:00:00-04:00,58.10123390875792,58.49180586328862,57.70967373001747,58.32902526855469,28624000,0.0,0.0
2018-09-14 00:00:00-04:00,58.516116809467405,58.58187346605926,57.98162389602305,58.190059661865234,18880000,0.0,0.0
2018-09-17 00:00:00-04:00,58.07145763727893,58.42381446447881,57.27195397235973,57.3722038269043,26130000,0.0,0.0
2018-09-18 00:00:00-04:00,57.423812801381594,58.36624545589058,57.423812801381594,57.62877655029297,24072000,0.0,0.0
2018-09-19 00:00:00-04:00,57.81537695895896,58.22381265629148,57.29924754556268,58.11860275268555,23828000,0.0,0.0
2018-09-20 00:00:00-04:00,58.56028485472054,59.05159882041535,58.23125167115349,58.9017219543457,24508000,0.0,0.0
2018-09-21 00:00:00-04:00,59.15631424344564,59.16673792531167,57.86797669793857,57.870460510253906,88112000,0.0,0.0
2018-09-24 00:00:00-04:00,57.4277828303761,58.461529636684205,56.91860129434319,58.23175048828125,25420000,0.0,0.0
2018-09-25 00:00:00-04:00,58.369714296079,58.902223209903646,57.96525045053261,58.79154968261719,19554000,0.0,0.0
2018-09-26 00:00:00-04:00,58.816365455069715,59.266984291373426,58.30098196956823,58.58510208129883,29246000,0.0,0.0
2018-09-27 00:00:00-04:00,58.89477848823333,59.657558801914746,58.74093356916582,59.28733444213867,25216000,0.0,0.0
2018-09-28 00:00:00-04:00,59.149864663899834,59.325548956373915,58.78410814120594,59.229270935058594,27612000,0.0,0.0
2018-10-01 00:00:00-04:00,59.54787867639495,60.044652502602204,59.0719484277985,59.32058334350586,27152000,0.0,0.0
2018-10-02 00:00:00-04:00,59.10470507255934,60.04763371156834,58.889817437475735,59.558799743652344,33758000,0.0,0.0
2018-10-03 00:00:00-04:00,59.80147922860126,59.87145382794875,59.24713849126733,59.69974136352539,25124000,0.0,0.0
2018-10-04 00:00:00-04:00,59.32157838443933,59.42976810597928,57.34867781487357,57.97468185424805,44190000,0.0,0.0
2018-10-05 00:00:00-04:00,57.94043201186741,58.23819792875852,56.82976283222113,57.436710357666016,23686000,0.0,0.0
2018-10-08 00:00:00-04:00,57.077418398963026,57.965260289880554,55.94858230571954,57.020843505859375,38648000,0.0,0.0
2018-10-09 00:00:00-04:00,56.88088527608418,57.287832965627906,56.455180258560105,56.51711654663086,26174000,0.0,0.0
2018-10-10 00:00:00-04:00,56.132995447322564,56.187090308048134,53.65408624375751,53.65855407714844,53514000,0.0,0.0
2018-10-11 00:00:00-04:00,53.24763307626606,54.90817903551192,53.01587369134782,53.56425857543945,58980000,0.0,0.0
2018-10-12 00:00:00-04:00,54.98758680036194,55.334979777720214,53.91572328035809,55.09081268310547,42026000,0.0,0.0
2018-10-15 00:00:00-04:00,55.0327430900593,55.257853727507836,54.04465528451015,54.2059440612793,27448000,0.0,0.0
2018-10-16 00:00:00-04:00,54.81835369944203,55.79254582632349,54.71463181271404,55.64664077758789,38570000,0.0,0.0
2018-10-17 00:00:00-04:00,55.903717528807704,56.0292750092405,54.69925019623523,55.369224548339844,29344000,0.0,0.0
2018-10-18 00:00:00-04:00,55.67443537034452,55.67443537034452,53.45359266967527,53.9935417175293,41890000,0.0,0.0
2018-10-19 00:00:00-04:00,54.26153376183843,55.104712427395384,53.98262734911477,54.414886474609375,25352000,0.0,0.0
2018-10-22 00:00:00-04:00,54.74242633065854,55.197513044279575,54.14391458636214,54.64813232421875,30284000,0.0,0.0
2018-10-23 00:00:00-04:00,53.642172640948395,54.982125049203944,53.101727630713235,54.77368927001953,36974000,0.0,0.0
2018-10-24 00:00:00-04:00,54.801478699056624,54.89428089270968,52.046639333072015,52.144405364990234,39648000,0.0,0.0
2018-10-25 00:00:00-04:00,53.19056063323894,55.13547276419158,53.0793948867499,54.37070846557617,50916000,0.0,0.0
2018-10-26 00:00:00-04:00,51.46550163693563,54.91463106628275,51.31959280364146,53.1746826171875,83752000,0.0,0.0
2018-10-29 00:00:00-04:00,53.720590123630004,54.44366732636698,49.42083803407899,50.62431335449219,77614000,0.0,0.0
2018-10-30 00:00:00-04:00,50.04763299016234,51.488327430138625,49.66500094612399,51.4248046875,64254000,0.0,0.0
2018-10-31 00:00:00-04:00,52.59602301795857,54.19056244154555,52.45656603740237,53.43770980834961,50596000,0.0,0.0
2018-11-01 00:00:00-04:00,53.3895724105418,53.79527819287967,52.72753793543866,53.10173034667969,29640000,0.0,0.0
2018-11-02 00:00:00-04:00,53.2868410709809,53.74564969183618,52.33795656850068,52.49577331542969,36780000,0.0,0.0
2018-11-05 00:00:00-05:00,52.35731189962229,52.529520369958234,50.681878191447936,51.61736297607422,48828000,0.0,0.0
2018-11-06 00:00:00-05:00,51.58708346608809,52.821079995290134,51.51710887223829,52.39750671386719,24666000,0.0,0.0
2018-11-07 00:00:00-05:00,53.05210424682237,54.36525353212268,52.89825553479753,54.26252365112305,41168000,0.0,0.0
2018-11-08 00:00:00-05:00,54.16277230724943,54.25657030525288,53.21115786264421,53.71711349487305,29764000,0.0,0.0
2018-11-09 00:00:00-05:00,53.29974369883126,53.37765816711325,52.2635130755954,52.91065979003906,26864000,0.0,0.0
2018-11-12 00:00:00-05:00,52.67442770833231,52.71065501728734,51.16623879513847,51.544898986816406,29436000,0.0,0.0
2018-11-13 00:00:00-05:00,51.776170967178786,52.436963505228604,51.17368743937391,51.416866302490234,30274000,0.0,0.0
2018-11-14 00:00:00-05:00,52.109174265650836,52.33567448899195,51.166245593107725,51.794532775878906,31318000,0.0,0.0
2018-11-15 00:00:00-05:00,51.8466471136051,53.193543744958845,51.20496017355999,52.839202880859375,36722000,0.0,0.0
2018-11-16 00:00:00-05:00,52.576167893969014,52.95284029455292,52.05855050668651,52.67939376831055,33162000,0.0,0.0
2018-11-19 00:00:00-05:00,52.46648861150207,52.64465291378877,50.434726459004715,50.62033462524414,37172000,0.0,0.0
2018-11-20 00:00:00-05:00,49.62778659859198,51.20297433236472,49.43026670544251,50.90619659423828,48982000,0.0,0.0
2018-11-21 00:00:00-05:00,51.45210242158334,52.0377104224124,51.28882583140617,51.494285583496094,30686000,0.0,0.0
2018-11-23 00:00:00-05:00,51.11661853027526,51.493294751057334,50.73939708236326,50.812896728515625,13830000,0.0,0.0
2018-11-26 00:00:00-05:00,51.5310099980645,52.07493085377874,51.31066251194047,52.040687561035156,38856000,0.0,0.0
2018-11-27 00:00:00-05:00,51.66252414633079,52.485355195726704,51.53795867686173,51.831756591796875,36064000,0.0,0.0
2018-11-28 00:00:00-05:00,52.04763084616812,53.93745606273,51.40246818463277,53.90718460083008,49508000,0.0,0.0
2018-11-29 00:00:00-05:00,53.403470403952184,54.30495807314537,53.39949857556238,54.00992202758789,29378000,0.0,0.0
2018-11-30 00:00:00-05:00,54.04813383179817,54.370715210495135,53.49280103566561,54.31414031982422,51604000,0.0,0.0
2018-12-03 00:00:00-05:00,55.738950844943574,55.81388549718283,54.77244869070427,54.90966796875,39824000,0.0,0.0
2018-12-04 00:00:00-05:00,54.745394973122146,54.80991351042002,52.10817704327678,52.149864196777344,46904000,0.0,0.0
2018-12-06 00:00:00-05:00,51.328034843280555,53.161285366889075,51.15483435595777,53.03870391845703,55384000,0.0,0.0
2018-12-07 00:00:00-05:00,52.60594490836211,53.36276934087964,51.04217301339652,51.44316482543945,42024000,0.0,0.0
2018-12-10 00:00:00-05:00,51.3672336256557,52.032247863357824,50.783613462481625,51.59056091308594,36154000,0.0,0.0
2018-12-11 00:00:00-05:00,52.43125340744433,52.635221338197155,51.60495043050275,52.19601821899414,27894000,0.0,0.0
2018-12-12 00:00:00-05:00,53.00247755323662,53.67989577952262,52.743914937580726,52.788082122802734,30476000,0.0,0.0
2018-12-13 00:00:00-05:00,53.00594316404591,53.586091282421535,52.30420562028769,52.69974136352539,26596000,0.0,0.0
2018-12-14 00:00:00-05:00,52.10818143421229,52.734484586169714,51.652102733209155,51.71711349487305,33732000,0.0,0.0
2018-12-17 00:00:00-05:00,51.48932226483842,52.2655022962488,50.01984429730477,50.4481315612793,47708000,0.0,0.0
2018-12-18 00:00:00-05:00,50.9225717412705,52.083364025039714,50.691800584584094,51.05259704589844,43850000,0.0,0.0
2018-12-19 00:00:00-05:00,51.314634856532194,52.70470658121763,50.0272892248118,50.76972198486328,49586000,0.0,0.0
2018-12-20 00:00:00-05:00,50.52753888934379,51.32604674538226,49.447141032252354,50.094783782958984,53470000,0.0,0.0
2018-12-21 00:00:00-05:00,50.3870877993337,50.81984288772774,48.322077976863575,48.61240005493164,91920000,0.0,0.0
2018-12-24 00:00:00-05:00,48.332498072112095,49.803464030983505,48.1444098630065,48.447635650634766,31806000,0.0,0.0
2018-12-26 00:00:00-05:00,49.08237320702475,51.61289332895883,48.78411126679523,51.58609390258789,47466000,0.0,0.0
2018-12-27 00:00:00-05:00,50.47889773809106,51.805946444670326,49.478898212018336,51.805450439453125,42196000,0.0,0.0
2018-12-28 00:00:00-05:00,52.09031457793115,52.38510449860644,51.27046335949555,51.46798324584961,28296000,0.0,0.0
2018-12-31 00:00:00-05:00,52.15681158021039,52.243161917546146,50.79849949491799,51.395023345947266,29866000,0.0,0.0
2019-01-02 00:00:00-05:00,50.450118814912194,52.224314490769075,50.407439644608836,51.903221130371094,30652000,0.0,0.0
2019-01-03 00:00:00-05:00,51.66252330657634,52.45557509698363,50.32604666588562,50.424808502197266,36822000,0.0,0.0
2019-01-04 00:00:00-05:00,51.245157246269045,53.14341855987174,50.9884802088492,53.136966705322266,41878000,0.0,0.0
2019-01-07 00:00:00-05:00,53.17616858544918,53.30023803908472,52.34539773677241,53.02182388305664,39638000,0.0,0.0
2019-01-08 00:00:00-05:00,53.40495523804268,53.8243106231069,52.631755021494904,53.41339111328125,35298000,0.0,0.0
2019-01-09 00:00:00-05:00,53.679897178244396,53.728532198300925,52.923072656329246,53.33300018310547,23986000,0.0,0.0
2019-01-10 00:00:00-05:00,52.985601501361764,53.15880199010424,52.491807453184116,53.118106842041016,29128000,0.0,0.0
2019-01-11 00:00:00-05:00,52.76326571843411,52.792795066597165,52.03373671642569,52.46599578857422,30416000,0.0,0.0
2019-01-14 00:00:00-05:00,51.95632328660215,52.18510665706048,51.67518296449053,51.84565353393555,22886000,0.0,0.0
2019-01-15 00:00:00-05:00,52.11761292957912,53.60049071023067,51.97716771412088,53.45656967163086,29272000,0.0,0.0
2019-01-16 00:00:00-05:00,53.59800585665798,54.21215118828527,53.56525058074333,53.64614486694336,26636000,0.0,0.0
2019-01-17 00:00:00-05:00,53.571703708867574,54.18361513841397,53.27542577553338,54.08932113647461,24854000,0.0,0.0
2019-01-18 00:00:00-05:00,54.59056556207652,55.005055571914696,54.13895088409368,54.50421142578125,39112000,0.0,0.0
2019-01-22 00:00:00-05:00,53.99503099101271,54.16922348454228,52.77765998463036,53.12753677368164,32270000,0.0,0.0
2019-01-23 00:00:00-05:00,53.466489085018985,53.84266547650446,52.59303909686968,53.378150939941406,19340000,0.0,0.0
2019-01-24 00:00:00-05:00,53.423317929253095,53.57195289919321,52.640190048097296,53.2952766418457,27226000,0.0,0.0
2019-01-25 00:00:00-05:00,53.84614740712893,54.29279823504705,53.68833065505454,54.14341735839844,22382000,0.0,0.0
2019-01-28 00:00:00-05:00,53.60346345868098,53.74688847310223,52.79403219791114,53.10569763183594,25686000,0.0,0.0
2019-01-29 00:00:00-05:00,53.234726883584095,53.357308320221286,52.40023789854855,52.63621520996094,20436000,0.0,0.0
2019-01-30 00:00:00-05:00,53.023818702117545,54.14391596936784,52.94540443439953,54.047637939453125,25596000,0.0,0.0
2019-01-31 00:00:00-05:00,54.73945066140094,55.450616183837944,54.36277442470248,55.40297317504883,30766000,0.0,0.0
2019-02-01 00:00:00-05:00,55.205944065066795,55.831255183283375,54.83323969196794,55.12405776977539,29244000,0.0,0.0
2019-02-04 00:00:00-05:00,55.21884972913294,56.218353271484375,55.038205382402374,56.218353271484375,51530000,0.0,0.0
2019-02-05 00:00:00-05:00,55.82331730347729,56.91562304557691,55.446542645184145,56.87294387817383,71044000,0.0,0.0
2019-02-06 00:00:00-05:00,56.55433288109731,56.92306542976768,55.22430814890697,55.34639358520508,42112000,0.0,0.0
2019-02-07 00:00:00-05:00,54.79701700639332,54.83076429503948,53.895775463189025,54.526546478271484,40896000,0.0,0.0
2019-02-08 00:00:00-05:00,53.94540192945804,54.536469800399416,53.92307033444429,54.345401763916016,21516000,0.0,0.0
2019-02-11 00:00:00-05:00,54.43919641618791,54.88559732473736,54.23622047995844,54.342918395996094,21304000,0.0,0.0
2019-02-12 00:00:00-05:00,54.92803062303724,55.84589774594937,54.880883623167165,55.65110778808594,32182000,0.0,0.0
2019-02-13 00:00:00-05:00,55.83076369487137,56.31413784976207,55.50867833126117,55.591060638427734,20996000,0.0,0.0
2019-02-14 00:00:00-05:00,55.48634041284445,55.99155010007894,55.10892210957509,55.665992736816406,18952000,0.0,0.0
2019-02-15 00:00:00-05:00,56.08336579651373,56.162272274065785,55.119097593173336,55.26797866821289,28996000,0.0,0.0
2019-02-19 00:00:00-05:00,55.08683868771907,55.676914507080824,55.08683868771907,55.511653900146484,20928000,0.0,0.0
2019-02-20 00:00:00-05:00,55.582626414599645,55.75235487278043,54.852601321765796,55.275428771972656,21756000,0.0,0.0
2019-02-21 00:00:00-05:00,55.12853110154367,55.18312197051622,54.21934967408047,54.44019317626953,28302000,0.0,0.0
2019-02-22 00:00:00-05:00,54.63522353475482,55.14837689206565,54.37219689524838,55.105201721191406,20990000,0.0,0.0
2019-02-25 00:00:00-05:00,55.384605457608735,55.510658936855016,54.95135436376531,55.057064056396484,28262000,0.0,0.0
2019-02-26 00:00:00-05:00,54.87592407885467,55.55880215683104,54.58659398915068,55.341434478759766,29426000,0.0,0.0
2019-02-27 00:00:00-05:00,54.9354741337875,55.48286700411467,54.640188219702644,55.387088775634766,19368000,0.0,0.0
2019-02-28 00:00:00-05:00,55.15135607474391,55.962771419176846,55.13696435029679,55.57914733886719,30850000,0.0,0.0
2019-03-01 00:00:00-05:00,55.82629382092888,56.7230674946276,55.8188499561449,56.62480545043945,29006000,0.0,0.0
2019-03-04 00:00:00-05:00,56.922569414476996,57.48286977875043,56.113637917014984,56.9627685546875,28920000,0.0,0.0
2019-03-05 00:00:00-05:00,57.07492816047068,58.04515225537699,56.883118015438725,57.668975830078125,28864000,0.0,0.0
2019-03-06 00:00:00-05:00,57.69180387504559,57.94371395356665,57.34441089566263,57.46202850341797,21986000,0.0,0.0
2019-03-07 00:00:00-05:00,57.35582404305863,57.40718898322487,56.323069182032164,56.73944854736328,23332000,0.0,0.0
2019-03-08 00:00:00-05:00,55.91710739722334,56.927034547840194,55.74688674536948,56.6908073425293,24248000,0.0,0.0
2019-03-11 00:00:00-04:00,56.79651660653413,58.37170424005521,56.79651660653413,58.35036087036133,34384000,0.0,0.0
2019-03-12 00:00:00-04:00,58.47442919763344,59.55333897587974,58.47442919763344,59.21586990356445,40262000,0.0,0.0
2019-03-13 00:00:00-04:00,59.58534723715807,59.599492851162665,59.153338065130164,59.221824645996094,28718000,0.0,0.0
2019-03-14 00:00:00-04:00,59.28087895250521,59.44812736135317,58.78311312643447,58.83621597290039,23456000,0.0,0.0
2019-03-15 00:00:00-04:00,59.22480254293871,59.38311529224077,58.69031337852478,58.78212356567383,49236000,0.0,0.0
2019-03-18 00:00:00-04:00,58.724562343194755,59.0570676134831,58.43280144437436,58.7722053527832,25852000,0.0,0.0
2019-03-19 00:00:00-04:00,58.99799980183451,59.553336298499254,58.85209476400144,59.49626541137695,30414000,0.0,0.0
2019-03-20 00:00:00-04:00,59.421827049074516,60.900236876115834,59.36326435607966,60.742919921875,44548000,0.0,0.0
2019-03-21 00:00:00-04:00,60.34738277373228,61.131006640875405,60.20594556245717,61.11859893798828,24080000,0.0,0.0
2019-03-22 00:00:00-04:00,60.85954475127679,61.042173114786465,59.693538717021745,59.8262939453125,34284000,0.0,0.0
2019-03-25 00:00:00-04:00,59.40098011925122,59.87085606338466,58.91016215425539,59.2059440612793,29936000,0.0,0.0
2019-03-26 00:00:00-04:00,59.48038768036716,59.69378730767583,58.39800580886961,58.79006576538086,38024000,0.0,0.0
2019-03-27 00:00:00-04:00,58.8337374400555,58.93591829951689,57.53696021699804,58.21438217163086,28004000,0.0,0.0
2019-03-28 00:00:00-04:00,58.140931690309486,58.142173596481655,57.5399891960569,57.989566802978516,19234000,0.0,0.0
2019-03-29 00:00:00-04:00,58.30768150355095,58.51066122716179,57.71115760839455,58.22877502441406,25398000,0.0,0.0
2019-04-01 00:00:00-04:00,58.76425911925235,59.387582432233295,58.66003744398166,59.276912689208984,25050000,0.0,0.0
2019-04-02 00:00:00-04:00,59.32108482631371,59.62034259120829,58.84416252326423,59.57766342163086,16558000,0.0,0.0
2019-04-03 00:00:00-04:00,59.924559733800514,60.362274899116024,59.5781587559502,59.84714126586914,20286000,0.0,0.0
2019-04-04 00:00:00-04:00,59.84812936062782,60.33100747598437,59.758303194782755,60.29775619506836,19000000,0.0,0.0
2019-04-05 00:00:00-04:00,60.29725649134607,60.35829920576716,59.80296271375987,59.908172607421875,18144000,0.0,0.0
2019-04-08 00:00:00-04:00,59.944899831391446,59.984602964050396,59.54638806184276,59.7439079284668,17204000,0.0,0.0
2019-04-09 00:00:00-04:00,59.35483538042153,59.66699308537354,59.20992232620742,59.4168701171875,17528000,0.0,0.0
2019-04-10 00:00:00-04:00,59.587087297892126,59.741182110398846,59.3764175999248,59.66053771972656,14492000,0.0,0.0
2019-04-11 00:00:00-04:00,59.74987179915886,59.948379916507555,59.55979577110092,59.782623291015625,14204000,0.0,0.0
2019-04-12 00:00:00-04:00,60.049621227165595,60.464012787063226,59.95582322713504,60.44019317626953,18668000,0.0,0.0
2019-04-15 00:00:00-04:00,60.44664183808456,60.75433167265763,60.005450872909854,60.600486755371094,23748000,0.0,0.0
2019-04-16 00:00:00-04:00,60.79404002539629,61.08287411373642,60.55185693598699,60.89974594116211,17126000,0.0,0.0
2019-04-17 00:00:00-04:00,61.19105872257389,61.566243131087916,60.933984137848206,61.356815338134766,24438000,0.0,0.0
2019-04-18 00:00:00-04:00,61.4977562629847,61.637705461121435,61.270956929388305,61.35830307006836,26636000,0.0,0.0
2019-04-22 00:00:00-04:00,61.33944258309672,61.98956532409174,60.95830233315041,61.9771614074707,16146000,0.0,0.0
2019-04-23 00:00:00-04:00,62.068971198724924,62.97765652921605,61.85507557806055,62.756813049316406,26398000,0.0,0.0
2019-04-24 00:00:00-04:00,62.73547628310465,62.92852833473088,62.2828696157719,62.332496643066406,20376000,0.0,0.0
2019-04-25 00:00:00-04:00,62.76773149848051,62.89865037506428,62.135476282402166,62.70222473144531,22146000,0.0,0.0
2019-04-26 00:00:00-04:00,62.977654607237994,63.17963852410644,62.54688356149811,63.13547134399414,24828000,0.0,0.0
2019-04-29 00:00:00-04:00,63.22579596040781,63.983612414789135,62.84341380357096,63.89973831176758,49988000,0.0,0.0
2019-04-30 00:00:00-04:00,58.808920138441984,59.1965122273465,58.312642331366526,58.981624603271484,124140000,0.0,0.0
2019-05-01 00:00:00-04:00,58.960290716771,58.960290716771,57.92455983293317,57.96922302246094,52784000,0.0,0.0
2019-05-02 00:00:00-04:00,57.95334050111244,58.27244602583083,57.320187947635795,57.697757720947266,38896000,0.0,0.0
2019-05-03 00:00:00-04:00,58.245649319809445,58.89825590994245,58.014881934943894,58.82877731323242,39614000,0.0,0.0
2019-05-06 00:00:00-04:00,57.87890197570329,59.099249063254305,57.87890197570329,59.02679443359375,31278000,0.0,0.0
2019-05-07 00:00:00-04:00,58.58410819275789,59.07889801258723,57.61983996461566,58.267982482910156,31028000,0.0,0.0
2019-05-08 00:00:00-04:00,58.16426060017424,58.58182887086166,57.85309492227324,57.879398345947266,26186000,0.0,0.0
2019-05-09 00:00:00-04:00,57.5200915215265,58.0476366323101,57.114135846920284,57.686344146728516,23714000,0.0,0.0
2019-05-10 00:00:00-04:00,57.74639263685698,58.19353944664589,56.69974211713778,57.7801399230957,26290000,0.0,0.0
2019-05-13 00:00:00-04:00,56.67294731138533,56.969721266099185,55.68783543491599,56.180145263671875,37212000,0.0,0.0
2019-05-14 00:00:00-04:00,56.43720493070738,56.596509671702016,55.56077895950778,55.60494613647461,36732000,0.0,0.0
2019-05-15 00:00:00-04:00,55.47741161076987,58.13051324975123,55.417660019936044,57.77716064453125,45786000,0.0,0.0
2019-05-16 00:00:00-04:00,57.792052810942394,58.965752706913115,57.70917449700917,58.510169982910156,30628000,0.0,0.0
2019-05-17 00:00:00-04:00,57.988574858347356,58.56822699226342,57.56872348679593,57.682373046875,24172000,0.0,0.0
2019-05-20 00:00:00-04:00,56.798994856853625,56.912992755497015,56.15100759852266,56.51860046386719,27066000,0.0,0.0
2019-05-21 00:00:00-04:00,56.9970139801652,57.20634333392742,56.473440699993105,57.0535888671875,23196000,0.0,0.0
2019-05-22 00:00:00-04:00,56.910658536515314,57.49477469325968,56.86797558615537,57.142417907714844,18290000,0.0,0.0
2019-05-23 00:00:00-04:00,56.60049188720563,56.87210209048057,56.040888162197945,56.6138916015625,23978000,0.0,0.0
2019-05-24 00:00:00-04:00,56.94093203513834,57.0602875476308,56.161776008515325,56.25160217285156,22240000,0.0,0.0
2019-05-28 00:00:00-04:00,56.27790312078791,57.15070564937318,56.234228160406715,56.28534698486328,27300000,0.0,0.0
2019-05-29 00:00:00-04:00,55.95631340455926,56.03472765883103,54.99849710862128,55.407432556152344,30764000,0.0,0.0
2019-05-30 00:00:00-04:00,55.36177502897417,55.73845121810021,55.1920465949551,55.48137664794922,19038000,0.0,0.0
2019-05-31 00:00:00-04:00,54.65458040296678,55.06698791846135,54.599493533190234,54.77070999145508,30156000,0.0,0.0
2019-06-03 00:00:00-04:00,52.878406563336355,52.878406563336355,50.86847975132516,51.42580032348633,102612000,0.0,0.0
2019-06-04 00:00:00-04:00,51.75681450745354,52.40942105495793,51.29974381474591,52.260536193847656,56670000,0.0,0.0
2019-06-05 00:00:00-04:00,52.18559878268545,52.285352626025706,51.14093606725862,51.72306823730469,43368000,0.0,0.0
2019-06-06 00:00:00-04:00,51.86054067529693,51.984610141039866,51.30024405845613,51.82828140258789,34064000,0.0,0.0
2019-06-07 00:00:00-04:00,52.140440412083024,53.147387815308555,52.029766879599684,52.90520095825195,36048000,0.0,0.0
2019-06-10 00:00:00-04:00,53.24961873229719,54.22629468680496,53.21696568545992,53.61686706542969,29284000,0.0,0.0
2019-06-11 00:00:00-04:00,54.291797607020136,54.689313562416366,53.47904203078773,53.53447723388672,28734000,0.0,0.0
2019-06-12 00:00:00-04:00,53.49874630514141,53.64415533148651,52.97963714125314,53.45060729980469,21220000,0.0,0.0
2019-06-13 00:00:00-04:00,53.77865050040802,54.30123175710908,53.60545002071658,54.033241271972656,21154000,0.0,0.0
2019-06-14 00:00:00-04:00,53.916616825126845,54.22778248892692,53.60654161557679,53.86351776123047,22230000,0.0,0.0
2019-06-17 00:00:00-04:00,53.909671434404025,54.54987033856478,53.909671434404025,54.21835708618164,18832000,0.0,0.0
2019-06-18 00:00:00-04:00,55.07145987277663,55.4039651371961,54.540442702959076,54.76922607421875,27734000,0.0,0.0
2019-06-19 00:00:00-04:00,54.868476624776434,54.93795521927746,54.26698888396777,54.70619583129883,26776000,0.0,0.0
2019-06-20 00:00:00-04:00,55.58262171269389,55.589073566895024,54.825797254364154,55.157310485839844,25240000,0.0,0.0
2019-06-21 00:00:00-04:00,55.04912693659235,55.78709186949948,54.99155625151225,55.676422119140625,38952000,0.0,0.0
2019-06-24 00:00:00-04:00,55.56375854909301,55.68236815683203,55.136959334269626,55.360782623291016,27912000,0.0,0.0
2019-06-25 00:00:00-04:00,55.21885240095757,55.30272272411924,53.78659369373631,53.91314697265625,30938000,0.0,0.0
2019-06-26 00:00:00-04:00,53.92059043320143,54.24167999853569,53.212896960481615,53.58808517456055,36218000,0.0,0.0
2019-06-27 00:00:00-04:00,53.796517857509905,53.95036277413282,53.36425877448817,53.39999008178711,20086000,0.0,0.0
2019-06-28 00:00:00-04:00,53.4188538928294,53.647637265104166,53.268977006027384,53.64317321777344,33864000,0.0,0.0
2019-07-01 00:00:00-04:00,54.49130674937056,54.96674099702669,54.27805479864713,54.48882293701172,28726000,0.0,0.0
2019-07-02 00:00:00-04:00,54.70173314557368,55.174687424211584,54.49974919728834,55.14888000488281,19832000,0.0,0.0
2019-07-03 00:00:00-04:00,55.454581768941104,55.91860413224405,55.27840525294814,55.661529541015625,15340000,0.0,0.0
2019-07-05 00:00:00-04:00,55.47393625735853,56.222324844227884,55.39155395431283,56.158302307128906,25286000,0.0,0.0
2019-07-08 00:00:00-04:00,55.83969268415039,55.8798918251512,55.14689076046542,55.4019775390625,24728000,0.0,0.0
2019-07-09 00:00:00-04:00,55.17617560235969,55.98138526202544,54.94640021298267,55.82282638549805,26608000,0.0,0.0
2019-07-10 00:00:00-04:00,56.139936618485194,56.677405552482355,56.12752891655489,56.5994873046875,24190000,0.0,0.0
2019-07-11 00:00:00-04:00,56.73696392659797,57.22430989810299,56.55483156026896,56.78460693359375,23910000,0.0,0.0
2019-07-12 00:00:00-04:00,56.77368846378926,56.939941082365465,56.515125866828505,56.81884765625,17280000,0.0,0.0
2019-07-15 00:00:00-04:00,56.91611313755484,57.11264099010133,56.545892602073785,57.08881759643555,18076000,0.0,0.0
2019-07-16 00:00:00-04:00,56.87343454162901,57.497753613040786,56.823807519395906,57.24961471557617,24776000,0.0,0.0
2019-07-17 00:00:00-04:00,57.12008745529851,57.48683597124616,56.86202465872768,56.89080810546875,23400000,0.0,0.0
2019-07-18 00:00:00-04:00,56.662024949189835,56.9530891308107,56.214878153921035,56.88981628417969,25814000,0.0,0.0
2019-07-19 00:00:00-04:00,56.98212386418661,57.12852491424634,56.06053481992066,56.08435821533203,32944000,0.0,0.0
2019-07-22 00:00:00-04:00,56.25061716341832,56.538459243804475,55.79354641524048,56.479896545410156,26030000,0.0,0.0
2019-07-23 00:00:00-04:00,56.774183809475566,56.91810483275756,56.16872425853041,56.88386154174805,21874000,0.0,0.0
2019-07-24 00:00:00-04:00,56.17369329354997,56.77418906164422,55.93001840595914,56.46699142456055,31796000,0.0,0.0
2019-07-25 00:00:00-04:00,56.46748285619382,56.66003889640069,55.628775898858116,56.18460464477539,44196000,0.0,0.0
2019-07-26 00:00:00-04:00,60.746391440646434,62.806441206796734,60.74440741977182,62.055076599121094,96116000,0.0,0.0
2019-07-29 00:00:00-04:00,61.590560822079084,61.904206497577476,60.95433001842405,61.50917053222656,44474000,0.0,0.0
2019-07-30 00:00:00-04:00,60.8143831427052,61.283861556588356,60.7096692451428,60.80098342895508,29066000,0.0,0.0
2019-07-31 00:00:00-04:00,60.69477968279282,61.240684534568935,59.93864813305677,60.38113021850586,34510000,0.0,0.0
2019-08-01 00:00:00-04:00,60.24961921445477,61.24614673357335,59.83721168876102,60.00048828125,33970000,0.0,0.0
2019-08-02 00:00:00-04:00,59.590062623880264,59.89577221917585,59.00445463591391,59.25507736206055,32902000,0.0,0.0
2019-08-05 00:00:00-04:00,58.06649011603183,58.32455670789354,56.58262046487473,57.18708801269531,51950000,0.0,0.0
2019-08-06 00:00:00-04:00,57.73249776637787,58.55880082040126,57.56822916602135,58.06202697753906,34188000,0.0,0.0
2019-08-07 00:00:00-04:00,57.36971802242692,58.48361324976776,57.05329318943033,58.26252365112305,28886000,0.0,0.0
2019-08-08 00:00:00-04:00,58.70123178087113,59.80197720832482,58.21438560069851,59.79155731201172,29360000,0.0,0.0
2019-08-09 00:00:00-04:00,59.453591192190096,59.74589729735678,58.739593556463845,58.95830535888672,21314000,0.0,0.0
2019-08-12 00:00:00-04:00,58.52157561011388,58.80693762829212,57.94896978301298,58.29825210571289,20060000,0.0,0.0
2019-08-13 00:00:00-04:00,58.13696438308925,59.79055868591504,58.13696438308925,59.41785430908203,25888000,0.0,0.0
2019-08-14 00:00:00-04:00,58.37765948884187,58.674933229525564,57.59503136102458,57.78113555908203,31574000,0.0,0.0
2019-08-15 00:00:00-04:00,57.74193143370563,58.3543389221897,57.67294883765702,57.928531646728516,24374000,0.0,0.0
2019-08-16 00:00:00-04:00,58.538447295857274,58.69576802078285,58.15432725870446,58.441673278808594,26266000,0.0,0.0
2019-08-19 00:00:00-04:00,59.06152999980768,59.90023696345549,59.06152999980768,59.476417541503906,24632000,0.0,0.0
2019-08-20 00:00:00-04:00,59.317609650098724,59.357808791282324,58.66549908337455,58.69428253173828,18310000,0.0,0.0
2019-08-21 00:00:00-04:00,59.2133888453167,59.50371091340738,58.92951484485984,59.11909484863281,14814000,0.0,0.0
2019-08-22 00:00:00-04:00,59.25904853796673,59.45468284909438,58.49031614159272,59.03374099731445,18950000,0.0,0.0
2019-08-23 00:00:00-04:00,58.65954390584143,59.25954364020348,56.96029055948105,57.13597106933594,33740000,0.0,0.0
2019-08-26 00:00:00-04:00,57.432250155910616,58.03820575151656,57.218850526295675,58.009422302246094,24522000,0.0,0.0
2019-08-27 00:00:00-04:00,58.58708869645985,58.67989089594126,57.640188212595795,57.95730972290039,21544000,0.0,0.0
2019-08-28 00:00:00-04:00,57.653093005689776,58.38311805717957,57.434237320853576,58.11512756347656,16040000,0.0,0.0
2019-08-29 00:00:00-04:00,58.6163694213861,59.3578101680603,58.6163694213861,59.19850540161133,21768000,0.0,0.0
2019-08-30 00:00:00-04:00,59.47890180719532,59.47890180719532,58.74952418637535,58.962772369384766,22596000,0.0,0.0
2019-09-03 00:00:00-04:00,58.41339092605463,58.90272089712399,57.72703708121411,57.98460388183594,29598000,0.0,0.0
2019-09-04 00:00:00-04:00,58.397509000381646,58.73349007006451,58.11413477552133,58.630760192871094,21378000,0.0,0.0
2019-09-05 00:00:00-04:00,59.13299500022738,60.20048914744032,59.13299500022738,60.118106842041016,28162000,0.0,0.0
2019-09-06 00:00:00-04:00,59.95681669471074,60.14961884923402,59.678500967007274,59.798004150390625,21442000,0.0,0.0
2019-09-09 00:00:00-04:00,59.751853964470676,60.545897768103934,59.18708952821224,59.77220153808594,29438000,0.0,0.0
2019-09-10 00:00:00-04:00,59.31264375237108,60.049616622919956,59.28435631021641,59.851104736328125,25202000,0.0,0.0
2019-09-11 00:00:00-04:00,59.722573612515326,60.67493015732203,59.66252290304623,60.5543327331543,26140000,0.0,0.0
2019-09-12 00:00:00-04:00,60.75929590720306,61.63075815575841,60.69577316172808,61.25309371948242,34518000,0.0,0.0
2019-09-13 00:00:00-04:00,61.10917692648911,61.58212740689992,60.89378948239973,61.51662063598633,26028000,0.0,0.0
2019-09-16 00:00:00-04:00,61.01835127749754,61.516613110372376,60.824303442192246,61.106685638427734,21066000,0.0,0.0
2019-09-17 00:00:00-04:00,61.062023283262015,61.29031062556814,60.72902204815212,60.9999885559082,19102000,0.0,0.0
2019-09-18 00:00:00-04:00,60.918602408740334,61.3205862577097,60.37368953864647,61.16177749633789,22702000,0.0,0.0
2019-09-19 00:00:00-04:00,61.14440488412211,61.75879630187581,61.14242086332365,61.474430084228516,19920000,0.0,0.0
2019-09-20 00:00:00-04:00,61.19701286004842,61.70321839050031,60.69875098602754,61.038700103759766,45400000,0.0,0.0
2019-09-23 00:00:00-04:00,60.843664241820754,61.49329101475808,60.75284606078018,61.2421760559082,21248000,0.0,0.0
2019-09-24 00:00:00-04:00,61.53844641823913,61.87293943832305,60.0833603208991,60.484352111816406,31664000,0.0,0.0
2019-09-25 00:00:00-04:00,60.33845338023603,61.95036436778528,60.054087144032835,61.86202621459961,29060000,0.0,0.0
2019-09-26 00:00:00-04:00,61.6357245779887,61.786593471253134,61.154732010206544,61.60743713378906,30760000,0.0,0.0
2019-09-27 00:00:00-04:00,61.68783368353786,61.73795671603401,60.270462764163774,60.79850387573242,27078000,0.0,0.0
2019-09-30 00:00:00-04:00,60.594035263507976,60.84366219824985,60.163763983234766,60.49626922607422,28082000,0.0,0.0
2019-10-01 00:00:00-04:00,60.49626814046876,61.10321571358501,59.73100781866637,59.80644226074219,25470000,0.0,0.0
2019-10-02 00:00:00-04:00,59.40346672659621,59.40346672659621,58.128528774303454,58.3935432434082,32302000,0.0,0.0
2019-10-03 00:00:00-04:00,58.56078340947227,59.010410240957455,57.68882139205727,58.94936752319336,32424000,0.0,0.0
2019-10-04 00:00:00-04:00,59.15085794190588,60.12107819207989,59.01586880120381,59.9999885559082,23248000,0.0,0.0
2019-10-07 00:00:00-04:00,59.77170196685433,60.456760884261065,59.7394426968768,59.934478759765625,16858000,0.0,0.0
2019-10-08 00:00:00-04:00,59.43374070942974,59.855080121833126,59.00793346357348,59.01388931274414,20786000,0.0,0.0
2019-10-09 00:00:00-04:00,59.521083159151225,59.96773398464551,59.43572482227212,59.66798400878906,17354000,0.0,0.0
2019-10-10 00:00:00-04:00,59.482870173687076,60.297757538546065,59.42133144893541,59.983612060546875,16932000,0.0,0.0
2019-10-11 00:00:00-04:00,60.65556864912087,60.96226644808891,60.235221296637796,60.32008361816406,25454000,0.0,0.0
2019-10-14 00:00:00-04:00,60.16574613237636,60.86003983620301,60.136962685048616,60.40395736694336,17350000,0.0,0.0
2019-10-15 00:00:00-04:00,60.56574691584611,61.90222350775951,60.56574691584611,61.68783187866211,27634000,0.0,0.0
2019-10-16 00:00:00-04:00,61.596515691876775,62.26996584838922,61.461530329215066,61.71909713745117,21892000,0.0,0.0
2019-10-17 00:00:00-04:00,62.08088609785055,62.69601967449946,62.03175507546024,62.18708801269531,19048000,0.0,0.0
2019-10-18 00:00:00-04:00,62.2064450871458,62.47592360213658,61.59205361027274,61.8109130859375,27056000,0.0,0.0
2019-10-21 00:00:00-04:00,62.14688038711554,62.26444875702806,61.568220312601646,61.84365463256836,20544000,0.0,0.0
2019-10-22 00:00:00-04:00,61.92803286131868,62.06450623999693,61.606939519696475,61.67741012573242,20476000,0.0,0.0
2019-10-23 00:00:00-04:00,61.65557599330808,62.5255502604924,61.65557599330808,62.48783493041992,18230000,0.0,0.0
2019-10-24 00:00:00-04:00,62.57567514122245,62.72952385641841,62.21910036816656,62.580142974853516,20562000,0.0,0.0
2019-10-25 00:00:00-04:00,62.085845181491635,63.00743425318063,62.03522614418525,62.78559875488281,24262000,0.0,0.0
2019-10-28 00:00:00-04:00,63.29775131552286,64.48187093804916,63.153334293471175,64.01983642578125,52264000,0.0,0.0
2019-10-29 00:00:00-04:00,63.33646780609009,63.60247048888422,62.39264557891239,62.661033630371094,37728000,0.0,0.0
2019-10-30 00:00:00-04:00,62.182120598894436,62.995519916111114,62.133981589742454,62.59502410888672,28178000,0.0,0.0
2019-10-31 00:00:00-04:00,62.5945275902726,62.91164908456663,62.07656185187581,62.53646469116211,29114000,0.0,0.0
2019-11-01 00:00:00-04:00,62.77914733097876,63.25656561781784,62.5558238154674,63.212894439697266,33402000,0.0,0.0
2019-11-04 00:00:00-05:00,63.347377100103145,64.22479511570099,63.34266315775771,64.08782196044922,30020000,0.0,0.0
2019-11-05 00:00:00-05:00,64.16326174475189,64.4630154770298,64.08082643933614,64.1205825805664,25654000,0.0,0.0
2019-11-06 00:00:00-05:00,63.99304320026914,64.20495481143975,63.64763424085217,64.10916900634766,23060000,0.0,0.0
2019-11-07 00:00:00-05:00,64.23224125268659,65.69427525573451,64.23050712764996,64.95581817626953,40600000,0.0,0.0
2019-11-08 00:00:00-05:00,64.77816090343747,65.409427959862,64.7327480230198,65.08039093017578,25028000,0.0,0.0
2019-11-11 00:00:00-05:00,64.67393759231845,64.83498406616032,64.38758731433586,64.4759292602539,20238000,0.0,0.0
2019-11-12 00:00:00-05:00,64.51611677226106,65.01239459358614,64.30618919409372,64.4565658569336,21718000,0.0,0.0
2019-11-13 00:00:00-05:00,64.22183024546263,64.7295200311456,64.1940388054397,64.4168701171875,16534000,0.0,0.0
2019-11-14 00:00:00-05:00,64.39204462555429,65.35978482217013,64.30023444406228,65.08484649658203,23870000,0.0,0.0
2019-11-15 00:00:00-05:00,65.45607127710072,66.24714285795687,65.22480409594581,66.24664306640625,35652000,0.0,0.0
2019-11-18 00:00:00-05:00,66.11512738972095,66.2793467712732,65.38460633839918,65.54341888427734,29748000,0.0,0.0
2019-11-19 00:00:00-05:00,65.89079919616503,65.89079919616503,65.15134262019188,65.28335571289062,25384000,0.0,0.0
2019-11-20 00:00:00-05:00,65.09872450764962,65.26051302579913,64.07689351948866,64.6674575805664,26172000,0.0,0.0
2019-11-21 00:00:00-05:00,64.58956647833071,65.14093498063947,64.16872686416106,64.58311462402344,19910000,0.0,0.0
2019-11-22 00:00:00-05:00,64.79502462557038,64.94936933358494,64.08981879304345,64.28485107421875,27714000,0.0,0.0
2019-11-25 00:00:00-05:00,64.47541353236007,65.0773971818501,64.42330648799071,64.8481216430664,20724000,0.0,0.0
2019-11-26 00:00:00-05:00,65.00544757983046,65.25061047671463,64.76872813097796,65.1885757446289,21394000,0.0,0.0
2019-11-27 00:00:00-05:00,65.26053570496784,65.4272843315867,64.9940332337327,65.16078186035156,19912000,0.0,0.0
2019-11-29 00:00:00-05:00,64.86945812409971,65.0225533232985,64.7131294258626,64.76226043701172,11740000,0.0,0.0
2019-12-02 00:00:00-05:00,64.56574579959208,64.80544125620217,63.57319018436453,64.015869140625,30218000,0.0,0.0
2019-12-03 00:00:00-05:00,63.50221601562983,64.43973393005399,63.473928576053304,64.28186798095703,22876000,0.0,0.0
2019-12-04 00:00:00-05:00,64.86401431779517,65.79651932252534,64.75780861469353,65.53547668457031,30750000,0.0,0.0
2019-12-05 00:00:00-05:00,65.90569566802303,65.9730917949616,65.33199560320656,65.91214752197266,24254000,0.0,0.0
2019-12-06 00:00:00-05:00,66.17567663090931,66.69974596613841,66.17567663090931,66.5320053100586,26296000,0.0,0.0
2019-12-09 00:00:00-05:00,66.40395590378165,67.46648989602035,66.39402822734522,66.67790222167969,27086000,0.0,0.0
2019-12-10 00:00:00-05:00,66.57566964517135,66.99626693476351,66.30470691037269,66.73249816894531,21882000,0.0,0.0
2019-12-11 00:00:00-05:00,67.0391849729131,67.05704873084358,66.6337253752569,66.75035095214844,17008000,0.0,0.0
2019-12-12 00:00:00-05:00,66.79602237754818,67.28411427972895,66.52605163199475,67.01091003417969,25620000,0.0,0.0
2019-12-13 00:00:00-05:00,66.89576834670235,67.1510027835043,66.6932846319524,66.88981628417969,30992000,0.0,0.0
2019-12-16 00:00:00-05:00,67.32009001944913,67.72604949708138,67.13001777619577,67.5518569946289,27946000,0.0,0.0
2019-12-17 00:00:00-05:00,67.63720639572155,67.7419202854571,67.06315800656236,67.25159454345703,37080000,0.0,0.0
2019-12-18 00:00:00-05:00,67.32505663702509,67.51711289842932,67.04714224567046,67.12753295898438,30452000,0.0,0.0
2019-12-19 00:00:00-05:00,67.08783629852672,67.39949418691485,66.94713740732615,67.2972640991211,29398000,0.0,0.0
2019-12-20 00:00:00-05:00,67.66003938132583,67.67442731849732,66.94787435433022,66.97715759277344,66300000,0.0,0.0
2019-12-23 00:00:00-05:00,67.28882618120298,67.48385846499603,66.82430782156663,66.93994140625,17662000,0.0,0.0
2019-12-24 00:00:00-05:00,66.92306509325059,67.0104074426158,66.63919109891611,66.67790222167969,6950000,0.0,0.0
2019-12-26 00:00:00-05:00,66.80743587763071,67.5596448386036,66.7230695539095,67.51363372802734,13350000,0.0,0.0
2019-12-27 00:00:00-05:00,67.64216965615002,67.71859989474075,66.96326346568391,67.09130096435547,20768000,0.0,0.0
2019-12-30 00:00:00-05:00,66.99750369067553,67.14638854673004,66.20444818383356,66.30966186523438,21018000,0.0,0.0
2019-12-31 00:00:00-05:00,66.01041499614684,66.4019789533047,65.9595422750169,66.35334014892578,19236000,0.0,0.0
2020-01-02 00:00:00-05:00,66.57815309878687,67.89775418065835,66.57815309878687,67.85954284667969,28132000,0.0,0.0
2020-01-03 00:00:00-05:00,66.89130003014904,68.1141308205774,66.77636312898343,67.52653503417969,23728000,0.0,0.0
2020-01-06 00:00:00-05:00,66.99750440375196,69.30519319306404,66.99750440375196,69.1915512084961,34646000,0.0,0.0
2020-01-07 00:00:00-05:00,69.37666760347787,69.62728276362967,69.00147561904272,69.14837646484375,30054000,0.0,0.0
2020-01-08 00:00:00-05:00,69.08583956646167,70.05358738047906,69.02430463002621,69.69329071044922,30560000,0.0,0.0
2020-01-09 00:00:00-05:00,70.499739797411,70.83522105043521,69.98856668958533,70.4630126953125,30018000,0.0,0.0
2020-01-10 00:00:00-05:00,70.84664818594364,71.21235933028036,70.3895811952227,70.954345703125,36414000,0.0,0.0
2020-01-13 00:00:00-05:00,71.27194397944992,71.48980762246067,70.77020635710151,71.42578887939453,33046000,0.0,0.0
2020-01-14 00:00:00-05:00,71.41487393356586,71.55333132366744,70.88683664348807,71.01139831542969,31178000,0.0,0.0
2020-01-15 00:00:00-05:00,70.97814636864022,71.53323297517342,70.97814636864022,71.42430114746094,25654000,0.0,0.0
2020-01-16 00:00:00-05:00,71.83323541868478,72.0590427260816,71.50965829520423,72.04464721679688,23474000,0.0,0.0
2020-01-17 00:00:00-05:00,72.60098113863693,73.5133884254054,72.36822974126859,73.46847534179688,47924000,0.0,0.0
2020-01-21 00:00:00-05:00,73.4054458415932,74.03720501969366,73.01239011455874,73.66748046875,40734000,0.0,0.0
2020-01-22 00:00:00-05:00,73.99503804636632,74.60118679779845,73.69379245350329,73.74441528320312,32216000,0.0,0.0
2020-01-23 00:00:00-05:00,73.8282828829106,74.2193470475533,73.55334452603668,73.77914428710938,27024000,0.0,0.0
2020-01-24 00:00:00-05:00,74.12356276079099,74.2181066629572,72.71711146680417,72.7895736694336,35692000,0.0,0.0
2020-01-27 00:00:00-05:00,71.01736814614323,71.36823697320446,70.531010368122,71.16128540039062,35104000,0.0,0.0
2020-01-28 00:00:00-05:00,71.61288762604424,72.25805027670374,71.0903026227928,72.08732604980469,31548000,0.0,0.0
2020-01-29 00:00:00-05:00,72.39700856741933,72.7260379651945,71.79849311259875,72.3885726928711,21554000,0.0,0.0
2020-01-30 00:00:00-05:00,71.46201893995891,72.32156942112606,71.28534265039244,72.25010681152344,26788000,0.0,0.0
2020-01-31 00:00:00-05:00,72.89825097457529,72.95929369358639,70.89477607989122,71.17765808105469,48344000,0.0,0.0
2020-02-03 00:00:00-05:00,72.55582390226932,73.94540346854714,72.40644680609876,73.74391174316406,60736000,0.0,0.0
2020-02-04 00:00:00-05:00,72.31115822916287,72.92802972873821,70.78411331963115,71.81488037109375,78660000,0.0,0.0
2020-02-05 00:00:00-05:00,72.5766732572411,72.64714386938017,70.99552960009365,71.87245178222656,39724000,0.0,0.0
2020-02-06 00:00:00-05:00,71.97665864546519,73.5483665197424,71.93893953448685,73.26201629638672,33588000,0.0,0.0
2020-02-07 00:00:00-05:00,72.8188554639676,73.7389566457978,72.77170845680672,73.41091918945312,23446000,0.0,0.0
2020-02-10 00:00:00-05:00,73.16725365667742,74.91315456674994,73.16725365667742,74.8724594116211,28398000,0.0,0.0
2020-02-11 00:00:00-05:00,75.02778368363181,75.91214968680356,74.72147961665152,74.8779067993164,26892000,0.0,0.0
2020-02-12 00:00:00-05:00,75.16028520253177,75.46872472681238,74.84415949040542,75.34837341308594,23352000,0.0,0.0
2020-02-13 00:00:00-05:00,75.07145014795417,75.79055927256776,74.66996610624523,75.16921997070312,18590000,0.0,0.0
2020-02-14 00:00:00-05:00,75.21586434239704,75.47095489501953,74.8059368685173,75.47095489501953,23956000,0.0,0.0
2020-02-18 00:00:00-05:00,75.1860949138138,76.01140219865952,75.06649328372505,75.41785430908203,22414000,0.0,0.0
2020-02-19 00:00:00-05:00,75.68585232180874,76.03503245583889,75.50371615942464,75.76625061035156,18986000,0.0,0.0
2020-02-20 00:00:00-05:00,75.53347143265253,75.91263138663484,74.7801267212081,75.3424072265625,21932000,0.0,0.0
2020-02-21 00:00:00-05:00,74.84017785110859,75.04787150339848,73.47095364315682,73.70271301269531,34634000,0.0,0.0
2020-02-24 00:00:00-05:00,70.77467716318912,71.31364175736718,70.04416367533321,70.55036163330078,57342000,0.0,0.0
2020-02-25 00:00:00-05:00,71.11661947805261,71.3717024837463,68.6054546959806,68.90570068359375,49566000,0.0,0.0
2020-02-26 00:00:00-05:00,69.28733511403237,70.2580590131553,68.43671263578089,69.14043426513672,44048000,0.0,0.0
2020-02-27 00:00:00-05:00,67.5960146343348,68.07462558918532,65.36822425383973,65.41388702392578,59566000,0.0,0.0
2020-02-28 00:00:00-05:00,63.399501482950654,66.55781323894234,63.07692009192224,66.46798706054688,75782000,0.0,0.0
2020-03-02 00:00:00-05:00,67.07741164248111,69.02580360854988,65.84689452820253,68.9384536743164,48630000,0.0,0.0
2020-03-03 00:00:00-05:00,69.4501103772567,69.98261550134394,66.10420318090857,66.5702133178711,48046000,0.0,0.0
2020-03-04 00:00:00-05:00,67.45557700182988,68.8878356801187,66.65557734121802,68.8099136352539,38266000,0.0,0.0
2020-03-05 00:00:00-05:00,67.0074293133011,67.4396883587625,64.76921163436674,65.46102905273438,51226000,0.0,0.0
2020-03-06 00:00:00-05:00,63.37765587779967,64.82479839546724,62.58311611834475,64.43721008300781,53212000,0.0,0.0
2020-03-09 00:00:00-04:00,59.81636473923211,62.270954400594015,59.55333810175723,60.32554626464844,67308000,0.0,0.0
2020-03-10 00:00:00-04:00,62.531007914992486,63.580638273986885,60.48485383299144,63.54291915893555,52228000,0.0,0.0
2020-03-11 00:00:00-04:00,62.019844812142125,62.57865341026819,59.35830716209071,60.31810760498047,52170000,0.0,0.0
2020-03-12 00:00:00-04:00,55.88087801193121,59.249116621663205,55.25060688894299,55.33050537109375,84534000,0.0,0.0
2020-03-13 00:00:00-04:00,58.51116239893116,60.53398923649194,55.441336604698826,60.532501220703125,74002000,0.0,0.0
2020-03-16 00:00:00-04:00,54.39205290243332,57.18446022019943,53.32207871068787,53.812896728515625,85048000,0.0,0.0
2020-03-17 00:00:00-04:00,54.24862765301197,56.12207733117726,52.40743724735232,55.57319641113281,77230000,0.0,0.0
2020-03-18 00:00:00-04:00,52.43225192946988,54.91314518911313,51.47790755844906,54.43175506591797,84668000,0.0,0.0
2020-03-19 00:00:00-04:00,54.245651392780594,57.46748563990049,52.61081432166256,55.34937286376953,73022000,0.0,0.0
2020-03-20 00:00:00-04:00,56.36326921356634,56.77369273612304,52.87791223747987,53.21686935424805,72036000,0.0,0.0
2020-03-23 00:00:00-04:00,52.67096099631564,53.167238830694636,50.299544890365645,52.43770980834961,80882000,0.0,0.0
2020-03-24 00:00:00-04:00,54.777666082859625,56.32754253411357,54.125059422500385,56.300743103027344,66890000,0.0,0.0
2020-03-25 00:00:00-04:00,55.9042097434777,57.0173590272589,53.89626705799337,54.714134216308594,81630000,0.0,0.0
2020-03-26 00:00:00-04:00,55.17617339435995,58.06302241255653,54.26947200496514,57.65508270263672,71434000,0.0,0.0
2020-03-27 00:00:00-04:00,55.86450684722796,57.105201415370466,54.883862890441534,55.122074127197266,64170000,0.0,0.0
2020-03-30 00:00:00-04:00,55.833241144653286,57.15284601417532,54.41587402341311,56.91413497924805,51482000,0.0,0.0
2020-03-31 00:00:00-04:00,56.937959165399484,58.32803087321486,56.48336847490198,57.70768356323242,49728000,0.0,0.0
2020-04-01 00:00:00-04:00,55.68237203172245,56.06401208292626,54.464012814336535,54.869468688964844,46884000,0.0,0.0
2020-04-02 00:00:00-04:00,54.50421221587272,55.92356724396561,54.41190601517733,55.62480926513672,39298000,0.0,0.0
2020-04-03 00:00:00-04:00,55.5342283268145,55.7587937269343,53.58857416287313,54.485347747802734,46268000,0.0,0.0
2020-04-06 00:00:00-04:00,56.476422486985456,59.28833304860473,56.12604967859748,58.904212951660156,53294000,0.0,0.0
2020-04-07 00:00:00-04:00,60.59552254277233,60.79403443287424,58.67145393292798,58.88386154174805,47746000,0.0,0.0
2020-04-08 00:00:00-04:00,59.87591869991545,60.49973800052175,58.965745375592086,60.06351089477539,39502000,0.0,0.0
2020-04-09 00:00:00-04:00,60.748377380759834,60.82232380996877,59.39130705964611,60.121578216552734,43508000,0.0,0.0
2020-04-13 00:00:00-04:00,60.00892133007347,60.57120570791183,58.93785676983282,60.424800872802734,34796000,0.0,0.0
2020-04-14 00:00:00-04:00,61.79105923957873,63.62629373229565,61.38609558099836,62.989070892333984,49408000,0.0,0.0
2020-04-15 00:00:00-04:00,61.81685686319438,63.546389065858044,61.55829807090061,62.65358352661133,33434000,0.0,0.0
2020-04-16 00:00:00-04:00,63.2307616555306,63.47393673790401,61.66847770670217,62.703216552734375,50362000,0.0,0.0
2020-04-17 00:00:00-04:00,63.764255052837555,64.23968550186557,63.08832491442047,63.68484878540039,38980000,0.0,0.0
2020-04-20 00:00:00-04:00,63.07691442636183,63.60297152578697,62.5990001256094,62.85905075073242,33910000,0.0,0.0
2020-04-21 00:00:00-04:00,61.88584276439419,62.24663922407477,60.035224617592846,60.3642578125,43060000,0.0,0.0
2020-04-22 00:00:00-04:00,61.81338935311163,63.80212037823691,61.637705062447075,62.690311431884766,41848000,0.0,0.0
2020-04-23 00:00:00-04:00,63.104204006882185,64.1841019716096,62.812393928268584,63.340431213378906,31324000,0.0,0.0
2020-04-24 00:00:00-04:00,62.589069381237785,63.54340992025842,62.007433219341216,63.48931884765625,32792000,0.0,0.0
2020-04-27 00:00:00-04:00,64.31761479912171,64.3250586642467,62.97766228213188,63.31909942626953,32012000,0.0,0.0
2020-04-28 00:00:00-04:00,63.917108891770646,63.92306095424657,61.1513535708958,61.22430419921875,59026000,0.0,0.0
2020-04-29 00:00:00-04:00,66.57368450322917,67.49328575621654,65.77368487567767,66.57467651367188,75872000,0.0,0.0
2020-04-30 00:00:00-04:00,65.75085576369771,67.13745150028522,65.63223858566572,66.93099975585938,53378000,0.0,0.0
2020-05-01 00:00:00-04:00,65.93051198943692,67.10023615579532,65.0620257968837,65.53894805908203,41450000,0.0,0.0
2020-05-04 00:00:00-04:00,64.92455274761657,65.8888247389471,64.46648625668634,65.84613800048828,30080000,0.0,0.0
2020-05-05 00:00:00-04:00,66.39799886225222,68.1855862946255,66.37516747994007,67.05258178710938,33030000,0.0,0.0
2020-05-06 00:00:00-04:00,67.5776514911627,68.04563804044298,66.8630102835789,66.8635025024414,24308000,0.0,0.0
2020-05-07 00:00:00-04:00,67.78857399589373,68.36723415296298,67.25904486151722,68.11711120605469,27952000,0.0,0.0
2020-05-08 00:00:00-04:00,68.64166756358115,69.41735145916661,68.26201538015222,68.90171813964844,27738000,0.0,0.0
2020-05-11 00:00:00-04:00,68.40097595451812,70.2992369662248,68.34499173726651,69.64067840576172,28242000,0.0,0.0
2020-05-12 00:00:00-04:00,69.83224522503453,70.22330934832881,68.22678622430837,68.2749252319336,27812000,0.0,0.0
2020-05-13 00:00:00-04:00,68.33993223098598,68.75839399205269,65.92553811831527,66.96424865722656,36252000,0.0,0.0
2020-05-14 00:00:00-04:00,66.25408851063467,67.36575367991837,65.7027275459577,67.3017349243164,32062000,0.0,0.0
2020-05-15 00:00:00-04:00,66.99750803892465,68.2123952154045,66.4515993888272,68.14837646484375,34154000,0.0,0.0
2020-05-18 00:00:00-04:00,67.58063195972629,69.09799893312575,67.2084236040523,68.68186950683594,36448000,0.0,0.0
2020-05-19 00:00:00-04:00,68.83360135140047,69.08188418806577,68.16302490234375,68.16302490234375,25612000,0.0,0.0
2020-05-20 00:00:00-04:00,68.9617707495273,69.99602113426154,68.8461447400345,69.81239318847656,33108000,0.0,0.0
2020-05-21 00:00:00-04:00,69.87592549903482,70.24763410938569,69.15384029062497,69.61785888671875,27700000,0.0,0.0
2020-05-22 00:00:00-04:00,69.31561949895216,70.11214325095916,69.07343266017584,69.99601745605469,26188000,0.0,0.0
2020-05-26 00:00:00-04:00,71.32852208461908,71.51363424986954,70.08087593520875,70.32355499267578,41212000,0.0,0.0
2020-05-27 00:00:00-04:00,70.33497451808856,70.55779822298318,69.0466332245921,70.36425018310547,33716000,0.0,0.0
2020-05-28 00:00:00-04:00,69.32306974282896,71.5056972334195,69.280390574892,70.30917358398438,33844000,0.0,0.0
2020-05-29 00:00:00-04:00,70.31959885618093,71.09528294835816,70.14143830600028,70.91413879394531,36418000,0.0,0.0
2020-06-01 00:00:00-04:00,70.39154981988567,71.36276584768642,70.3721942585226,71.05805206298828,24342000,0.0,0.0
2020-06-02 00:00:00-04:00,70.99501034643957,71.44464089869888,70.41337427365035,71.42528533935547,25562000,0.0,0.0
2020-06-03 00:00:00-04:00,71.37963353369767,71.7891596287412,70.95665850476367,71.28434753417969,25124000,0.0,0.0
2020-06-04 00:00:00-04:00,70.98757242363524,71.41238760926663,69.71363423081955,70.08335876464844,29686000,0.0,0.0
2020-06-05 00:00:00-04:00,70.13249522653545,71.71463071575131,69.77666638275234,71.38410949707031,34698000,0.0,0.0
2020-06-08 00:00:00-04:00,70.58758582072802,71.86053981343585,70.58758582072802,71.79205322265625,28084000,0.0,0.0
2020-06-09 00:00:00-04:00,71.7300026726426,72.85357931793546,71.62330476780633,72.26598358154297,28184000,0.0,0.0
2020-06-10 00:00:00-04:00,72.43373756383694,73.16421321276418,72.27145676024894,72.74689483642578,30504000,0.0,0.0
2020-06-11 00:00:00-04:00,71.58708858521233,72.18237060102135,69.57815376809015,69.66947174072266,39826000,0.0,0.0
2020-06-12 00:00:00-04:00,70.89279225239302,71.31512366180317,68.78510324712983,70.13298797607422,38928000,0.0,0.0
2020-06-15 00:00:00-04:00,69.02232557073431,70.70966726308433,68.87940033399192,70.4640121459961,30078000,0.0,0.0
2020-06-16 00:00:00-04:00,71.72306848502453,72.20941865411798,70.76425629335561,71.5989990234375,34184000,0.0,0.0
2020-06-17 00:00:00-04:00,71.81934505603064,72.45656410159347,71.03621717639088,72.015869140625,30992000,0.0,0.0
2020-06-18 00:00:00-04:00,71.91859436387979,72.03025989872235,70.81934084639603,71.26350402832031,31638000,0.0,0.0
2020-06-19 00:00:00-04:00,71.66252059899932,71.85110861072593,70.53845153890116,71.05309295654297,63158000,0.0,0.0
2020-06-22 00:00:00-04:00,70.91809305910033,72.09675280864079,70.63075082408083,72.0525894165039,30848000,0.0,0.0
2020-06-23 00:00:00-04:00,72.24018753394067,73.24768398407949,71.72406189560695,72.67542266845703,28596000,0.0,0.0
2020-06-24 00:00:00-04:00,72.53150043296567,73.22182609400859,70.95532461500848,71.06549835205078,35120000,0.0,0.0
2020-06-25 00:00:00-04:00,70.96277335572101,71.60792851044303,70.47145555214432,71.53001403808594,24610000,0.0,0.0
2020-06-26 00:00:00-04:00,71.03673013509888,71.13896023812721,67.09628217277222,67.48883819580078,85354000,0.0,0.0
2020-06-29 00:00:00-04:00,67.40344937427153,69.26052293197323,66.84911250837732,69.22925567626953,36204000,0.0,0.0
2020-06-30 00:00:00-04:00,69.00445855320582,70.40445790397327,68.68286542681156,70.15432739257812,40848000,0.0,0.0
2020-07-01 00:00:00-04:00,70.02976477285776,71.61289225943034,69.96623824226913,71.36673736572266,35504000,0.0,0.0
2020-07-02 00:00:00-04:00,71.8084369018332,73.59553264754946,71.78262948090733,72.68982696533203,37182000,0.0,0.0
2020-07-06 00:00:00-04:00,73.45209531245898,74.76872034277596,73.09477466690498,74.22827911376953,31280000,0.0,0.0
2020-07-07 00:00:00-04:00,73.94539526054743,75.27541618474888,73.62529394597114,73.70619201660156,29164000,0.0,0.0
2020-07-08 00:00:00-04:00,74.1597973739932,74.73348992166684,73.72853027328489,74.24317169189453,24994000,0.0,0.0
2020-07-09 00:00:00-04:00,74.76176829848744,75.56921170142904,73.85035312552148,74.98707580566406,28466000,0.0,0.0
2020-07-10 00:00:00-04:00,74.7468897075301,76.61685970435279,74.26996742955905,76.51313781738281,37126000,0.0,0.0
2020-07-13 00:00:00-04:00,76.92306434166021,78.2695632781442,74.70187723645613,75.00445556640625,36928000,0.0,0.0
2020-07-14 00:00:00-04:00,73.96077581881539,75.5806226559914,73.62281077600203,75.46300506591797,31700000,0.0,0.0
2020-07-15 00:00:00-04:00,75.58957683448338,76.19503647264395,74.34243024109291,75.11860656738281,32214000,0.0,0.0
2020-07-16 00:00:00-04:00,74.44166704780132,75.36921185489808,73.76226113086389,75.33496856689453,30386000,0.0,0.0
2020-07-17 00:00:00-04:00,75.51463976004874,75.60495815857267,74.36327138701509,75.21339416503906,29134000,0.0,0.0
2020-07-20 00:00:00-04:00,75.1989959832784,77.93001588763573,74.62033584382972,77.70321655273438,31146000,0.0,0.0
2020-07-21 00:00:00-04:00,78.75879778961406,78.75879778961406,77.13546737568947,77.34092712402344,24324000,0.0,0.0
2020-07-22 00:00:00-04:00,77.4441513951141,77.91561378566698,76.72951015896744,77.8406753540039,18640000,0.0,0.0
2020-07-23 00:00:00-04:00,77.76525668741822,78.00842799788757,74.80852769688292,75.21984100341797,32552000,0.0,0.0
2020-07-24 00:00:00-04:00,74.38857500348202,75.31690744828128,73.86598996856429,75.03075408935547,30880000,0.0,0.0
2020-07-27 00:00:00-04:00,75.2158683374083,76.47492649167059,75.19651277464828,75.94043731689453,24920000,0.0,0.0
2020-07-28 00:00:00-04:00,75.6913080448492,75.75581901619748,74.32555194231135,74.45854949951172,34044000,0.0,0.0
2020-07-29 00:00:00-04:00,74.75532496809936,75.99264218064526,74.5076782686986,75.53447723388672,22130000,0.0,0.0
2020-07-30 00:00:00-04:00,74.29279113025488,76.32108144896321,74.05557189784575,76.00247192382812,33428000,0.0,0.0
2020-07-31 00:00:00-04:00,74.69030939824232,74.88584145993447,72.16028157563557,73.59601593017578,68798000,0.0,0.0
2020-08-03 00:00:00-04:00,73.77865058359723,73.96872281811605,72.73646407571327,73.17369079589844,46604000,0.0,0.0
2020-08-04 00:00:00-04:00,73.27889301271779,73.72504780335576,72.38956703528302,72.70320892333984,38070000,0.0,0.0
2020-08-05 00:00:00-04:00,72.91809291651994,73.56871540901274,72.62826686545758,73.13198852539062,39590000,0.0,0.0
2020-08-06 00:00:00-04:00,73.03968901881095,74.5602819436012,72.75433078938659,74.4466323852539,39908000,0.0,0.0
2020-08-07 00:00:00-04:00,74.441674690049,75.27765172835954,73.53050931881228,74.16822814941406,31556000,0.0,0.0
2020-08-10 00:00:00-04:00,73.80544421227378,74.64390502378875,73.10569068546498,74.24812316894531,25786000,0.0,0.0
2020-08-11 00:00:00-04:00,74.06649552807355,74.93795782578333,73.34987016783626,73.46500396728516,29088000,0.0,0.0
2020-08-12 00:00:00-04:00,73.72605483887082,75.05637893842461,73.70967530480051,74.77022552490234,28740000,0.0,0.0
2020-08-13 00:00:00-04:00,74.95483140195972,76.29031989824922,74.83895548496008,75.35731506347656,29104000,0.0,0.0
2020-08-14 00:00:00-04:00,75.21885011836144,75.52853157359432,74.5846070499416,74.82530212402344,27096000,0.0,0.0
2020-08-17 00:00:00-04:00,75.16971199026851,75.71264460300503,74.83720675165813,75.333984375,27566000,0.0,0.0
2020-08-18 00:00:00-04:00,75.74093374617686,77.54192503788033,75.6183560812952,77.34986877441406,40542000,0.0,0.0
2020-08-19 00:00:00-04:00,77.08733382002706,78.0982531022047,76.62282300938666,76.80049133300781,33212000,0.0,0.0
2020-08-20 00:00:00-04:00,76.5979963005962,78.70320887210534,76.33745348921454,78.49874114990234,34138000,0.0,0.0
2020-08-21 00:00:00-04:00,78.26450645623639,79.29130543886384,77.81661751847746,78.43274688720703,28930000,0.0,0.0
2020-08-24 00:00:00-04:00,79.10569011991224,80.10768122598317,78.44018743414891,78.81884765625,28198000,0.0,0.0
2020-08-25 00:00:00-04:00,78.51463149226906,79.98113347227084,78.51463149226906,79.8124008178711,44942000,0.0,0.0
2020-08-26 00:00:00-04:00,79.80147688102969,82.34340896746689,79.58311342338612,82.00395965576172,79868000,0.0,0.0
2020-08-27 00:00:00-04:00,82.06846589337847,82.13397644141467,80.68236235232621,81.10816955566406,37232000,0.0,0.0
2020-08-28 00:00:00-04:00,81.06649586654491,81.74540213617767,80.9305146959896,81.60842895507812,29980000,0.0,0.0
2020-08-31 00:00:00-04:00,81.78113659180016,81.78485473816195,80.90868225649493,81.10073852539062,36468000,0.0,0.0
2020-09-01 00:00:00-04:00,81.22231897305689,82.66648933389573,81.003463288517,82.4173583984375,36506000,0.0,0.0
2020-09-02 00:00:00-04:00,83.0657436245559,86.01387746676662,82.69626138794311,85.77070617675781,50224000,0.0,0.0
2020-09-03 00:00:00-04:00,84.84933236302982,84.84933236302982,80.15185925752036,81.48089599609375,62156000,0.0,0.0
2020-09-04 00:00:00-04:00,80.60841583905999,81.64315838965975,76.80460126517468,78.95978546142578,52172000,0.0,0.0
2020-09-08 00:00:00-04:00,76.1047161868907,77.61117142506299,75.83176180953167,76.04913330078125,52218000,0.0,0.0
2020-09-09 00:00:00-04:00,77.29677725669976,77.86600202912862,76.23082021202775,77.26848602294922,35494000,0.0,0.0
2020-09-10 00:00:00-04:00,77.45110099719179,78.61442633159784,75.72232214316018,76.03075408935547,32372000,0.0,0.0
2020-09-11 00:00:00-04:00,76.22827551548885,78.17368364419161,74.31065125070333,75.46996307373047,31942000,0.0,0.0
2020-09-14 00:00:00-04:00,76.37740068883937,77.61784529962766,75.22281419764987,75.39849090576172,33932000,0.0,0.0
2020-09-15 00:00:00-04:00,76.22828973834976,77.3980141025722,76.02158805097233,76.49826049804688,26622000,0.0,0.0
2020-09-16 00:00:00-04:00,77.19799802152602,77.51859154463234,75.42529061431762,75.47888946533203,26234000,0.0,0.0
2020-09-17 00:00:00-04:00,74.24316455011281,74.85348570171895,72.95283919517239,74.21983337402344,37596000,0.0,0.0
2020-09-18 00:00:00-04:00,74.3429115679416,74.59070213973557,71.32157345578229,72.45606231689453,62078000,0.0,0.0
2020-09-21 00:00:00-04:00,71.46699373036584,71.87890529664638,69.8039675150439,71.02530670166016,57776000,0.0,0.0
2020-09-22 00:00:00-04:00,71.96475115766872,72.92901556169352,71.1925429970855,72.72753143310547,31664000,0.0,0.0
2020-09-23 00:00:00-04:00,72.39602944720993,72.50421160632492,69.86104112150531,70.2337417602539,33148000,0.0,0.0
2020-09-24 00:00:00-04:00,70.02628383570448,71.64806932025144,69.96772493414726,70.88285827636719,29004000,0.0,0.0
2020-09-25 00:00:00-04:00,71.09824791579504,71.96028222676772,70.14092759920929,71.71015930175781,26460000,0.0,0.0
2020-09-28 00:00:00-04:00,73.16177556082938,73.2903052771851,71.92559427191328,72.68087768554688,40158000,0.0,0.0
2020-09-29 00:00:00-04:00,72.97220065731825,73.28351778090314,72.39725863958432,72.91959381103516,19564000,0.0,0.0
2020-09-30 00:00:00-04:00,72.79402627283477,73.93299052220092,72.45060893104817,72.93299102783203,34032000,0.0,0.0
2020-10-01 00:00:00-04:00,73.66102557767228,74.39403036798248,73.40991064795878,73.94985961914062,35590000,0.0,0.0
2020-10-02 00:00:00-04:00,72.55730340988084,73.60792567547088,72.00593496689486,72.37814331054688,25682000,0.0,0.0
2020-10-05 00:00:00-04:00,72.76475127438378,73.85656096292942,72.66847325622463,73.74787902832031,22266000,0.0,0.0
2020-10-06 00:00:00-04:00,73.22976572591286,73.78460247967747,71.89030927530766,72.1310043334961,24908000,0.0,0.0
2020-10-07 00:00:00-04:00,72.66946298758458,72.90122235940702,71.26549568501143,72.47095489501953,34924000,0.0,0.0
2020-10-08 00:00:00-04:00,72.70917297322893,73.9453997667534,72.70917297322893,73.74341583251953,23756000,0.0,0.0
2020-10-09 00:00:00-04:00,74.17864321287527,75.2615171900809,73.91810039747281,75.19700622558594,28706000,0.0,0.0
2020-10-12 00:00:00-04:00,76.57567423494667,79.09974266841846,76.05805679773535,77.8734359741211,49652000,0.0,0.0
2020-10-13 00:00:00-04:00,78.59700860840125,78.90817425978348,77.57815332220179,77.99899291992188,32020000,0.0,0.0
2020-10-14 00:00:00-04:00,78.34192085711464,78.79324018059705,76.94936534993373,77.8203353881836,38586000,0.0,0.0
2020-10-15 00:00:00-04:00,76.78163496039583,78.16898070470643,76.67642882945194,77.37617492675781,30800000,0.0,0.0
2020-10-16 00:00:00-04:00,77.70966576926196,78.46797821756914,77.56822477315174,78.06499481201172,28694000,0.0,0.0
2020-10-19 00:00:00-04:00,78.43472353680188,78.81635977044212,75.83124911574544,76.15928649902344,32142000,0.0,0.0
2020-10-20 00:00:00-04:00,75.78410327473463,78.28782389731903,75.71561669518277,77.21735382080078,44834000,0.0,0.0
2020-10-21 00:00:00-04:00,78.0808774349601,80.33398306141476,77.99651111116405,79.07244110107422,51366000,0.0,0.0
2020-10-22 00:00:00-04:00,79.05953963302305,80.49577391695124,78.66003959673263,80.16525268554688,28672000,0.0,0.0
2020-10-23 00:00:00-04:00,80.69824524177824,81.50668072441772,80.4223148935475,81.43919372558594,27516000,0.0,0.0
2020-10-26 00:00:00-04:00,80.64565218420124,81.30222682484997,78.23820173835696,78.93051147460938,37066000,0.0,0.0
2020-10-27 00:00:00-04:00,79.18956056493225,79.7441473728873,78.54985775226073,79.61585998535156,24580000,0.0,0.0
2020-10-28 00:00:00-04:00,77.4064352993474,77.48633378593614,75.16723307327203,75.26648712158203,36680000,0.0,0.0
2020-10-29 00:00:00-04:00,75.55135014014034,79.09229740527616,75.54539807737217,77.77864837646484,40062000,0.0,0.0
2020-10-30 00:00:00-04:00,82.98310033948256,83.72205714137297,79.62578157417596,80.4471206665039,86582000,0.0,0.0
2020-11-02 00:00:00-05:00,80.80197208483241,82.42033495137787,80.19998832120534,80.6962661743164,50708000,0.0,0.0
2020-11-03 00:00:00-05:00,80.98161437238764,82.46647970547528,80.2292616022844,81.89625549316406,33234000,0.0,0.0
2020-11-04 00:00:00-05:00,84.87741359286612,87.90892964185,84.6664939783701,86.80545043945312,71418000,0.0,0.0
2020-11-05 00:00:00-05:00,88.38707634204215,89.01436764430528,86.87391980549184,87.51213836669922,41316000,0.0,0.0
2020-11-06 00:00:00-05:00,87.04465133837695,87.96176876172139,86.36971319268075,87.43174743652344,33218000,0.0,0.0
2020-11-09 00:00:00-05:00,88.87840159310154,90.2262939793129,87.34589680838995,87.49378967285156,45366000,0.0,0.0
2020-11-10 00:00:00-05:00,85.91014657196098,87.4937736852184,85.22578060726254,86.37168884277344,52722000,0.0,0.0
2020-11-11 00:00:00-05:00,86.8486039336407,87.55430942137994,86.71783275083779,86.98309326171875,25280000,0.0,0.0
2020-11-12 00:00:00-05:00,86.731009028004,87.75532424241983,86.63026316716248,86.84068298339844,24950000,0.0,0.0
2020-11-13 00:00:00-05:00,87.22729462888641,88.38908291367395,86.57816378831626,88.1895751953125,29998000,0.0,0.0
2020-11-16 00:00:00-05:00,87.92553912134699,89.2838512516731,87.7265312339121,88.40593719482422,24936000,0.0,0.0
2020-11-17 00:00:00-05:00,88.18559827448735,88.58559810893249,87.69229644541501,87.84862518310547,22942000,0.0,0.0
2020-11-18 00:00:00-05:00,87.60444542164853,88.01338088171887,86.65705277807088,86.68881225585938,23470000,0.0,0.0
2020-11-19 00:00:00-05:00,86.27194988344952,87.8208341844606,86.20371319180097,87.53944396972656,24998000,0.0,0.0
2020-11-20 00:00:00-05:00,87.60345391853068,88.03968102584562,86.44464946545325,86.46102142333984,46270000,0.0,0.0
2020-11-23 00:00:00-05:00,86.82876480752297,87.04216062074688,85.24662946823767,86.09724426269531,43232000,0.0,0.0
2020-11-24 00:00:00-05:00,85.88087812758405,87.92058026741198,85.74142115251018,87.78559112548828,31560000,0.0,0.0
2020-11-25 00:00:00-05:00,87.98460214757017,88.26500033701676,87.17319061042556,87.91214752197266,20916000,0.0,0.0
2020-11-27 00:00:00-05:00,87.99453439313902,89.52852339020494,87.9622751204519,88.99205017089844,17698000,0.0,0.0
2020-11-30 00:00:00-05:00,88.39621434880539,88.73770827948194,87.09676390951667,87.38162994384766,36476000,0.0,0.0
2020-12-01 00:00:00-05:00,88.05804990630652,90.56227050804702,87.80991098470858,89.2357177734375,34738000,0.0,0.0
2020-12-02 00:00:00-05:00,89.2357124739142,91.09923808767552,88.80757290127825,90.71710205078125,24440000,0.0,0.0
2020-12-03 00:00:00-05:00,90.52157328153271,91.67244169462239,90.45407870885857,90.6585464477539,24546000,0.0,0.0
2020-12-04 00:00:00-05:00,90.54688484704663,90.97566812482567,90.17319222758387,90.7190933227539,27564000,0.0,0.0
2020-12-07 00:00:00-05:00,90.27293716272597,90.93646342957646,89.61686233326083,90.29676055908203,26418000,0.0,0.0
2020-12-08 00:00:00-05:00,89.83123975575077,90.41685148383726,89.141663828488,90.25059509277344,21926000,0.0,0.0
2020-12-09 00:00:00-05:00,89.9260391505422,91.03075254663202,87.73249209754806,88.54241180419922,30152000,0.0,0.0
2020-12-10 00:00:00-05:00,87.8312514986635,88.4024677868778,86.36822537072041,88.10569763183594,27256000,0.0,0.0
2020-12-11 00:00:00-05:00,87.49675608899089,88.55829808835796,87.34489519918117,88.42529296875,24414000,0.0,0.0
2020-12-14 00:00:00-05:00,88.08931824492798,89.20048356188695,87.20668639374409,87.3478775024414,32004000,0.0,0.0
2020-12-15 00:00:00-05:00,87.56425805601764,87.9116510403855,86.84614090941079,87.73050689697266,29646000,0.0,0.0
2020-12-16 00:00:00-05:00,87.9841079053669,87.99006754102135,87.15036472168934,87.49378967285156,30270000,0.0,0.0
2020-12-17 00:00:00-05:00,87.76723095121923,87.92971620476524,86.28584130099148,86.74440002441406,32494000,0.0,0.0
2020-12-18 00:00:00-05:00,87.05606538133071,87.10222037127775,85.37070778287082,85.90618896484375,80328000,0.0,0.0
2020-12-21 00:00:00-05:00,85.03770169388588,86.39452964731738,84.31760056105747,86.32107543945312,36568000,0.0,0.0
2020-12-22 00:00:00-05:00,86.07591832674747,86.22356129445477,84.99131008041313,85.53349304199219,18734000,0.0,0.0
2020-12-23 00:00:00-05:00,85.76227052584866,86.7488665523051,85.60990983925925,85.97418212890625,20676000,0.0,0.0
2020-12-24 00:00:00-05:00,86.1042085774782,86.65011725167767,85.81189867689874,86.29527282714844,6936000,0.0,0.0
2020-12-28 00:00:00-05:00,86.929764423894,88.8698643014064,86.66673776836896,88.1434097290039,27860000,0.0,0.0
2020-12-29 00:00:00-05:00,88.72406590779995,88.95483330287551,87.15085837590568,87.28137969970703,25988000,0.0,0.0
2020-12-30 00:00:00-05:00,87.44465466205962,87.59775746786453,85.63770381564792,86.32852172851562,26122000,0.0,0.0
2020-12-31 00:00:00-05:00,86.12504609512048,87.29179417890073,86.12504609512048,86.9419174194336,20238000,0.0,0.0
2021-01-04 00:00:00-05:00,87.22280518754182,87.3771498815484,84.75680376894405,85.76871490478516,38038000,0.0,0.0
2021-01-05 00:00:00-05:00,85.60793819564455,86.73299935267005,85.26128729313963,86.39801025390625,22906000,0.0,0.0
2021-01-06 00:00:00-05:00,84.49775233587917,86.74936612076766,84.31760021238799,86.11859893798828,52042000,0.0,0.0
2021-01-07 00:00:00-05:00,86.3553256843502,88.75433273376672,86.20594858940167,88.697265625,45300000,0.0,0.0
2021-01-08 00:00:00-05:00,88.73348369978068,89.81834174352356,88.01660851095045,89.68782043457031,41012000,0.0,0.0
2021-01-11 00:00:00-05:00,88.63870226543007,89.047887686195,87.37071589373467,87.67840576171875,24194000,0.0,0.0
2021-01-12 00:00:00-05:00,87.04316284004813,88.2401862729812,85.62331568317703,86.67740631103516,27140000,0.0,0.0
2021-01-13 00:00:00-05:00,86.28187417200391,87.59477351168651,86.25358294239726,87.06698608398438,21882000,0.0,0.0
2021-01-14 00:00:00-05:00,87.0282768771927,88.08981896396133,86.02480148030823,86.36128234863281,23590000,0.0,0.0
2021-01-15 00:00:00-05:00,86.26251546414574,87.14638917916125,85.43670843561704,86.16326141357422,26844000,0.0,0.0
2021-01-19 00:00:00-05:00,86.96028647724162,89.79031052225248,86.42479772681979,88.87641143798828,34692000,0.0,0.0
2021-01-20 00:00:00-05:00,90.89130209923191,94.47691263088274,90.59700818016246,93.64266967773438,49806000,0.0,0.0
2021-01-21 00:00:00-05:00,94.19353244147311,96.02280722888308,93.65308365003949,93.8585433959961,41278000,0.0,0.0
2021-01-22 00:00:00-05:00,94.07839194324099,94.83621218523086,93.38757405452097,94.34489440917969,25442000,0.0,0.0
2021-01-25 00:00:00-05:00,95.31859047067545,95.76076963604262,92.68137249950749,94.26300811767578,38546000,0.0,0.0
2021-01-26 00:00:00-05:00,93.73894915218186,95.53348857095014,93.5109078991677,95.14837646484375,26262000,0.0,0.0
2021-01-27 00:00:00-05:00,93.4258024315897,93.79651903837762,89.77666519340737,90.8580551147461,54966000,0.0,0.0
2021-01-28 00:00:00-05:00,91.5106601315722,94.23472857138471,91.44614915786501,92.46202850341797,35462000,0.0,0.0
2021-01-29 00:00:00-05:00,91.62132375858636,92.1726846562811,89.8362123934404,91.10370635986328,32252000,0.0,0.0
2021-02-01 00:00:00-05:00,91.98857146290209,95.40405597386508,91.85755792611496,94.35978698730469,32044000,0.0,0.0
2021-02-02 00:00:00-05:00,95.41238786442676,97.06003387787534,95.01189583982314,95.65805053710938,45474000,0.0,0.0
2021-02-03 00:00:00-05:00,102.87839549064209,105.03719950374536,100.16772320128429,102.73298645019531,82364000,0.0,0.0
2021-02-04 00:00:00-05:00,102.67442246381972,103.1538209466893,101.36920941459294,102.35084533691406,37046000,0.0,0.0
2021-02-05 00:00:00-05:00,102.72950029357531,104.34290286742701,102.19997123678455,104.11907958984375,30702000,0.0,0.0
2021-02-08 00:00:00-05:00,104.51164830223856,105.3869347160513,102.82876693597579,103.86648559570312,24838000,0.0,0.0
2021-02-09 00:00:00-05:00,103.153339141781,104.47294026106866,103.153339141781,103.39998626708984,17798000,0.0,0.0
2021-02-10 00:00:00-05:00,103.93100795991074,104.6337375889511,102.3865915073248,103.98906707763672,22710000,0.0,0.0
2021-02-11 00:00:00-05:00,104.19404139213168,104.31910287531603,103.09279608834218,104.01438903808594,18914000,0.0,0.0
2021-02-12 00:00:00-05:00,103.7344756103159,104.65606849407718,103.38113056344541,104.42231750488281,17114000,0.0,0.0
2021-02-16 00:00:00-05:00,104.43472840713319,106.83274335243696,104.43472840713319,105.3051986694336,22676000,0.0,0.0
2021-02-17 00:00:00-05:00,104.21834685346211,105.88881673739306,104.16474799837782,105.62330627441406,21418000,0.0,0.0
2021-02-18 00:00:00-05:00,104.73398770644138,105.84291916966751,104.4024744477886,105.07195281982422,22432000,0.0,0.0
2021-02-19 00:00:00-05:00,105.17467874674287,105.73348355681483,104.0898130453819,104.2749252319336,29148000,0.0,0.0
2021-02-22 00:00:00-05:00,102.58062420310993,103.79253530976204,102.3394369378379,102.47541809082031,27350000,0.0,0.0
2021-02-23 00:00:00-05:00,100.49675675125818,103.32553876597618,99.35580848769983,102.77218627929688,33348000,0.0,0.0
2021-02-24 00:00:00-05:00,101.33149202258612,104.25705185046773,101.14787165501271,103.9786376953125,24966000,0.0,0.0
2021-02-25 00:00:00-05:00,102.60296081264626,103.96425663834911,100.31214360907788,100.81189727783203,36568000,0.0,0.0
2021-02-26 00:00:00-05:00,101.76276066693059,102.77963192245342,100.05258772073852,101.08484649658203,41670000,0.0,0.0
2021-03-01 00:00:00-05:00,102.06051794114586,103.5493513322446,101.54340035380785,103.30072021484375,28090000,0.0,0.0
2021-03-02 00:00:00-05:00,103.03670442654219,104.43521190472185,102.79204134384504,103.01933288574219,22692000,0.0,0.0
2021-03-03 00:00:00-05:00,102.59104243879125,103.6485179525727,99.7518405206589,100.58112335205078,29684000,0.0,0.0
2021-03-04 00:00:00-05:00,100.41538074708215,103.68435837482073,100.26152824244853,101.69180297851562,42360000,0.0,0.0
2021-03-05 00:00:00-05:00,102.88435389261545,105.11711204230443,101.5590430201641,104.64217376708984,43904000,0.0,0.0
2021-03-08 00:00:00-05:00,104.2744241479968,105.64811623726695,100.32801743764185,100.45507049560547,32948000,0.0,0.0
2021-03-09 00:00:00-05:00,102.72950728763824,103.1285150733427,101.62926173890396,101.8709487915039,33946000,0.0,0.0
2021-03-10 00:00:00-05:00,102.81686252615054,102.97765910210579,100.91165709440278,101.9865951538086,25372000,0.0,0.0
2021-03-11 00:00:00-05:00,102.93100824614882,105.49378782988636,102.84763392955281,104.95135498046875,24782000,0.0,0.0
2021-03-12 00:00:00-05:00,103.47393032442318,103.73497295463616,101.61537222456147,102.32852172851562,34516000,0.0,0.0
2021-03-15 00:00:00-04:00,102.34737717387182,102.58360439664851,101.41487219976804,102.5553207397461,25962000,0.0,0.0
2021-03-16 00:00:00-04:00,103.17566748070718,105.3875781726272,102.72951267357026,103.84712982177734,29832000,0.0,0.0
2021-03-17 00:00:00-04:00,103.02876472611351,104.70370240170875,101.93546321311196,103.77566528320312,25980000,0.0,0.0
2021-03-18 00:00:00-04:00,102.28287555825041,103.00247698001071,100.92058760882114,101.05309295654297,27228000,0.0,0.0
2021-03-19 00:00:00-04:00,101.34241567958058,101.89080056408538,100.13298835879755,101.39949035644531,46298000,0.0,0.0
2021-03-22 00:00:00-04:00,101.3319887863275,102.1334725838893,100.5493531857813,101.17069244384766,39096000,0.0,0.0
2021-03-23 00:00:00-04:00,101.82131558100869,102.84374508381856,101.20196033977746,101.88385009765625,27340000,0.0,0.0
2021-03-24 00:00:00-04:00,102.49974164241104,103.13696071838505,101.31785579766643,101.4917984008789,23080000,0.0,0.0
2021-03-25 00:00:00-04:00,101.47940099339321,102.17716304458992,99.78808357537307,101.45706939697266,28378000,0.0,0.0
2021-03-26 00:00:00-04:00,101.1841011784745,101.78608490659278,99.95134270224546,101.01982879638672,29870000,0.0,0.0
2021-03-29 00:00:00-04:00,100.63918654962447,102.15531926926886,100.03075095540598,102.03224182128906,24596000,0.0,0.0
2021-03-30 00:00:00-04:00,102.11561611154833,102.768222674311,101.4406779549868,102.01189422607422,20732000,0.0,0.0
2021-03-31 00:00:00-04:00,102.18955970581162,103.88717728039907,102.07169220908598,102.6615219116211,29198000,0.0,0.0
2021-04-01 00:00:00-04:00,104.1166056180529,106.34936361659216,104.0639987751281,106.09178924560547,33980000,0.0,0.0
2021-04-05 00:00:00-04:00,106.84564529817908,111.03273971123632,106.78013474476542,110.44911193847656,43298000,0.0,0.0
2021-04-06 00:00:00-04:00,110.29775065496709,111.05011107606593,109.91561459536234,110.40941619873047,27060000,0.0,0.0
2021-04-07 00:00:00-04:00,110.47790474172571,111.91065562912694,110.43820160485271,111.64663696289062,25798000,0.0,0.0
2021-04-08 00:00:00-04:00,113.05010362170559,113.35009968336031,112.0436522746149,112.42876434326172,27166000,0.0,0.0
2021-04-09 00:00:00-04:00,111.99502259379396,113.59998953817454,111.84683440193864,113.44316101074219,20888000,0.0,0.0
2021-04-12 00:00:00-04:00,112.46897052864345,112.91909339865406,111.09006079216573,111.90023803710938,31318000,0.0,0.0
2021-04-13 00:00:00-04:00,112.23174260920688,113.01287887576844,111.96474035408396,112.51958465576172,23310000,0.0,0.0
2021-04-14 00:00:00-04:00,112.91114526151502,113.05158667158682,111.62231173029588,111.90270233154297,20220000,0.0,0.0
2021-04-15 00:00:00-04:00,113.00146588563129,114.47129212057,112.45655683858433,113.97814178466797,27472000,0.0,0.0
2021-04-16 00:00:00-04:00,114.29278070382014,114.46349736190467,113.37218749025212,114.03273010253906,22596000,0.0,0.0
2021-04-19 00:00:00-04:00,113.74589812302007,115.05954726440562,113.54068824671349,114.26302337646484,24688000,0.0,0.0
2021-04-20 00:00:00-04:00,114.5354713587427,114.6203374774806,112.7399399455343,113.8277816772461,21774000,0.0,0.0
2021-04-21 00:00:00-04:00,113.41189002090522,113.91164368230889,112.08782111119336,113.81089782714844,23930000,0.0,0.0
2021-04-22 00:00:00-04:00,113.80791621888578,114.33059968400795,111.98260950784,112.55184173583984,21096000,0.0,0.0
2021-04-23 00:00:00-04:00,113.3235617227495,115.42529878435529,113.06251908106013,114.90321350097656,28670000,0.0,0.0
2021-04-26 00:00:00-04:00,115.13298978738486,116.19155587367531,114.83075977593948,115.47095489501953,20834000,0.0,0.0
2021-04-27 00:00:00-04:00,115.9305194820792,116.00247432469477,114.35582765903801,114.49726867675781,31972000,0.0,0.0
2021-04-28 00:00:00-04:00,119.46126773420414,121.70608135750207,117.85854233793792,118.10965728759766,59728000,0.0,0.0
2021-04-29 00:00:00-04:00,119.6193486193091,120.91909445018301,119.21984098813526,120.5900650024414,39554000,0.0,0.0
2021-04-30 00:00:00-04:00,119.32951100319795,120.45357999007767,119.21387742017966,119.6089096069336,39142000,0.0,0.0
2021-05-03 00:00:00-04:00,119.24167370808205,120.0843525320312,118.33745237153194,118.86698150634766,33788000,0.0,0.0
2021-05-04 00:00:00-04:00,117.60493685466814,118.07739126840382,114.72454003134625,116.8362045288086,35120000,0.0,0.0
2021-05-05 00:00:00-04:00,117.53943763387613,118.22331148805296,116.69527457406797,116.95978546142578,21806000,0.0,0.0
2021-05-06 00:00:00-04:00,116.65705298910346,118.24861640060404,116.24504302548796,118.18112182617188,20618000,0.0,0.0
2021-05-07 00:00:00-04:00,119.10669014834872,119.9210853530202,118.6104122727306,119.04167938232422,23272000,0.0,0.0
2021-05-10 00:00:00-04:00,117.86052553400093,118.01487024218662,115.86747811780978,116.21139526367188,26006000,0.0,0.0
2021-05-11 00:00:00-04:00,113.73994062801565,115.23571829072367,113.30023765378381,114.57865142822266,32110000,0.0,0.0
2021-05-12 00:00:00-04:00,112.2436595911745,113.41785164494686,110.67244374509713,111.1205825805664,34934000,0.0,0.0
2021-05-13 00:00:00-04:00,112.21288252912433,112.98265992012453,111.30122492605189,112.25656127929688,26670000,0.0,0.0
2021-05-14 00:00:00-04:00,113.73844895811682,115.19303925530836,113.31611752602562,114.94589233398438,26624000,0.0,0.0
2021-05-17 00:00:00-04:00,114.60644402584497,115.30222202263761,113.89577072621832,115.2064437866211,19842000,0.0,0.0
2021-05-18 00:00:00-04:00,115.97547008609743,116.28534841840421,114.3007291898265,114.31413269042969,17302000,0.0,0.0
2021-05-19 00:00:00-04:00,112.37715722017664,114.9756642787799,112.33348604170753,114.57616424560547,19350000,0.0,0.0
2021-05-20 00:00:00-04:00,115.53547260371138,117.1384479886681,115.19055585240159,116.92752838134766,23832000,0.0,0.0
2021-05-21 00:00:00-04:00,117.4188295214368,117.56820659332212,116.24662161210094,116.3821029663086,22832000,0.0,0.0
2021-05-24 00:00:00-04:00,117.46896653672783,120.0238100181119,117.12703339736446,119.43770599365234,21244000,0.0,0.0
2021-05-25 00:00:00-04:00,120.09923365607258,120.7389364994994,119.25506307653886,119.55680084228516,18838000,0.0,0.0
2021-05-26 00:00:00-04:00,119.74364968862118,121.23789760351696,119.72776994891755,120.77069854736328,21856000,0.0,0.0
2021-05-27 00:00:00-04:00,120.93992810290065,121.09178899580758,119.20593175102528,119.23124694824219,38962000,0.0,0.0
2021-05-28 00:00:00-04:00,120.19650739692102,120.50320522425173,119.4883179494514,119.68038177490234,24108000,0.0,0.0
2021-06-01 00:00:00-04:00,120.19848657292914,120.99109532079021,119.34886373038158,120.5860824584961,19166000,0.0,0.0
2021-06-02 00:00:00-04:00,120.85904326166703,121.19104871890133,119.31511906311083,120.16276550292969,17158000,0.0,0.0
2021-06-03 00:00:00-04:00,118.85953421263468,119.5903051465207,118.25457443598461,119.33546447753906,18346000,0.0,0.0
2021-06-04 00:00:00-04:00,120.22429307319887,121.77957607490026,119.98855808129123,121.67540740966797,25948000,0.0,0.0
2021-06-07 00:00:00-04:00,121.65357653961168,122.48136758049505,121.1450386821504,122.3865737915039,23850000,0.0,0.0
2021-06-08 00:00:00-04:00,123.07194458762119,123.79625609948549,122.49328444293478,123.21834564208984,25060000,0.0,0.0
2021-06-09 00:00:00-04:00,124.04464589132988,124.31760022070551,123.44067811638156,123.64266204833984,20126000,0.0,0.0
2021-06-10 00:00:00-04:00,123.77219414784972,125.22380839233001,123.77169435630734,125.14142608642578,31234000,0.0,0.0
2021-06-11 00:00:00-04:00,125.30618154477034,125.40891141702494,123.9845889238439,124.76077270507812,25240000,0.0,0.0
2021-06-14 00:00:00-04:00,124.7339778092754,125.47045091033763,124.11610675138665,125.41139221191406,22550000,0.0,0.0
2021-06-15 00:00:00-04:00,125.5801304249436,125.91759571465805,124.7131284513778,125.09476470947266,22182000,0.0,0.0
2021-06-16 00:00:00-04:00,125.30766577409084,125.58161210010309,123.22573124814696,124.76077270507812,26316000,0.0,0.0
2021-06-17 00:00:00-04:00,124.58857288727816,126.24961492715705,124.58062923082278,125.43025970458984,25756000,0.0,0.0
2021-06-18 00:00:00-04:00,124.76969410292097,125.44810802755886,123.6754006595173,124.63272094726562,53306000,0.0,0.0
2021-06-21 00:00:00-04:00,124.80394487361677,126.09104431612481,124.20270326086137,125.51362609863281,26256000,0.0,0.0
2021-06-22 00:00:00-04:00,125.50866066639675,126.3225560078602,125.08831328217012,126.05406951904297,20984000,0.0,0.0
2021-06-23 00:00:00-04:00,125.60792271224543,126.84464168187691,125.31213700392834,125.52008056640625,19694000,0.0,0.0
2021-06-24 00:00:00-04:00,126.10767331468526,126.58608740490347,126.01487111332045,126.33447265625,18934000,0.0,0.0
2021-06-25 00:00:00-04:00,126.01187958261613,126.55579658772082,125.50269808508402,126.04959869384766,33484000,0.0,0.0
2021-06-28 00:00:00-04:00,126.0545721620701,126.38906142919231,125.03601217104567,125.87541961669922,28110000,0.0,0.0
2021-06-29 00:00:00-04:00,125.82875277684965,126.05456008255973,124.5031921798266,125.08036804199219,20950000,0.0,0.0
2021-06-30 00:00:00-04:00,124.71813689009969,124.86350048989563,123.82875792025006,124.38310241699219,24006000,0.0,0.0
2021-07-01 00:00:00-04:00,123.92031801243162,125.521066877901,123.92031801243162,125.42776489257812,17120000,0.0,0.0
2021-07-02 00:00:00-04:00,125.89527048670863,127.88882535604333,125.82529209832487,127.76077270507812,21160000,0.0,0.0
2021-07-06 00:00:00-04:00,128.48582234285692,128.91759676004108,127.45307136920687,128.804931640625,21350000,0.0,0.0
2021-07-07 00:00:00-04:00,129.3706885083143,129.66735260804575,128.7940048792825,129.10914611816406,16680000,0.0,0.0
2021-07-08 00:00:00-04:00,127.29526152692544,129.06449317652755,127.0868181774975,128.21536254882812,19780000,0.0,0.0
2021-07-09 00:00:00-04:00,127.98460923107149,128.88287097720044,127.98360964794479,128.6099090576172,15106000,0.0,0.0
2021-07-12 00:00:00-04:00,128.86694943897913,129.79648577394767,128.63519766712272,129.59201049804688,16944000,0.0,0.0
2021-07-13 00:00:00-04:00,129.90715231324896,131.05902011419028,129.66446570957683,130.01931762695312,16618000,0.0,0.0
2021-07-14 00:00:00-04:00,130.91957558587723,132.00592537663516,130.91609219071105,131.09922790527344,17912000,0.0,0.0
2021-07-15 00:00:00-04:00,131.51362929765733,131.60792330009033,129.62579551846136,130.289306640625,16586000,0.0,0.0
2021-07-16 00:00:00-04:00,130.66103771755706,131.19899517893398,129.84763452560404,130.864013671875,14856000,0.0,0.0
2021-07-19 00:00:00-04:00,130.17914299266687,130.2699536013308,127.58013610301062,128.2917938232422,25710000,0.0,0.0
2021-07-20 00:00:00-04:00,129.0362006131755,131.01867661921682,128.2266746845982,130.1255340576172,19084000,0.0,0.0
2021-07-21 00:00:00-04:00,129.8133812095096,131.630002229733,129.62926104191178,131.61337280273438,14742000,0.0,0.0
2021-07-22 00:00:00-04:00,131.66249131969906,132.51063745167286,131.41435242528183,132.33595275878906,13608000,0.0,0.0
2021-07-23 00:00:00-04:00,134.25306715065287,137.77515838675583,133.6977382204893,136.7900390625,26378000,0.0,0.0
2021-07-26 00:00:00-04:00,137.22083025286332,138.67293674760154,136.62629033737147,138.60494995117188,23052000,0.0,0.0
2021-07-27 00:00:00-04:00,138.96869983262025,138.96869983262025,134.09426389918332,135.7781219482422,42164000,0.0,0.0
2021-07-28 00:00:00-04:00,137.5305054990594,138.63621102287615,135.33498176489556,135.36624145507812,54688000,0.0,0.0
2021-07-29 00:00:00-04:00,135.36532608083013,136.13049168789192,135.12453260498444,135.52403259277344,19284000,0.0,0.0
2021-07-30 00:00:00-04:00,134.50222036897907,134.76062774466303,133.81059973728387,134.21437072753906,23954000,0.0,0.0
2021-08-02 00:00:00-04:00,134.47592731143425,135.00793275281947,133.6669918875362,134.9771728515625,20140000,0.0,0.0
2021-08-03 00:00:00-04:00,134.9875885178843,135.32058602046288,133.18461309186114,135.2655029296875,19064000,0.0,0.0
2021-08-04 00:00:00-04:00,135.2352017649398,135.52155199803,134.40691096006853,135.01585388183594,16528000,0.0,0.0
2021-08-05 00:00:00-04:00,135.01586446484032,135.93049810751398,134.59055701913545,135.9205780029297,11866000,0.0,0.0
2021-08-06 00:00:00-04:00,135.2803727982421,136.05957806717294,135.03371811088556,136.01585388183594,13560000,0.0,0.0
2021-08-09 00:00:00-04:00,135.9295002965452,137.29178041771095,135.41312482703896,136.9746551513672,12374000,0.0,0.0
2021-08-10 00:00:00-04:00,137.0515791788081,137.5200655428445,136.20493240279666,137.06845092773438,16034000,0.0,0.0
2021-08-11 00:00:00-04:00,137.2535620141227,137.8141008472948,136.32750903110934,136.6644744873047,15204000,0.0,0.0
2021-08-12 00:00:00-04:00,136.68780590456788,137.38755941541558,135.76076843083266,137.35926818847656,14646000,0.0,0.0
2021-08-13 00:00:00-04:00,137.32750954817215,137.6416512145234,136.97764036321507,137.3756561279297,12580000,0.0,0.0
2021-08-16 00:00:00-04:00,136.97268508047947,137.9558053111823,135.15209598719215,137.88186645507812,18040000,0.0,0.0
2021-08-17 00:00:00-04:00,137.16225519517317,137.6858398225813,135.7692150619872,136.2783966064453,21272000,0.0,0.0
2021-08-18 00:00:00-04:00,136.0947704339761,137.2645098535987,135.40545186150632,135.5533447265625,14934000,0.0,0.0
2021-08-19 00:00:00-04:00,134.4590371662506,136.42876103166415,134.3483712047834,135.89427185058594,18296000,0.0,0.0
2021-08-20 00:00:00-04:00,136.06250877941264,137.58261719856523,135.45109711962536,137.40643310546875,15564000,0.0,0.0
2021-08-23 00:00:00-04:00,137.96376053873252,141.118596222067,137.71507638215348,140.0491180419922,21090000,0.0,0.0
2021-08-24 00:00:00-04:00,140.48979390010297,141.94289975608652,140.3012059161673,141.3384246826172,15126000,0.0,0.0
2021-08-25 00:00:00-04:00,141.81931592417553,142.24612270313696,141.3791207916212,141.8858184814453,12838000,0.0,0.0
2021-08-26 00:00:00-04:00,141.55681248447502,142.0692654336104,141.0337427509282,141.06500244140625,14922000,0.0,0.0
2021-08-27 00:00:00-04:00,141.05455700817544,143.9314778848446,140.9627468292163,143.4744110107422,24562000,0.0,0.0
2021-08-30 00:00:00-04:00,143.62727690399632,145.39899249183404,143.52356258601995,144.38658142089844,16916000,0.0,0.0
2021-08-31 00:00:00-04:00,144.79852110481923,145.02432089840644,143.92059927003027,144.37916564941406,26756000,0.0,0.0
2021-09-01 00:00:00-04:00,144.56571461636665,145.72750262261448,144.53048688983122,144.75628662109375,15824000,0.0,0.0
2021-09-02 00:00:00-04:00,144.86301810866368,145.235726330188,143.03375058815698,143.14540100097656,21844000,0.0,0.0
2021-09-03 00:00:00-04:00,143.07291979778907,144.29475856360895,142.43670036333523,143.69723510742188,19104000,0.0,0.0
2021-09-07 00:00:00-04:00,143.671927181134,144.73843680455298,143.46498321012623,144.43569946289062,15170000,0.0,0.0
2021-09-08 00:00:00-04:00,144.31112955567522,144.4674582777872,143.12651769194417,143.804931640625,15486000,0.0,0.0
2021-09-09 00:00:00-04:00,143.80494133781696,144.5850856264939,143.35879409827888,143.834716796875,14798000,0.0,0.0
2021-09-10 00:00:00-04:00,144.36077090628712,144.9319871932157,140.6863338441148,140.864501953125,32896000,0.0,0.0
2021-09-13 00:00:00-04:00,142.1349608654094,143.1175812330166,141.22329574475413,142.39698791503906,20176000,0.0,0.0
2021-09-14 00:00:00-04:00,143.08782449007745,143.6501051395684,141.84167753537946,142.3384552001953,18916000,0.0,0.0
2021-09-15 00:00:00-04:00,142.6888265537165,144.49775397894243,141.1970093054795,144.1250457763672,20648000,0.0,0.0
2021-09-16 00:00:00-04:00,144.04066949136612,144.11907617712964,142.34870864401105,143.29873657226562,20292000,0.0,0.0
2021-09-17 00:00:00-04:00,142.72800940533847,143.1756560121104,140.01138501348882,140.410400390625,60040000,0.0,0.0
2021-09-20 00:00:00-04:00,137.96544183583563,138.32504942545316,136.0327327840215,137.98211669921875,34918000,0.0,0.0
2021-09-21 00:00:00-04:00,139.07395110091687,139.76337575953227,137.8714676400947,138.60694885253906,18130000,0.0,0.0
2021-09-22 00:00:00-04:00,139.0079228344863,140.52950023951982,138.43348064115207,139.88931274414062,22068000,0.0,0.0
2021-09-23 00:00:00-04:00,140.5553264089548,141.1934996782214,140.04614480341232,140.77072143554688,17272000,0.0,0.0
2021-09-24 00:00:00-04:00,139.8967444234875,141.83967630216847,139.80195063589665,141.57118225097656,14950000,0.0,0.0
2021-09-27 00:00:00-04:00,140.5314907980103,141.4391879578278,139.45407654789338,140.4476318359375,18844000,0.0,0.0
2021-09-28 00:00:00-04:00,138.05306952694917,138.56721865508587,134.68979090269482,135.17019653320312,42190000,0.0,0.0
2021-09-29 00:00:00-04:00,136.08900522770074,136.37565838188394,133.25059831773436,133.5195770263672,26338000,0.0,0.0
2021-09-30 00:00:00-04:00,133.32501359051508,134.5805956835626,132.0098805911088,132.27340698242188,35294000,0.0,0.0
2021-10-01 00:00:00-04:00,132.56028322993208,136.0506001030267,132.38459893425915,135.44662475585938,28388000,0.0,0.0
2021-10-04 00:00:00-04:00,134.68930385428592,134.68980364581515,130.1900593467162,132.7692108154297,31530000,0.0,0.0
2021-10-05 00:00:00-04:00,133.00247319288394,136.33944520730083,133.00247319288394,135.16326904296875,24126000,0.0,0.0
2021-10-06 00:00:00-04:00,133.62330864718834,136.82579101308863,133.48533589520042,136.3314971923828,19764000,0.0,0.0
2021-10-07 00:00:00-04:00,137.82925928825028,139.11108818353836,137.5314895695696,138.14935302734375,18250000,0.0,0.0
2021-10-08 00:00:00-04:00,138.86448941748162,139.27242528559856,138.391383768763,139.01336669921875,18924000,0.0,0.0
2021-10-11 00:00:00-04:00,138.7592665718013,139.7157462492968,137.77316289188025,137.81385803222656,16584000,0.0,0.0
2021-10-12 00:00:00-04:00,138.59799542329478,138.65507767555934,135.2357159726475,135.6952667236328,22536000,0.0,0.0
2021-10-13 00:00:00-04:00,136.72455104413717,137.51859865274355,135.9568106452077,136.87342834472656,16380000,0.0,0.0
2021-10-14 00:00:00-04:00,138.91013041944825,140.596987181638,138.30170246887008,140.35926818847656,21426000,0.0,0.0
2021-10-15 00:00:00-04:00,141.14143180653514,141.14143180653514,140.0143866336172,140.62034606933594,21250000,0.0,0.0
2021-10-18 00:00:00-04:00,140.16226660616186,141.93422450504897,140.16226660616186,141.89625549316406,16564000,0.0,0.0
2021-10-19 00:00:00-04:00,142.22478970678895,143.03420961917612,142.03073429668837,142.7513427734375,15316000,0.0,0.0
2021-10-20 00:00:00-04:00,143.14888279174716,143.17394809711126,140.85558152072446,141.35482788085938,17940000,0.0,0.0
2021-10-21 00:00:00-04:00,141.13348557491108,141.78609217845622,140.58260926971855,141.7176055908203,14850000,0.0,0.0
2021-10-22 00:00:00-04:00,139.30618190197518,140.50469714101166,136.14936227881165,137.59303283691406,30182000,0.0,0.0
2021-10-25 00:00:00-04:00,137.77715609659143,138.16950760323758,135.73050972700017,137.73992919921875,21082000,0.0,0.0
2021-10-26 00:00:00-04:00,139.55928535661496,139.7910371703666,137.97069043462946,138.63223266601562,28258000,0.0,0.0
2021-10-27 00:00:00-04:00,138.8610134066124,148.00790989234184,138.8610134066124,145.3374481201172,51850000,0.0,0.0
2021-10-28 00:00:00-04:00,146.20244117156471,146.32701041121462,143.68582448151446,145.04115295410156,32418000,0.0,0.0
2021-10-29 00:00:00-04:00,144.43671977638132,147.5066970726242,144.08585094848013,147.16673278808594,28954000,0.0,0.0
2021-11-01 00:00:00-04:00,147.06200817568674,147.29477472394305,142.5106489949172,142.70370483398438,32272000,0.0,0.0
2021-11-02 00:00:00-04:00,143.73138470049585,145.82676809614077,143.56424230998508,144.7771453857422,21150000,0.0,0.0
2021-11-03 00:00:00-04:00,145.18606956082002,145.81685187394913,143.97366624427914,145.69723510742188,17886000,0.0,0.0
2021-11-04 00:00:00-04:00,146.10419482875912,148.83372298167316,145.54339843956512,147.57615661621094,24700000,0.0,0.0
2021-11-05 00:00:00-04:00,148.24165515956287,149.44984808403348,147.54536988479148,148.12998962402344,20408000,0.0,0.0
2021-11-08 00:00:00-05:00,148.88335598034308,149.91015497991577,148.00990211212832,148.23968505859375,18388000,0.0,0.0
2021-11-09 00:00:00-05:00,148.63126050963282,149.25904416707775,146.40892968588474,148.13746643066406,16876000,0.0,0.0
2021-11-10 00:00:00-05:00,146.90791180091054,147.59301993563162,144.24314466659487,145.5344696044922,22708000,0.0,0.0
2021-11-11 00:00:00-05:00,146.01188442531517,147.39674617543128,145.60246429068016,145.6555633544922,12464000,0.0,0.0
2021-11-12 00:00:00-05:00,146.73097246607614,148.7438749929474,145.36372477772395,148.53146362304688,17048000,0.0,0.0
2021-11-15 00:00:00-05:00,148.88335301950136,149.35680704972827,147.54588059669535,148.27590942382812,16248000,0.0,0.0
2021-11-16 00:00:00-05:00,148.0600112396068,148.71708556640772,147.24562376235107,147.96621704101562,17254000,0.0,0.0
2021-11-17 00:00:00-05:00,148.11808045681914,148.5121281720986,147.45703807735867,147.9523162841797,15290000,0.0,0.0
2021-11-18 00:00:00-05:00,148.0356986810806,150.48136024573412,147.8893052064059,149.58706665039062,26658000,0.0,0.0
2021-11-19 00:00:00-05:00,149.87591488881927,150.7195933154781,148.77169361266823,148.83621215820312,19766000,0.0,0.0
2021-11-22 00:00:00-05:00,149.02404047399503,149.6223060338657,145.91112703556922,145.9835968017578,24608000,0.0,0.0
2021-11-23 00:00:00-05:00,146.0178423356301,146.5945108538756,143.81088423922463,145.66448974609375,18126000,0.0,0.0
2021-11-24 00:00:00-05:00,145.2605177458322,145.9056728261003,144.11808528386723,145.62527465820312,16464000,0.0,0.0
2021-11-26 00:00:00-05:00,143.93595956453348,144.2153581696764,141.4247949329026,141.74290466308594,16992000,0.0,0.0
2021-11-29 00:00:00-05:00,143.2242698340789,145.76869301946053,143.2242698340789,145.02626037597656,26276000,0.0,0.0
2021-11-30 00:00:00-05:00,144.3674654962989,145.5369321292023,141.0083972344099,141.3915252685547,41590000,0.0,0.0
2021-12-01 00:00:00-05:00,143.1389347162511,145.40856383692665,140.44663340256741,140.56375122070312,28476000,0.0,0.0
2021-12-02 00:00:00-05:00,140.7682125267617,143.5979865232936,139.93247027965248,142.7061767578125,21250000,0.0,0.0
2021-12-03 00:00:00-05:00,143.41980640575323,144.13196378767438,140.0992071512852,141.45950317382812,26688000,0.0,0.0
2021-12-06 00:00:00-05:00,142.50519631080022,143.27690472810082,139.5999838556392,142.7260284423828,22198000,0.0,0.0
2021-12-07 00:00:00-05:00,144.86349407765914,147.19600591306414,144.61783897753403,146.93446350097656,23258000,0.0,0.0
2021-12-08 00:00:00-05:00,147.22727637343118,148.04613181549928,146.10419933103717,147.61338806152344,18964000,0.0,0.0
2021-12-09 00:00:00-05:00,147.07291950566426,148.49128236414427,146.43074800122318,147.00344848632812,18580000,0.0,0.0
2021-12-10 00:00:00-05:00,147.99006124835097,148.28781584283692,146.26052506185502,147.56822204589844,21634000,0.0,0.0
2021-12-13 00:00:00-05:00,147.338918061026,147.45653565277846,145.2704326336793,145.61236572265625,24104000,0.0,0.0
2021-12-14 00:00:00-05:00,143.69228849037063,144.35928299228624,141.18359252577474,143.89129638671875,24778000,0.0,0.0
2021-12-15 00:00:00-05:00,143.29128780502376,146.41907398342383,141.64315712757917,146.2714385986328,27280000,0.0,0.0
2021-12-16 00:00:00-05:00,146.97465547461675,147.44562566406887,143.019820486314,143.76026916503906,27400000,0.0,0.0
2021-12-17 00:00:00-05:00,141.65207179881864,143.3846823161123,140.73247059252884,141.7399139404297,43404000,0.0,0.0
2021-12-20 00:00:00-05:00,139.63232535587696,141.5488591690118,139.2059274786564,141.34141540527344,20264000,0.0,0.0
2021-12-21 00:00:00-05:00,142.08433946520867,143.61491314947824,140.67987984257488,143.14688110351562,19548000,0.0,0.0
2021-12-22 00:00:00-05:00,143.0272818136254,146.2064254697476,142.89129308083713,145.85507202148438,18438000,0.0,0.0
2021-12-23 00:00:00-05:00,145.9945199793773,147.4665878505096,145.8569107046352,146.04713439941406,13818000,0.0,0.0
2021-12-27 00:00:00-05:00,146.3657069607871,147.32153534994615,146.1537953951153,146.96173095703125,13256000,0.0,0.0
2021-12-28 00:00:00-05:00,147.2699449731051,147.2699449731051,144.84910634367543,145.3577880859375,18624000,0.0,0.0
2021-12-29 00:00:00-05:00,145.33945599627526,146.08808322267132,144.42133883885356,145.4138946533203,17022000,0.0,0.0
2021-12-30 00:00:00-05:00,145.35976682324556,145.96771016662103,144.67341679621362,144.9156036376953,12978000,0.0,0.0
2021-12-31 00:00:00-05:00,144.4605290859402,145.27541644485942,143.6004787476641,143.6024627685547,17298000,0.0,0.0
2022-01-03 00:00:00-05:00,143.39996697611252,144.4664766151235,142.43421833382604,143.9945068359375,25214000,0.0,0.0
2022-01-04 00:00:00-05:00,144.4669915447545,145.51859841995093,142.74554281924932,143.3414306640625,22928000,0.0,0.0
2022-01-05 00:00:00-05:00,143.1076725930679,143.2238059713416,136.49973183392765,136.62876892089844,49642000,0.0,0.0
2022-01-06 00:00:00-05:00,136.47392425130153,138.6461394172011,135.7453947927287,136.5270233154297,29050000,0.0,0.0
2022-01-07 00:00:00-05:00,136.8783824200505,137.22552547895285,134.77813738055747,135.98458862304688,19408000,0.0,0.0
2022-01-10 00:00:00-05:00,134.0932822986299,137.6079224155674,132.14936582642554,137.54241943359375,34096000,0.0,0.0
2022-01-11 00:00:00-05:00,137.15184349802993,139.28484782473163,135.7950305964755,138.9751739501953,23502000,0.0,0.0
2022-01-12 00:00:00-05:00,140.5007264921033,141.75109886568754,140.06151575997302,140.59352111816406,23642000,0.0,0.0
2022-01-13 00:00:00-05:00,140.7845933770484,142.11958197417889,137.879880763518,138.0952606201172,26566000,0.0,0.0
2022-01-14 00:00:00-05:00,136.47641759982045,140.14937069048963,136.47641759982045,138.7458953857422,23826000,0.0,0.0
2022-01-18 00:00:00-05:00,135.5831146211295,136.36871118932217,134.60743067217714,135.27590942382812,27382000,0.0,0.0
2022-01-19 00:00:00-05:00,135.91908788899167,137.36921022886403,134.49128956976696,134.64215087890625,20796000,0.0,0.0
2022-01-20 00:00:00-05:00,135.49775273533527,136.88534059937749,132.15332960815354,132.51263427734375,21930000,0.0,0.0
2022-01-21 00:00:00-05:00,132.0217956182451,133.7572836455229,129.03322435158418,129.12353515625,41920000,0.0,0.0
2022-01-24 00:00:00-05:00,125.08928828805531,129.80492663339794,123.71405910571403,129.4014434814453,55148000,0.0,0.0
2022-01-25 00:00:00-05:00,127.47938717730084,128.37566484254896,125.43720112277326,125.79203796386719,36008000,0.0,0.0
2022-01-26 00:00:00-05:00,129.6203178710907,131.81882492229508,126.20692371706731,128.27789306640625,39630000,0.0,0.0
2022-01-27 00:00:00-05:00,130.3830741247074,131.62273861314753,127.98507484414395,128.15975952148438,30248000,0.0,0.0
2022-01-28 00:00:00-05:00,129.03222468109425,132.37763191206795,127.73644713463236,132.2972412109375,30518000,0.0,0.0
2022-01-31 00:00:00-05:00,133.1989906027417,134.832248794696,131.28931739538163,134.68832397460938,34056000,0.0,0.0
2022-02-01 00:00:00-05:00,136.80890223167307,137.17117531802901,133.56646723761187,136.85206604003906,51204000,0.0,0.0
2022-02-02 00:00:00-05:00,150.73296985374967,150.96772041182237,144.47391416763952,146.93446350097656,89750000,0.0,0.0
2022-02-03 00:00:00-05:00,144.21337624420445,148.0076269256047,141.14638281645216,141.58856201171875,56930000,0.0,0.0
2022-02-04 00:00:00-05:00,141.95230890057064,143.45925581073507,138.7766341064289,141.95132446289062,49224000,0.0,0.0
2022-02-07 00:00:00-05:00,142.63919674097176,142.77567013026248,137.66649778716362,137.90371704101562,44610000,0.0,0.0
2022-02-08 00:00:00-05:00,137.95656098774955,138.79610473280962,135.85407435024604,138.17665100097656,34256000,0.0,0.0
2022-02-09 00:00:00-05:00,139.80122845046282,141.11711907339395,139.3319998922577,140.39999389648438,28628000,0.0,0.0
2022-02-10 00:00:00-05:00,138.461534726937,140.37815974309206,137.02233183946038,137.57070922851562,33018000,0.0,0.0
2022-02-11 00:00:00-05:00,137.71710270951854,138.24638194353167,132.2962577204164,133.13150024414062,38808000,0.0,0.0
2022-02-14 00:00:00-05:00,132.37267748599484,135.15283598369206,132.30965831855778,134.29278564453125,26792000,0.0,0.0
2022-02-15 00:00:00-05:00,136.44810004456917,136.87340744199346,134.53049103791437,135.40989685058594,26578000,0.0,0.0
2022-02-16 00:00:00-05:00,135.41485121760454,136.91907211715204,133.81997117282248,136.4639892578125,25610000,0.0,0.0
2022-02-17 00:00:00-05:00,135.13644153659638,135.82080754578618,131.2178338894028,131.32354736328125,30968000,0.0,0.0
2022-02-18 00:00:00-05:00,132.0471059364099,132.8277498533661,129.3369793565578,129.49623107910156,31858000,0.0,0.0
2022-02-22 00:00:00-05:00,129.01733104431148,130.91882547825418,126.79003316584843,128.4391632080078,38906000,0.0,0.0
2022-02-23 00:00:00-05:00,130.10272420237408,130.76821937820853,126.55433288244461,126.63522338867188,26432000,0.0,0.0
2022-02-24 00:00:00-05:00,124.06945343759381,132.04662556021043,123.83571004042228,131.68582153320312,43166000,0.0,0.0
2022-02-25 00:00:00-05:00,132.5314781427655,134.38111553073816,130.78408597498338,133.51808166503906,26236000,0.0,0.0
2022-02-28 00:00:00-05:00,132.292293746533,134.63075782305722,131.83646870873483,133.8868408203125,29676000,0.0,0.0
2022-03-01 00:00:00-05:00,133.47887855867887,135.09773354018446,132.3855770645595,133.16920471191406,24640000,0.0,0.0
2022-03-02 00:00:00-05:00,133.6061994300965,134.6059492319575,132.43920118385574,133.74838256835938,23966000,0.0,0.0
2022-03-03 00:00:00-05:00,134.96623245822585,135.6960643904196,132.43769626582628,133.30816650390625,19780000,0.0,0.0
2022-03-04 00:00:00-05:00,132.38957270479813,133.19999228219936,129.4376977705169,131.13844299316406,24446000,0.0,0.0
2022-03-07 00:00:00-05:00,130.922069039704,130.922069039704,125.46896495743786,125.52305603027344,39178000,0.0,0.0
2022-03-08 00:00:00-05:00,125.31064659792504,130.2694566477041,124.9237928357571,126.33099365234375,35250000,0.0,0.0
2022-03-09 00:00:00-05:00,130.42181526683854,133.19949007640952,129.11958567871105,132.8694610595703,32258000,0.0,0.0
2022-03-10 00:00:00-05:00,130.4838555684289,132.54440532495585,130.42282041654835,131.6942901611328,24266000,0.0,0.0
2022-03-11 00:00:00-05:00,133.00198019809312,133.20098812481365,129.32654308572353,129.50421142578125,26600000,0.0,0.0
2022-03-14 00:00:00-04:00,129.60097481909315,130.05060546372556,125.47194700210257,125.79750061035156,30254000,0.0,0.0
2022-03-15 00:00:00-04:00,126.79054616465082,129.54562410114278,125.62578206944592,128.6952667236328,30292000,0.0,0.0
2022-03-16 00:00:00-04:00,130.02480476893277,132.77517290714133,128.23920095215607,132.69528198242188,32058000,0.0,0.0
2022-03-17 00:00:00-04:00,132.32851000495455,133.7364529709757,131.73098654036724,133.59848022460938,23994000,0.0,0.0
2022-03-18 00:00:00-04:00,132.8873195276815,135.89426205846607,131.94241069527084,135.78309631347656,45900000,0.0,0.0
2022-03-21 00:00:00-04:00,135.8287654682813,136.55829449037427,133.60940336052556,135.46250915527344,26632000,0.0,0.0
2022-03-22 00:00:00-04:00,135.48384016666185,140.4466181947447,135.48384016666185,139.23321533203125,29776000,0.0,0.0
2022-03-23 00:00:00-04:00,138.1026945773964,138.98258501724257,137.13793046033973,137.472412109375,25302000,0.0,0.0
2022-03-24 00:00:00-04:00,138.23571788850012,140.34389912974618,137.01178901991855,140.26002502441406,20544000,0.0,0.0
2022-03-25 00:00:00-04:00,140.69873918568095,140.90271471411023,138.65952912852086,140.4679718017578,19270000,0.0,0.0
2022-03-28 00:00:00-04:00,139.63718274744636,140.91957197695686,138.78721917051678,140.8932647705078,23774000,0.0,0.0
2022-03-29 00:00:00-04:00,142.0947671698026,143.08930681887722,141.42328971717996,142.18359375,28678000,0.0,0.0
2022-03-30 00:00:00-04:00,141.80642681901773,142.41238618826154,141.109656842976,141.58261108398438,21046000,0.0,0.0
2022-03-31 00:00:00-04:00,141.38806838856462,141.58260845238024,138.57963380751463,138.6099090576172,29516000,0.0,0.0
2022-04-01 00:00:00-04:00,138.96772201512198,139.90072682260734,137.76375446153696,139.652587890625,23480000,0.0,0.0
2022-04-04 00:00:00-04:00,139.77613592513214,142.97142397126512,139.77613592513214,142.5731658935547,19076000,0.0,0.0
2022-04-05 00:00:00-04:00,142.33200221989182,142.52107487982641,139.89427648093854,140.0128936767578,19256000,0.0,0.0
2022-04-06 00:00:00-04:00,138.12552365688512,138.8074058329786,135.40255365661812,136.15480041503906,23574000,0.0,0.0
2022-04-07 00:00:00-04:00,135.60095756573014,136.67640282921894,133.85332304271896,135.4490966796875,19448000,0.0,0.0
2022-04-08 00:00:00-04:00,135.23570875849643,135.23570875849643,132.7568034193475,133.01287841796875,16434000,0.0,0.0
2022-04-11 00:00:00-04:00,131.91062724227177,131.94953525041362,128.65256242035963,128.83023071289062,24188000,0.0,0.0
2022-04-12 00:00:00-04:00,131.437700411594,131.437700411594,126.62629029398762,127.4188461303711,23004000,0.0,0.0
2022-04-13 00:00:00-04:00,127.66896991451473,129.6831147975933,127.48247193280024,129.3161163330078,19542000,0.0,0.0
2022-04-14 00:00:00-04:00,129.67690954398194,129.73720257654543,126.16524553120074,126.3056869506836,23484000,0.0,0.0
2022-04-18 00:00:00-04:00,126.46152213425574,127.75383156115618,125.63616186935936,127.00841522216797,14918000,0.0,0.0
2022-04-19 00:00:00-04:00,127.12356897004463,129.92927785987695,126.50272935704598,129.55931091308594,22720000,0.0,0.0
2022-04-20 00:00:00-04:00,130.30667265754636,130.94140787669275,126.94196261557961,127.2907943725586,22610000,0.0,0.0
2022-04-21 00:00:00-04:00,128.3870892297922,129.33745043299507,123.72207277353803,124.00743103027344,30158000,0.0,0.0
2022-04-22 00:00:00-04:00,124.06945514766316,124.51809375058207,118.25357827603916,118.72354888916016,46410000,0.0,0.0
2022-04-25 00:00:00-04:00,118.54042678238903,122.36028045188054,117.88509406779022,122.33248901367188,34522000,0.0,0.0
2022-04-26 00:00:00-04:00,121.83620195877269,121.83620195877269,118.27476349821964,118.61634826660156,49394000,0.0,0.0
2022-04-27 00:00:00-04:00,113.52156674047187,116.62528712088584,112.28211410279226,114.16424560546875,62238000,0.0,0.0
2022-04-28 00:00:00-04:00,116.24315487819466,119.54191521421045,114.28672854739176,118.5225601196289,36790000,0.0,0.0
2022-04-29 00:00:00-04:00,116.70271177765589,118.07441987705411,113.84017860145767,114.11064910888672,33694000,0.0,0.0
2022-05-02 00:00:00-04:00,113.05854526741946,116.46598758247436,112.55531578188786,116.28484344482422,30280000,0.0,0.0
2022-05-03 00:00:00-04:00,115.89575511464756,118.411887219082,115.75878195591723,117.2500991821289,21216000,0.0,0.0
2022-05-04 00:00:00-04:00,117.12504284413512,122.2262785018127,114.8769048965248,121.66250610351562,33232000,0.0,0.0
2022-05-05 00:00:00-04:00,119.32553296831163,120.33074999731035,114.32504320659723,115.87739562988281,43090000,0.0,0.0
2022-05-06 00:00:00-04:00,114.65903919632449,116.62380302401284,113.29328309746134,114.79899597167969,35310000,0.0,0.0
2022-05-09 00:00:00-04:00,112.46002063431037,114.70260017288746,111.71361991439238,112.24215698242188,34520000,0.0,0.0
2022-05-10 00:00:00-04:00,115.1766534784488,115.82231597225426,112.53923846850854,113.73149871826172,31158000,0.0,0.0
2022-05-11 00:00:00-04:00,112.86400923317011,115.8024654597424,112.80395852195956,113.11264038085938,36502000,0.0,0.0
2022-05-12 00:00:00-04:00,111.10470071914486,114.00146967224408,109.29378185929983,112.31859588623047,41464000,0.0,0.0
2022-05-13 00:00:00-04:00,113.99055094754328,117.20593702410864,113.15134796410668,115.64812469482422,29738000,0.0,0.0
2022-05-16 00:00:00-04:00,114.52504614697118,115.73943352681172,113.48385167438236,113.93795013427734,23282000,0.0,0.0
2022-05-17 00:00:00-04:00,116.3548260593905,116.3548260593905,114.47889636271154,115.8327407836914,21576000,0.0,0.0
2022-05-18 00:00:00-04:00,114.37964107756378,114.83437565155293,111.30718016760673,111.56425476074219,27982000,0.0,0.0
2022-05-19 00:00:00-04:00,111.00842338816487,112.741920008228,109.64564334675333,109.92107391357422,29192000,0.0,0.0
2022-05-20 00:00:00-04:00,111.25109663511402,111.71213914916441,105.58112108606554,108.49923706054688,37586000,0.0,0.0
2022-05-23 00:00:00-04:00,109.28433696899042,111.17168590606096,108.34166208341611,110.835205078125,31558000,0.0,0.0
2022-05-24 00:00:00-04:00,105.58558998260682,105.6029539511262,101.4471270014987,105.137451171875,60386000,0.0,0.0
2022-05-25 00:00:00-04:00,104.35929546537187,105.75155573668884,103.43547619584254,105.05160522460938,37900000,0.0,0.0
2022-05-26 00:00:00-04:00,105.26101721995352,108.14414771940906,104.70270469181337,107.48979949951172,30288000,0.0,0.0
2022-05-27 00:00:00-04:00,108.971202525864,112.02777619515817,108.73448307343126,111.95929718017578,29924000,0.0,0.0
2022-05-31 00:00:00-04:00,112.23721089180535,115.56673888073168,111.734481176105,113.1900634765625,51302000,0.0,0.0
2022-06-01 00:00:00-04:00,114.07591837026041,116.52504834118835,112.70519465135733,113.2873306274414,28630000,0.0,0.0
2022-06-02 00:00:00-04:00,113.33794934994897,117.02032994413179,112.4644955216671,116.86946105957031,27472000,0.0,0.0
2022-06-03 00:00:00-04:00,115.12900651225891,115.49823883363,112.82180997462731,113.71114349365234,25052000,0.0,0.0
2022-06-06 00:00:00-04:00,115.87343213288153,118.50965827025381,115.6608238461561,116.13943481445312,23786000,0.0,0.0
2022-06-07 00:00:00-04:00,114.78708742646226,116.8720966114918,114.26847796734052,116.3568115234375,26414000,0.0,0.0
2022-06-08 00:00:00-04:00,116.0064371237209,117.76276512980755,115.82801912123996,116.36524200439453,22544000,0.0,0.0
2022-06-09 00:00:00-04:00,115.47541063507776,117.46895777798171,114.0118848082445,114.06250762939453,23142000,0.0,0.0
2022-06-10 00:00:00-04:00,111.94168171143151,112.65210514758925,110.0357265329422,110.59800720214844,31324000,0.0,0.0
2022-06-13 00:00:00-04:00,106.6461281798025,108.40543207259111,105.79456678668615,106.08087158203125,36756000,0.0,0.0
2022-06-14 00:00:00-04:00,106.09426597688334,107.65009413173189,105.56026907247383,106.39600372314453,25480000,0.0,0.0
2022-06-15 00:00:00-04:00,108.08881256768618,111.2287678955715,107.3138782536219,109.56871795654297,33192000,0.0,0.0
2022-06-16 00:00:00-04:00,107.34439244845272,108.47689726429446,105.00494417401566,105.8421630859375,35314000,0.0,0.0
2022-06-17 00:00:00-04:00,105.7419146430578,108.43619967485813,104.84220666902442,107.06250762939453,43516000,0.0,0.0
2022-06-21 00:00:00-04:00,108.88534463984828,111.83422060419495,108.4798849857038,111.18112182617188,39010000,0.0,0.0
2022-06-22 00:00:00-04:00,110.33546349800969,112.92255847543518,109.90002393931785,111.1999740600586,23922000,0.0,0.0
2022-06-23 00:00:00-04:00,112.10916860537084,112.35383929162457,110.20247137785185,111.84564971923828,24710000,0.0,0.0
2022-06-24 00:00:00-04:00,112.75729608421425,117.75431761322301,112.75729608421425,117.65556335449219,39122000,0.0,0.0
2022-06-27 00:00:00-04:00,118.04959538472865,118.36225281539694,115.13718929772604,115.75431060791016,32840000,0.0,0.0
2022-06-28 00:00:00-04:00,115.48484175974666,116.97913509631024,111.60692909071406,111.73348236083984,28232000,0.0,0.0
2022-06-29 00:00:00-04:00,111.31362443846164,112.81833763360945,110.72355241414265,111.42082214355469,18628000,0.0,0.0
2022-06-30 00:00:00-04:00,109.67690539044493,110.50103134532444,106.51115006616678,108.55829620361328,38046000,0.0,0.0
2022-07-01 00:00:00-04:00,107.53050955984091,108.98892404312309,106.30768621523806,108.26897430419922,31028000,0.0,0.0
2022-07-05 00:00:00-04:00,106.71412621302082,113.20354782139363,105.45853636865279,113.0391845703125,36398000,0.0,0.0
2022-07-06 00:00:00-04:00,113.2426703373829,115.48584081793405,111.41487964081023,114.35581970214844,28852000,0.0,0.0
2022-07-07 00:00:00-04:00,115.14438669180514,118.96969206071662,114.67390876091892,118.41783142089844,32184000,0.0,0.0
2022-07-08 00:00:00-04:00,116.67491906783029,119.53843665062448,116.63918397499954,119.27392578125,29082000,0.0,0.0
2022-07-11 00:00:00-04:00,117.76673206039018,117.91015708204048,115.36920941099247,115.65506744384766,26718000,0.0,0.0
2022-07-12 00:00:00-04:00,115.96872145905212,116.97219685840713,113.76177074507001,113.9945297241211,24970000,0.0,0.0
2022-07-13 00:00:00-04:00,111.80047576496845,114.2997286494013,110.9905484768161,111.35183715820312,38958000,0.0,0.0
2022-07-14 00:00:00-04:00,110.00096979665507,111.15382979691064,108.51164409050321,110.61040496826172,32366000,0.0,0.0
2022-07-15 00:00:00-04:00,112.12206845294672,113.1518510631691,110.99006332709506,111.92752838134766,34330000,0.0,0.0
2022-07-18 00:00:00-04:00,112.59550928961687,113.94538550665784,108.4863297259357,109.09178924560547,33354000,0.0,20.0
2022-07-19 00:00:00-04:00,110.89825347823137,113.95531932827006,109.67740661563408,113.76673889160156,30992300,0.0,0.0
2022-07-20 00:00:00-04:00,113.21091053262444,115.46401640759372,112.4168704473513,113.84614562988281,26780100,0.0,0.0
2022-07-21 00:00:00-04:00,114.23321698497095,114.35232637957768,111.07689754017187,114.18359375,27267800,0.0,0.0
2022-07-22 00:00:00-04:00,110.97764338755076,112.33744733683955,106.79898506306883,107.55332946777344,44455300,0.0,0.0
2022-07-25 00:00:00-04:00,108.06945227591243,109.7568013593638,106.21337812849376,107.4044418334961,28289900,0.0,0.0
2022-07-26 00:00:00-04:00,106.63025101577186,106.93794083605695,103.98012931645567,104.65506744384766,36626600,0.0,0.0
2022-07-27 00:00:00-04:00,108.78409571083199,113.54836577163863,107.6128797626186,112.75431823730469,41474600,0.0,0.0
2022-07-28 00:00:00-04:00,111.96027819059562,113.84612783116005,111.01833780811867,113.73694610595703,23303800,0.0,0.0
2022-07-29 00:00:00-04:00,112.55581960160089,116.02976460428857,112.38708694746556,115.77169799804688,31336200,0.0,0.0
2022-08-01 00:00:00-04:00,114.66994641723024,116.24811374743231,113.83620335417874,114.62032318115234,22856200,0.0,0.0
2022-08-02 00:00:00-04:00,113.57815044859643,116.20842460041492,113.40941779494823,115.0372085571289,17911000,0.0,0.0
2022-08-03 00:00:00-04:00,115.47392135917269,118.53099459641399,115.28534093394066,117.89575958251953,25302800,0.0,0.0
2022-08-04 00:00:00-04:00,117.41934334155405,118.61040716268363,116.83373153580266,117.98509979248047,15757700,0.0,0.0
2022-08-05 00:00:00-04:00,116.05953754934694,117.9751703407965,115.84117408515078,117.33993530273438,15615700,0.0,0.0
2022-08-08 00:00:00-04:00,118.23323647221227,119.96028125180207,116.95283872390638,117.26052856445312,17061100,0.0,0.0
2022-08-09 00:00:00-04:00,117.11165539193107,117.32009119885241,115.6923003111431,116.62530517578125,15424300,0.0,0.0
2022-08-10 00:00:00-04:00,118.69972456331234,120.87342382368719,118.4714410082858,119.75183868408203,20497000,0.0,0.0
2022-08-11 00:00:00-04:00,121.17121007932849,121.4292691269593,118.66004519573949,118.92803192138672,16671600,0.0,0.0
2022-08-12 00:00:00-04:00,120.2580479159398,121.73695373535156,119.5037034907786,121.73695373535156,16121100,0.0,0.0
2022-08-15 00:00:00-04:00,121.30022239574865,122.34240883424458,120.66498739960207,121.9652328491211,15525000,0.0,0.0
2022-08-16 00:00:00-04:00,121.40941156862304,122.31064928688622,120.63025929055411,121.5979995727539,15626200,0.0,0.0
2022-08-17 00:00:00-04:00,120.02975306030042,121.24067214476845,119.3051841159127,119.4242935180664,17589200,0.0,0.0
2022-08-18 00:00:00-04:00,119.33497401312613,120.78410441269445,118.66003584061222,119.96028137207031,15652000,0.0,0.0
2022-08-19 00:00:00-04:00,118.97764927887584,119.10667878809409,116.79402229086824,117.24067687988281,20187000,0.0,0.0
2022-08-22 00:00:00-04:00,115.23571001917952,115.6327337956586,113.81635512977093,114.21337890625,19316000,0.0,0.0
2022-08-23 00:00:00-04:00,113.46896424324477,115.06697948270646,113.44911646172672,113.91561126708984,14390700,0.0,0.0
2022-08-24 00:00:00-04:00,113.59800668337252,114.85558074062403,112.93299612414886,113.84614562988281,16051200,0.0,0.0
2022-08-25 00:00:00-04:00,114.29277925851865,116.90319776961051,114.19352521268746,116.82379150390625,14874700,0.0,0.0
2022-08-26 00:00:00-04:00,114.94787943275236,115.73199938702363,110.39205215732493,110.4714584350586,31698700,0.0,0.0
2022-08-29 00:00:00-04:00,109.95531210800485,111.12652806100044,108.99253192978833,109.51858520507812,20386100,0.0,0.0
2022-08-30 00:00:00-04:00,110.20344666721692,110.54091950777628,107.99005192768823,109.09178924560547,20548200,0.0,0.0
2022-08-31 00:00:00-04:00,110.79897402982945,110.93793120191138,108.23818644960669,108.33744049072266,25898000,0.0,0.0
2022-09-01 00:00:00-04:00,108.38707927111064,110.39204602317912,107.38460346767542,109.72703552246094,22784400,0.0,0.0
2022-09-02 00:00:00-04:00,110.51113507755568,110.84364786205148,107.3250325619203,107.87094116210938,20618100,0.0,0.0
2022-09-06 00:00:00-04:00,107.33000861113351,108.06945773272552,105.7171056606775,106.67988586425781,20565100,0.0,0.0
2022-09-07 00:00:00-04:00,106.95780941251782,110.16376023453637,106.81388458855325,109.65756225585938,22987200,0.0,0.0
2022-09-08 00:00:00-04:00,108.36722699493593,109.75680643003494,107.25556193233697,108.60543823242188,21660700,0.0,0.0
2022-09-09 00:00:00-04:00,109.23075884008838,111.16623944422953,109.18112802558257,110.9478759765625,21732900,0.0,0.0
2022-09-12 00:00:00-04:00,111.15630275673566,111.80146543002034,110.1041962133658,111.03720092773438,19732900,0.0,0.0
2022-09-13 00:00:00-04:00,108.079390373467,108.55582044496477,104.21834927747148,104.52603912353516,33015000,0.0,0.0
2022-09-14 00:00:00-04:00,104.6550717936455,105.31015459512474,103.72206704484307,105.08187103271484,22115800,0.0,0.0
2022-09-15 00:00:00-04:00,104.22827859607038,105.41934243467084,102.54092932335399,103.12654113769531,26494900,0.0,0.0
2022-09-16 00:00:00-04:00,102.20345299775033,103.25555952754694,101.09675560616625,102.85853576660156,64540100,0.0,0.0
2022-09-19 00:00:00-04:00,101.77665879894217,103.24563694250317,101.60792615331398,103.076904296875,19738600,0.0,0.0
2022-09-20 00:00:00-04:00,102.11412409518287,102.40196614676198,100.36723157694932,101.07194519042969,24001700,0.0,0.0
2022-09-21 00:00:00-04:00,101.47888241812235,102.71957691805449,99.24563231824449,99.26548767089844,26596800,0.0,0.0
2022-09-22 00:00:00-04:00,98.70964700197682,100.92304922350428,98.66995144362829,99.8213119506836,21272700,0.0,0.0
2022-09-23 00:00:00-04:00,99.31511371020326,99.36474452064054,97.28037921644933,98.4317398071289,25657000,0.0,0.0
2022-09-26 00:00:00-04:00,97.87592424978169,99.69230311079619,97.64763309268717,98.07443237304688,22437900,0.0,0.0
2022-09-27 00:00:00-04:00,99.16623789732465,99.71213895725225,96.61536262588275,97.35977935791016,24225000,0.0,0.0
2022-09-28 00:00:00-04:00,97.29030618867614,100.64514929447122,97.07195029609333,99.99005889892578,24617000,0.0,0.0
2022-09-29 00:00:00-04:00,98.5607783494678,98.5607783494678,95.80146730177007,97.35977935791016,21921500,0.0,0.0
2022-09-30 00:00:00-04:00,97.00246672969558,98.75333483071957,95.3151175859504,95.4342269897461,26277800,0.0,0.0
2022-10-03 00:00:00-04:00,96.49625825689655,99.22578620253039,96.29774259001869,98.56077575683594,24840000,0.0,0.0
2022-10-04 00:00:00-04:00,100.28781727639598,101.95531096308564,100.28781727639598,101.64762115478516,22580900,0.0,0.0
2022-10-05 00:00:00-04:00,99.94043639262158,101.97517104498277,98.99750392900135,101.45904541015625,18475500,0.0,0.0
2022-10-06 00:00:00-04:00,100.74440039069306,102.95780286422516,100.74440039069306,101.47888946533203,17156200,0.0,0.0
2022-10-07 00:00:00-04:00,99.90072778966572,100.66499230900759,98.47144522896559,98.82876586914062,24249900,0.0,0.0
2022-10-10 00:00:00-04:00,99.10667914465193,99.2456363284513,97.14142321800459,97.97516632080078,16529900,0.0,0.0
2022-10-11 00:00:00-04:00,97.51860700721544,99.37468907282711,96.52605121070434,97.32009887695312,21617700,0.0,0.0
2022-10-12 00:00:00-04:00,97.53845426996752,98.90620208716895,96.94292230976326,97.5682373046875,17343400,0.0,0.0
2022-10-13 00:00:00-04:00,95.21587567742034,99.78163072208707,94.56078523190662,98.96773529052734,32812200,0.0,0.0
2022-10-14 00:00:00-04:00,99.87592003369244,100.53597050088787,96.30768098335732,96.4565658569336,22624800,0.0,0.0
2022-10-17 00:00:00-04:00,98.77913243130956,101.01238258672876,98.76921232733415,100.02975463867188,23311600,0.0,0.0
2022-10-18 00:00:00-04:00,103.1662434922349,103.44415788095885,99.90073427953011,100.63522338867188,21610500,0.0,0.0
2022-10-19 00:00:00-04:00,99.95035515083292,100.90221569593305,98.8932884882681,99.54341125488281,21573700,0.0,0.0
2022-10-20 00:00:00-04:00,100.06945825217235,102.23322982714598,99.22578748171075,99.7816162109375,25125100,0.0,0.0
2022-10-21 00:00:00-04:00,97.72704091093918,100.86352080162791,97.49875732284704,100.72456359863281,28988700,0.0,0.0
2022-10-24 00:00:00-04:00,101.32999927479946,102.33248256800137,99.55333138478001,102.20345306396484,24680800,0.0,0.0
2022-10-25 00:00:00-04:00,102.53100176135153,104.31759738931376,102.25307981813201,104.14886474609375,29910200,0.0,0.0
2022-10-26 00:00:00-04:00,96.03968074596149,97.80642847971194,93.86598158657735,94.11412048339844,71504300,0.0,0.0
2022-10-27 00:00:00-04:00,93.60792142239198,94.46151989170572,91.21586623101646,91.91065216064453,54036500,0.0,0.0
2022-10-28 00:00:00-04:00,91.84116237688241,96.13892965781173,91.63570265431356,95.86101531982422,35696900,0.0,0.0
2022-10-31 00:00:00-04:00,95.06697975664831,95.63273617907231,93.67740032027045,93.955322265625,29868700,0.0,0.0
2022-11-01 00:00:00-04:00,94.8783989975548,95.44912308828071,89.75681534682231,89.8262939453125,43220600,0.0,0.0
2022-11-02 00:00:00-04:00,90.23323929201062,90.62033539620485,86.36227067746957,86.42182159423828,43553600,0.0,0.0
2022-11-03 00:00:00-04:00,85.70222684605321,85.90570259080417,82.82877372924149,82.86847686767578,48510400,0.0,0.0
2022-11-04 00:00:00-04:00,84.87343696802398,86.08435608999167,83.25556638887753,86.05457305908203,40173300,0.0,0.0
2022-11-07 00:00:00-05:00,86.68979834600714,88.27789328855268,86.31262996208142,87.99005126953125,26899900,0.0,0.0
2022-11-08 00:00:00-05:00,88.49627737383966,89.73200447898023,86.99751601903579,88.24813842773438,30172000,0.0,0.0
2022-11-09 00:00:00-05:00,87.88583966636955,88.82380446823927,86.70966362488497,86.7493667602539,26743900,0.0,0.0
2022-11-10 00:00:00-05:00,91.65258496845573,93.84613961602565,90.96772672020228,93.46896362304688,42371200,0.0,0.0
2022-11-11 00:00:00-05:00,94.00493647591169,96.63521023274205,93.4590354597456,96.00990295410156,30569100,0.0,0.0
2022-11-14 00:00:00-05:00,94.78907119211138,96.45656510342108,94.404951098873,95.31512451171875,24170100,0.0,0.0
2022-11-15 00:00:00-05:00,97.93546135297309,99.67243369054474,96.2977430630287,97.98509216308594,31831000,0.0,0.0
2022-11-16 00:00:00-05:00,97.29029452273949,99.10667304975361,97.17317672042482,98.2530746459961,24660200,0.0,0.0
2022-11-17 00:00:00-05:00,96.45655811063267,98.73943912853584,96.37715184142243,97.76673126220703,21818700,0.0,0.0
2022-11-18 00:00:00-05:00,98.27294433694922,98.42182921004388,96.01983860319467,97.07195281982422,24969900,0.0,0.0
2022-11-21 00:00:00-05:00,96.83372466211372,97.98509282565104,94.95779513065939,95.11660766601562,18696900,0.0,0.0
2022-11-22 00:00:00-05:00,95.44416507480832,96.82182537536049,93.70719250284564,96.60545349121094,18868900,0.0,0.0
2022-11-23 00:00:00-05:00,96.6153573535617,98.3314898433163,96.6153573535617,98.08434295654297,17568900,0.0,0.0
2022-11-25 00:00:00-05:00,97.73198684763922,98.20345683177483,96.80394975326425,96.87342834472656,8567800,0.0,0.0
2022-11-28 00:00:00-05:00,96.47639488213176,97.10170971505562,95.17614955573718,95.5334701538086,19974500,0.0,0.0
2022-11-29 00:00:00-05:00,95.28533615060284,95.6724322229068,93.6873210531026,94.72950744628906,20220000,0.0,0.0
2022-11-30 00:00:00-05:00,94.41189195379097,100.69476318359375,93.96523738760325,100.69476318359375,39888100,0.0,0.0
2022-12-01 00:00:00-05:00,100.64514853253233,101.82628465487545,99.92057954651435,100.52603912353516,21771500,0.0,0.0
2022-12-02 00:00:00-05:00,98.6302610889219,100.39700899560899,98.43174540847458,100.07939147949219,18821500,0.0,0.0
2022-12-05 00:00:00-05:00,99.0719426457391,100.9925353668301,98.61536796458614,99.12653350830078,19955500,0.0,0.0
2022-12-06 00:00:00-05:00,98.92802626981928,99.46400726448594,96.0396930777035,96.5855941772461,20877600,0.0,0.0
2022-12-07 00:00:00-05:00,96.04960085443341,96.58558178030592,94.31759620099723,94.44166564941406,26647900,0.0,0.0
2022-12-08 00:00:00-05:00,94.97764727981749,95.15630758976693,93.10171781164742,93.25059509277344,25593200,0.0,0.0
2022-12-09 00:00:00-05:00,93.20098986827824,93.78659414747425,92.32753592968125,92.37716674804688,21885300,0.0,0.0
2022-12-12 00:00:00-05:00,92.39700014380698,93.17615994973863,91.21586409114799,92.8635025024414,27380900,0.0,0.0
2022-12-13 00:00:00-05:00,97.33993414718385,99.0570587863431,94.66995697458204,95.13645935058594,34788500,0.0,0.0
2022-12-14 00:00:00-05:00,94.82877026356813,96.49626410337974,93.2406826953187,94.60047912597656,26452900,0.0,0.0
2022-12-15 00:00:00-05:00,92.84364872480586,93.3299988327218,89.7568003030043,90.52106475830078,28298800,0.0,0.0
2022-12-16 00:00:00-05:00,90.52107430259025,91.06698295150255,89.33993820168727,90.18360900878906,48485500,0.0,0.0
2022-12-19 00:00:00-05:00,90.20345275025069,90.52107024831994,88.26301225260495,88.48633575439453,23020500,0.0,0.0
2022-12-20 00:00:00-05:00,88.06947444370819,89.11165343071718,87.38460855753131,88.9627685546875,21976800,0.0,0.0
2022-12-21 00:00:00-05:00,89.06202986482222,90.23820599326167,88.24813446108449,89.57815551757812,20336400,0.0,0.0
2022-12-22 00:00:00-05:00,88.2679767957943,88.51611571543022,86.29279311582003,87.60296630859375,23656100,0.0,0.0
2022-12-23 00:00:00-05:00,86.96773422614893,89.42926815166591,86.96773422614893,89.14142608642578,17815000,0.0,0.0
2022-12-27 00:00:00-05:00,88.64514525323033,88.83373325543998,86.8833649813831,87.27542114257812,15470900,0.0,0.0
2022-12-28 00:00:00-05:00,86.84861925694143,87.86102268662181,85.72703410010159,85.81636047363281,17879600,0.0,0.0
2022-12-29 00:00:00-05:00,86.38211394567159,88.69973039755114,86.3424108123672,88.2878189086914,18280700,0.0,0.0
2022-12-30 00:00:00-05:00,86.71462924269922,88.16872732509496,86.38212398181673,88.06947326660156,19190300,0.0,0.0
2023-01-03 00:00:00-05:00,89.16127890666588,90.86847589467597,88.357303653299,89.03224182128906,20738500,0.0,0.0
2023-01-04 00:00:00-05:00,90.33249505834297,90.56077862535425,87.14639221657654,88.04961395263672,27046500,0.0,0.0
2023-01-05 00:00:00-05:00,87.41436389470348,87.55332106098226,85.9156029468709,86.12403869628906,23136100,0.0,0.0
2023-01-06 00:00:00-05:00,86.70966035351863,87.81139770749454,84.93298486893224,87.50370788574219,26612600,0.0,0.0
2023-01-09 00:00:00-05:00,88.53101035427727,90.15384113567907,87.92059068465987,88.13895416259766,22996700,0.0,0.0
2023-01-10 00:00:00-05:00,86.07442389495867,88.80891188022328,86.05456854206112,88.5756607055664,22855600,0.0,0.0
2023-01-11 00:00:00-05:00,89.38956175113037,91.761769210798,89.07194423773636,91.57318878173828,25998800,0.0,0.0
2023-01-12 00:00:00-05:00,91.71215741149135,91.93052089905248,89.89577848052348,91.2258071899414,22754200,0.0,0.0
2023-01-13 00:00:00-05:00,90.84663504663001,92.2878293294662,90.2530871813159,92.10916900634766,18630700,0.0,0.0
2023-01-17 00:00:00-05:00,92.08931768282399,92.27790569120275,90.16375717966973,91.47393798828125,22935800,0.0,0.0
2023-01-18 00:00:00-05:00,92.24812416569286,92.89129525669863,90.71958756208764,91.09675598144531,19641600,0.0,0.0
2023-01-19 00:00:00-05:00,90.7096550185611,93.69724947316314,90.69972734230578,93.21089935302734,28707700,0.0,0.0
2023-01-20 00:00:00-05:00,95.23571930203236,98.67988889810704,95.19602373670406,98.54093170166016,53704800,0.0,0.0
2023-01-23 00:00:00-05:00,98.39204062112809,100.64514622764932,98.01487219350635,100.45655822753906,31791800,0.0,0.0
2023-01-24 00:00:00-05:00,98.80893133941542,100.33746058309153,97.96525286482319,98.4714584350586,27391400,0.0,0.0
2023-01-25 00:00:00-05:00,96.47639770779324,96.9925308412789,94.55282908534792,96.00990295410156,31000900,0.0,0.0
2023-01-26 00:00:00-05:00,97.54837534007642,98.47145246627174,96.0992448917933,98.42182922363281,24542100,0.0,0.0
2023-01-27 00:00:00-05:00,98.31263538153598,100.82379984232628,98.23322911597307,99.96027374267578,29020400,0.0,0.0
2023-01-30 00:00:00-05:00,98.00990501964282,98.66895581650209,96.79401835687997,97.22081756591797,24365100,0.0,0.0
2023-01-31 00:00:00-05:00,97.13149457139012,99.16623664221824,97.06201598018421,99.12653350830078,22306800,0.0,0.0
2023-02-01 00:00:00-05:00,98.99749766924913,101.42926353709606,97.68732452396537,100.67491912841797,26392600,0.0,0.0
2023-02-02 00:00:00-05:00,105.99500492396098,108.0098914186002,105.74686604388033,107.99004364013672,46622600,0.0,0.0
2023-02-03 00:00:00-05:00,102.73944479821186,107.21586564752732,102.5310090055195,104.43671417236328,36823400,0.0,0.0
2023-02-06 00:00:00-05:00,101.92058527572452,103.92058451617841,101.4491228066343,102.69974517822266,25573000,0.0,0.0
2023-02-07 00:00:00-05:00,102.85854354090914,107.86102513268486,102.77715324727075,107.2357177734375,33738800,0.0,0.0
2023-02-08 00:00:00-05:00,101.92555453428534,102.80892856455525,97.72208023882588,99.25557708740234,73546000,0.0,0.0
2023-02-09 00:00:00-05:00,99.79154352738443,99.86102211828701,93.16127164408728,94.74935913085938,97798600,0.0,0.0
2023-02-10 00:00:00-05:00,95.02727004541197,96.29773998871737,93.8262786904874,94.15382385253906,49325300,0.0,0.0
2023-02-13 00:00:00-05:00,94.30271332124248,94.64017860343876,93.34986081712536,94.29278564453125,43116600,0.0,0.0
2023-02-14 00:00:00-05:00,93.95532956307463,94.46649516108072,91.96029041426873,94.2431640625,42513100,0.0,0.0
2023-02-15 00:00:00-05:00,94.03471956430559,96.61536272341945,93.6575511458331,96.37715148925781,36964500,0.0,0.0
2023-02-16 00:00:00-05:00,94.82876722014726,97.15134379430933,94.26301080547198,95.06697845458984,35642100,0.0,0.0
2023-02-17 00:00:00-05:00,94.36227144437989,95.03720963292763,92.75432846126934,93.8858413696289,31095100,0.0,0.0
2023-02-21 00:00:00-05:00,92.54588983750335,92.7195901112085,91.3151229099148,91.36475372314453,28367200,0.0,0.0
2023-02-22 00:00:00-05:00,91.24960521018494,91.67243638218184,90.19353064946912,91.11660766601562,29891100,0.0,0.0
2023-02-23 00:00:00-05:00,91.44415064857093,91.44415064857093,89.3399374861947,90.39204406738281,32423700,0.0,0.0
2023-02-24 00:00:00-05:00,88.96276699175087,89.45904485473137,88.19850241470454,88.68485260009766,31295600,0.0,0.0
2023-02-27 00:00:00-05:00,89.41934020588116,89.77666086699669,88.94291770612651,89.42926788330078,22724300,0.0,0.0
2023-02-28 00:00:00-05:00,88.87343269474542,90.76921002471055,88.85357734133927,89.62777709960938,30546900,0.0,0.0
2023-03-01 00:00:00-05:00,89.48882680224405,90.52107808083787,89.18112938156017,89.83621978759766,26323900,0.0,0.0
2023-03-02 00:00:00-05:00,89.19104460388508,91.7915429373536,89.10171066435545,91.622802734375,23328600,0.0,0.0
2023-03-03 00:00:00-05:00,92.04961353328834,93.40941756895012,91.97021483243287,93.32008361816406,30242500,0.0,0.0
2023-03-06 00:00:00-05:00,93.65754262215508,95.58310281893148,93.59799171218398,94.86846160888672,28288200,0.0,0.0
2023-03-07 00:00:00-05:00,94.70965818395362,95.37466865117595,93.14539405582894,93.46896362304688,24101500,0.0,0.0
2023-03-08 00:00:00-05:00,93.70221755613018,95.52355631627923,93.70221755613018,93.94539642333984,25395200,0.0,0.0
2023-03-09 00:00:00-05:00,93.78657824042934,95.20593307731446,91.66747744791009,91.97020721435547,24438900,0.0,0.0
2023-03-10 00:00:00-05:00,91.81139476578782,92.48633288967268,90.12405324237487,90.33248901367188,32850100,0.0,0.0
2023-03-13 00:00:00-04:00,89.89081140537432,92.38708844092993,89.27046407899174,90.9776611328125,31508600,0.0,0.0
2023-03-14 00:00:00-04:00,92.37716192093218,94.12406213424325,92.08931984917189,93.54837799072266,32303900,0.0,0.0
2023-03-15 00:00:00-04:00,92.84365836210459,96.52603899232889,92.34738052666846,95.83125305175781,38367300,0.0,0.0
2023-03-16 00:00:00-04:00,95.8510961355268,101.21089801007058,95.1563102290075,100.31759643554688,54499500,0.0,0.0
2023-03-17 00:00:00-04:00,100.08930749694275,102.7195814678215,99.99998112383827,101.69725036621094,76140300,0.0,0.0
2023-03-20 00:00:00-04:00,100.30766229268654,101.81635098186895,100.03967562390434,101.17118835449219,26033900,0.0,0.0
2023-03-21 00:00:00-04:00,101.2208280519322,105.17119528005082,101.10171864834624,105.05208587646484,33122800,0.0,0.0
2023-03-22 00:00:00-04:00,104.35730992504037,106.70966975559035,103.43423278369538,103.44416046142578,32336900,0.0,0.0
2023-03-23 00:00:00-04:00,105.10172291573843,106.30370641962918,104.62530041836065,105.4689712524414,31385800,0.0,0.0
2023-03-24 00:00:00-04:00,104.9528292814151,105.36970839755767,103.96027366006327,105.27044677734375,25236200,0.0,0.0
2023-03-27 00:00:00-04:00,104.53596359479435,104.61536986637508,101.86598640053339,102.29278564453125,25393400,0.0,0.0
2023-03-28 00:00:00-04:00,102.23323659598337,102.23323659598337,99.53348389367748,100.6054458618164,24913500,0.0,0.0
2023-03-29 00:00:00-04:00,101.95532144739781,102.05457550164338,100.2778999120315,101.14142608642578,26148300,0.0,0.0
2023-03-30 00:00:00-04:00,100.68484426351796,100.85357690107116,99.54340378886097,100.56573486328125,25009800,0.0,0.0
2023-03-31 00:00:00-04:00,100.95283848857181,103.41437993579669,100.68485178377102,103.22579193115234,28108000,0.0,0.0
2023-04-03 00:00:00-04:00,101.90569796769351,104.1687238867883,101.61785588884732,104.1290283203125,20719900,0.0,0.0
2023-04-04 00:00:00-04:00,104.059541407356,105.31016377523416,103.82133014719805,104.33746337890625,20377200,0.0,0.0
2023-04-05 00:00:00-04:00,105.33002005529372,105.74689165737838,103.32703719902122,104.1687240600586,21864200,0.0,0.0
2023-04-06 00:00:00-04:00,104.98260572198302,108.81387106210268,104.03472084988645,108.08930969238281,34684200,0.0,0.0
2023-04-10 00:00:00-04:00,106.59055076223996,107.16623485728229,104.81387523811881,106.15382385253906,19741500,0.0,0.0
2023-04-11 00:00:00-04:00,106.12404944560701,106.42181917291539,104.496258767545,105.33000946044922,18721300,0.0,0.0
2023-04-12 00:00:00-04:00,106.59055826945023,106.7860903531236,104.18857524212011,104.43671417236328,22761600,0.0,0.0
2023-04-13 00:00:00-04:00,105.67740085535641,107.45903642274081,105.64762539758821,107.38459777832031,21650700,0.0,0.0
2023-04-14 00:00:00-04:00,106.88832892187006,108.76425864462027,106.78906729085108,108.64514923095703,20758700,0.0,0.0
2023-04-17 00:00:00-04:00,104.64514150620903,105.91561151474151,104.53595977991965,105.62776947021484,29043400,0.0,0.0
2023-04-18 00:00:00-04:00,106.20346546657571,106.25309628321669,103.99999048546637,104.33746337890625,17641400,0.0,0.0
2023-04-19 00:00:00-04:00,103.43918210633547,104.93794323898553,103.02727818074284,104.23818969726562,16732000,0.0,0.0
2023-04-20 00:00:00-04:00,103.8709539532784,106.09229254650998,103.86102627610038,105.11164855957031,22515300,0.0,0.0
2023-04-21 00:00:00-04:00,105.30023479470876,105.84614348060829,104.6997428128186,105.12158203125,22379000,0.0,0.0
2023-04-24 00:00:00-04:00,105.26053077194189,106.52107312819729,104.57566494331094,105.98509216308594,21410900,0.0,0.0
2023-04-25 00:00:00-04:00,105.81635668928911,106.64017968248697,103.78161461165072,103.83124542236328,31408100,0.0,0.0
2023-04-26 00:00:00-04:00,104.77417700523206,106.22330741487521,102.5012235492373,103.67243957519531,37068200,0.0,0.0
2023-04-27 00:00:00-04:00,104.44663126777643,108.3374474823633,103.64265606587671,107.5632553100586,38235200,0.0,0.0
2023-04-28 00:00:00-04:00,106.99750374319369,107.48385389883946,105.2506036520227,107.41437530517578,23957900,0.0,0.0
2023-05-01 00:00:00-04:00,106.91808502445714,107.87093744344989,106.6997215919092,106.90815734863281,20926300,0.0,0.0
2023-05-02 00:00:00-04:00,106.85854915899976,106.92802775435598,103.72206954554999,105.19105529785156,20343100,0.0,0.0
2023-05-03 00:00:00-04:00,105.4292635120191,107.32504088657967,104.83373163000108,105.33000946044922,17116300,0.0,0.0
2023-05-04 00:00:00-04:00,105.36970542856344,105.50866260582943,103.92056759833538,104.42677307128906,19780600,0.0,0.0
2023-05-05 00:00:00-04:00,104.53596711857824,105.64763224038482,103.95929097862731,105.42430114746094,20710600,0.0,0.0
2023-05-08 00:00:00-04:00,105.00742860294079,107.61288731888632,105.00246855056989,107.4342269897461,17266000,0.0,0.0
2023-05-09 00:00:00-04:00,107.97020246225496,109.77169339135227,106.92305594795248,107.13645935058594,24782400,0.0,0.0
2023-05-10 00:00:00-04:00,107.74191693416148,112.66499196252387,107.67243834279219,111.44414520263672,47533500,0.0,0.0
2023-05-11 00:00:00-04:00,114.99750343648294,117.55829894718428,114.07442633716497,116.0297622680664,57115100,0.0,0.0
2023-05-12 00:00:00-04:00,116.12901822656687,117.37964054318074,115.68237118550434,117.04216766357422,31293800,0.0,0.0
2023-05-15 00:00:00-04:00,115.62279971938985,117.91064068020903,115.61287961566096,116.08930206298828,22107900,0.0,0.0
2023-05-16 00:00:00-04:00,115.96028074298842,120.29774417440517,115.96028074298842,119.19600677490234,32370100,0.0,0.0
2023-05-17 00:00:00-04:00,119.28533536350669,121.36970066232753,118.57069410160275,120.5756607055664,26659600,0.0,0.0
2023-05-18 00:00:00-04:00,120.65507082470204,122.97765514580475,120.58559222724935,122.60047912597656,27014500,0.0,0.0
2023-05-19 00:00:00-04:00,123.27541389183706,125.53744764704801,121.80643570863663,122.33248901367188,30268900,0.0,0.0
2023-05-22 00:00:00-04:00,122.59055143975256,126.10419937777996,122.53099295090551,124.9329833984375,29760200,0.0,0.0
2023-05-23 00:00:00-04:00,123.99998311464368,124.48633328422034,122.13398113665644,122.3721923828125,24477900,0.0,0.0
2023-05-24 00:00:00-04:00,120.9726777842487,121.83620391081111,119.85109264546183,120.73446655273438,23087900,0.0,0.0
2023-05-25 00:00:00-04:00,124.27789966472285,125.04217180284299,121.98509839556073,123.42430114746094,33812700,0.0,0.0
2023-05-26 00:00:00-04:00,123.14142518821842,125.06201804206125,122.37219300717007,124.49626159667969,25154700,0.0,0.0
2023-05-30 00:00:00-04:00,125.34986137844608,125.43918775739435,121.97517045386135,123.71214294433594,27230700,0.0,0.0
2023-05-31 00:00:00-04:00,122.77913674607848,123.97020812658324,122.18360484212559,122.45159912109375,41548800,0.0,0.0
2023-06-01 00:00:00-04:00,122.58062666300646,124.10916332120034,122.38211855574964,123.44415283203125,25017700,0.0,0.0
2023-06-02 00:00:00-04:00,123.56324813324942,125.80146592309599,123.42429095099801,124.29774475097656,19367500,0.0,0.0
2023-06-05 00:00:00-04:00,123.68235785078363,127.03719315922017,123.45406672358834,125.68731689453125,22672500,0.0,0.0
2023-06-06 00:00:00-04:00,125.6575562681065,127.92058973607568,125.03224887257518,126.95780944824219,19450100,0.0,0.0
2023-06-07 00:00:00-04:00,126.62528557418186,128.58558906507577,121.71709812758215,122.02479553222656,34179300,0.0,0.0
2023-06-08 00:00:00-04:00,121.67243909446749,122.80891960712718,121.10172259826479,121.75680541992188,24815000,0.0,0.0
2023-06-09 00:00:00-04:00,121.64760962725015,123.35977406316057,121.50865245166874,121.95530700683594,20304500,0.0,0.0
2023-06-12 00:00:00-04:00,122.47640862603883,123.82132494637797,121.43918972547492,123.42430114746094,22255700,0.0,0.0
2023-06-13 00:00:00-04:00,124.71461936512009,124.92305514362373,122.92305610781635,123.50370025634766,19287700,0.0,0.0
2023-06-14 00:00:00-04:00,122.87839451365849,123.86102250294128,121.25060382677839,123.45407104492188,24659600,0.0,0.0
2023-06-15 00:00:00-04:00,122.95779923919002,125.22083263020997,122.2233101304708,124.85358428955078,24517100,0.0,0.0
2023-06-16 00:00:00-04:00,125.75680582750313,125.75680582750313,122.86847263997812,123.13645935058594,56699200,0.0,0.0
2023-06-20 00:00:00-04:00,122.61536677986311,124.24315745229883,121.91561322392616,122.92801666259766,22698000,0.0,0.0
2023-06-21 00:00:00-04:00,122.31760344549545,122.49130372366842,119.9602836358289,120.35730743408203,22612000,0.0,0.0
2023-06-22 00:00:00-04:00,119.76177312218508,123.01238694700854,118.70965894201572,122.9478759765625,20781900,0.0,0.0
2023-06-23 00:00:00-04:00,121.13149432955272,122.52107377580943,120.95283400685402,122.10419464111328,29573100,0.0,0.0
2023-06-26 00:00:00-04:00,120.5617646207202,121.8064271902783,118.10419138685185,118.20344543457031,23185000,0.0,0.0
2023-06-27 00:00:00-04:00,116.96275805078392,119.00246028226877,116.03968853528167,118.12405395507812,27221700,0.0,0.0
2023-06-28 00:00:00-04:00,117.08185842536834,120.36721505940888,116.72453780124691,120.17863464355469,19753100,0.0,0.0
2023-06-29 00:00:00-04:00,119.19600636416656,120.00990928045304,118.32256010371597,119.11660766601562,18517500,0.0,0.0
2023-06-30 00:00:00-04:00,120.19847987838567,121.12155687571901,119.9801164379802,120.06945037841797,23871800,0.0,0.0
2023-07-03 00:00:00-04:00,119.42429486911182,120.11908079137234,118.81387526794018,119.66250610351562,13888300,0.0,0.0
2023-07-05 00:00:00-04:00,119.16622675014786,122.45159104130967,119.16622675014786,121.71709442138672,17830300,0.0,0.0
2023-07-06 00:00:00-04:00,119.7419125924642,120.24811809252589,118.3622608495851,120.02975463867188,17732500,0.0,0.0
2023-07-07 00:00:00-04:00,119.9900450518067,120.84364346773573,119.1959975482361,119.2456283569336,20997700,0.0,0.0
2023-07-10 00:00:00-04:00,118.18359642938867,118.18359642938867,115.77168598909101,115.9999771118164,32960100,0.0,0.0
2023-07-11 00:00:00-04:00,115.89081527016081,117.34490585648895,114.96773808965025,116.833740234375,18286600,0.0,0.0
2023-07-12 00:00:00-04:00,118.4119051648684,120.05954378826901,118.1141354079095,118.72952270507812,22059600,0.0,0.0
2023-07-13 00:00:00-04:00,120.63521724968534,124.40196420644293,120.15878719531577,123.90072631835938,31535900,0.0,0.0
2023-07-14 00:00:00-04:00,124.19848005856333,126.1438881345715,123.97019651019512,124.76423645019531,20499800,0.0,0.0
2023-07-17 00:00:00-04:00,125.12157644906726,126.3324956856253,123.5731918895862,124.12902069091797,20675300,0.0,0.0
2023-07-18 00:00:00-04:00,123.97515876494268,124.0595250841081,122.38211123215096,123.15630340576172,21045800,0.0,0.0
2023-07-19 00:00:00-04:00,123.8610210416639,124.53595918967088,121.55829222598103,121.86598205566406,22313800,0.0,0.0
2023-07-20 00:00:00-04:00,121.21089012564089,123.77167776623052,117.80145655982066,118.64016723632812,27541700,0.0,0.0
2023-07-21 00:00:00-04:00,119.97020398843856,120.39700322029749,118.18360079168052,119.41436767578125,56514600,0.0,0.0
2023-07-24 00:00:00-04:00,121.01834954001981,122.43174486757401,120.47640891438763,120.97268676757812,22276100,0.0,0.0
2023-07-25 00:00:00-04:00,120.97268620389816,122.76921717344406,120.62529322280334,121.87591552734375,31820800,0.0,0.0
2023-07-26 00:00:00-04:00,129.3895490769987,130.39202478425463,127.75183838931585,128.69476318359375,46216900,0.0,0.0
2023-07-27 00:00:00-04:00,130.81886950552519,132.60547313894833,128.21836277152,128.90322875976562,35931600,0.0,0.0
2023-07-28 00:00:00-04:00,129.99499928605528,133.07192749447907,129.9453684803977,132.01980590820312,26971000,0.0,0.0
2023-07-31 00:00:00-04:00,132.01983321678517,132.8337361913796,131.14639446636025,132.1190948486328,18381900,0.0,0.0
2023-08-01 00:00:00-04:00,129.88087380784845,131.93050378195832,129.7766596984593,130.90817260742188,22154300,0.0,0.0
2023-08-02 00:00:00-04:00,128.87342153510892,129.44910562762945,126.89823791846632,127.68235778808594,22705800,0.0,0.0
2023-08-03 00:00:00-04:00,127.41437000119463,128.80395706437264,126.82380572235263,127.8114013671875,15018100,0.0,0.0
2023-08-04 00:00:00-04:00,128.63522879142084,130.94787031679957,127.35979104228042,127.5831069946289,20521900,0.0,0.0
2023-08-07 00:00:00-04:00,128.54587609724663,131.0768960203581,128.46646982824424,130.95779418945312,17621000,0.0,0.0
2023-08-08 00:00:00-04:00,130.00493728545047,130.95779739158098,129.16127405391586,130.85853576660156,16836000,0.0,0.0
2023-08-09 00:00:00-04:00,131.2059439908013,131.48385838277812,128.54093428672445,129.18112182617188,17745200,0.0,0.0
2023-08-10 00:00:00-04:00,130.9875538934581,131.65951592271227,129.06696137511656,129.24066162109375,17855700,0.0,0.0
2023-08-11 00:00:00-04:00,128.24014700148362,129.4689372092265,127.79151605103425,129.20094299316406,15205500,0.0,0.0
2023-08-14 00:00:00-04:00,128.88336154132946,130.92802382580282,128.62528737073137,130.84861755371094,17526200,0.0,0.0
2023-08-15 00:00:00-04:00,130.61039754818597,131.00742890503034,128.85258532614577,129.30023193359375,14769200,0.0,0.0
2023-08-16 00:00:00-04:00,128.3175821157789,129.9235332624909,127.50369442871533,128.1488494873047,17548400,0.0,0.0
2023-08-17 00:00:00-04:00,129.4788800583026,131.50468648067013,128.8833557621138,129.4888153076172,23665600,0.0,0.0
2023-08-18 00:00:00-04:00,128.09922054696912,128.8634925831227,126.05455847834702,127.15629577636719,23627200,0.0,0.0
2023-08-21 00:00:00-04:00,126.8982527458223,128.29775243346816,126.21339441893157,127.97020721435547,21851100,0.0,0.0
2023-08-22 00:00:00-04:00,128.1687195832365,129.97516304221003,127.96524385176463,128.72454833984375,15557900,0.0,0.0
2023-08-23 00:00:00-04:00,129.87590619314082,133.07193643368203,129.5384257791161,132.2183380126953,26497000,0.0,0.0
2023-08-24 00:00:00-04:00,133.72405610235262,133.9652433802546,129.33001010152705,129.44911193847656,18680400,0.0,0.0
2023-08-25 00:00:00-04:00,129.17119340696516,130.42180809036407,127.08682045610283,129.71710205078125,20678100,0.0,0.0
2023-08-28 00:00:00-04:00,131.0967485378374,132.24811669566833,129.8759093618806,130.80889892578125,16715500,0.0,0.0
2023-08-29 00:00:00-04:00,132.0079309817891,136.27294013982967,131.99005964714488,134.48138427734375,30803300,0.0,0.0
2023-08-30 00:00:00-04:00,134.56079842786622,136.2282849189266,134.0158741413235,135.91065979003906,21773400,0.0,0.0
2023-08-31 00:00:00-04:00,136.02974494610297,137.36968588881405,135.8014614038982,136.3275146484375,28147900,0.0,0.0
2023-09-01 00:00:00-04:00,137.3994716248239,137.54836405972944,134.92801774448316,135.7816162109375,16671600,0.0,0.0
2023-09-05 00:00:00-04:00,135.42431221893645,136.34738181900047,134.5508582914098,135.6923065185547,17730200,0.0,0.0
2023-09-06 00:00:00-04:00,135.99501726186614,136.4565520228765,133.68732831161628,134.3622589111328,15814300,0.0,0.0
2023-09-07 00:00:00-04:00,133.5980009276753,135.56325693844485,132.96276589665896,135.1860809326172,16976000,0.0,0.0
2023-09-08 00:00:00-04:00,134.85853378746808,136.49129210225908,134.85853378746808,136.1786346435547,17810700,0.0,0.0
2023-09-11 00:00:00-04:00,136.357309462463,137.2347313832264,135.53348639863302,136.71463012695312,17180800,0.0,0.0
2023-09-12 00:00:00-04:00,136.10915916285992,136.6153570847694,134.91808028392478,135.0570526123047,15212900,0.0,0.0
2023-09-13 00:00:00-04:00,134.8882996392758,136.67490274377676,133.92551949810576,136.4763946533203,16394900,0.0,0.0
2023-09-14 00:00:00-04:00,137.35978278724207,138.51115103467677,136.03968188814508,137.955322265625,19064600,0.0,0.0
2023-09-15 00:00:00-04:00,137.7667245927751,138.32255332282665,136.15877417204362,137.27044677734375,48958800,0.0,0.0
2023-09-18 00:00:00-04:00,136.60545141583313,138.88831750289697,136.60545141583313,137.92555236816406,16233600,0.0,0.0
2023-09-19 00:00:00-04:00,137.2208398642701,138.13895701175088,136.4764230114802,137.79652404785156,15479100,0.0,0.0
2023-09-20 00:00:00-04:00,137.79649979089223,137.80641989491127,133.51858745315243,133.5880584716797,21473500,0.0,0.0
2023-09-21 00:00:00-04:00,131.40444170206536,132.1984892499227,130.11411632994685,130.38211059570312,22058400,0.0,0.0
2023-09-22 00:00:00-04:00,130.69971032703205,132.0198110539608,129.53842212631943,130.27291870117188,17348700,0.0,0.0
2023-09-25 00:00:00-04:00,129.79650905432595,131.2357117450985,129.06201240711627,131.1860809326172,14650000,0.0,0.0
2023-09-26 00:00:00-04:00,129.9394341051551,130.42677627232828,127.23571343625846,128.486328125,20378800,0.0,0.0
2023-09-27 00:00:00-04:00,128.4764174413802,130.7394433175376,128.4168665201969,130.48138427734375,18764200,0.0,0.0
2023-09-28 00:00:00-04:00,129.71710817730676,133.18111791265844,129.71710817730676,132.13894653320312,18201400,0.0,0.0
2023-09-29 00:00:00-04:00,133.08186410943372,133.88583176717268,130.3424159524719,130.86846923828125,23237300,0.0,0.0
2023-10-02 00:00:00-04:00,131.17120237914963,134.3523453377214,131.08187599755323,134.16375732421875,19210400,0.0,0.0
2023-10-03 00:00:00-04:00,133.92553371961245,134.23323870947098,131.82628810095258,132.30767822265625,19628700,0.0,0.0
2023-10-04 00:00:00-04:00,132.6649835090794,135.55332390461797,132.43668481932875,135.25555419921875,22848000,0.0,0.0
2023-10-05 00:00:00-04:00,135.11663360571785,135.4838744261965,133.45409951686912,134.97767639160156,15922900,0.0,0.0
2023-10-06 00:00:00-04:00,133.93547086301086,138.14986461791753,133.93547086301086,137.69725036621094,20826700,0.0,0.0
2023-10-09 00:00:00-04:00,136.96274861611434,138.92800440491382,135.68234344894788,138.4615020751953,16599100,0.0,0.0
2023-10-10 00:00:00-04:00,138.47144718338285,139.692301660013,137.39948515632165,138.16375732421875,19554900,0.0,0.0
2023-10-11 00:00:00-04:00,138.80892261834543,141.16127481333947,138.7989873682816,140.6451416015625,20146300,0.0,0.0
2023-10-12 00:00:00-04:00,141.10169456631388,141.3200579895567,138.4118624773839,139.24560546875,18173100,0.0,0.0
2023-10-13 00:00:00-04:00,139.60292180599228,140.28778750847127,136.94288039686805,137.54833984375,19438700,0.0,0.0
2023-10-16 00:00:00-04:00,138.68981599910776,139.85607207890067,138.28287963643058,139.4441680908203,17345600,0.0,0.0
2023-10-17 00:00:00-04:00,138.98756957822104,140.19848871002253,137.49775163194965,139.9404296875,17424000,0.0,0.0
2023-10-18 00:00:00-04:00,139.70219139131717,140.93296570557857,137.67241714198934,138.24313354492188,18304900,0.0,0.0
2023-10-19 00:00:00-04:00,138.75929174854747,139.9553232004992,137.5682279216257,137.9453887939453,21831200,0.0,0.0
2023-10-20 00:00:00-04:00,137.5583109006265,138.0049580017615,135.23076623287594,135.7220916748047,24970300,0.0,0.0
2023-10-23 00:00:00-04:00,135.21586210230492,137.98510105485485,134.1042045373751,136.87342834472656,20780700,0.0,0.0
2023-10-24 00:00:00-04:00,138.12405927563407,139.66252368900274,137.7171077907381,139.076904296875,26535200,0.0,0.0
2023-10-25 00:00:00-04:00,128.8039487852495,129.13149396169078,125.15133617888394,125.72702026367188,58796100,0.0,0.0
2023-10-26 00:00:00-04:00,123.54341119304424,124.52603923164324,121.40941488893598,122.52108001708984,33907400,0.0,0.0
2023-10-27 00:00:00-04:00,123.10667635342031,123.51362780574462,120.55580862970052,122.48136901855469,37367700,0.0,0.0
2023-10-30 00:00:00-04:00,123.53346803956146,125.60791316405438,122.95778397892724,124.8138656616211,24165600,0.0,0.0
2023-10-31 00:00:00-04:00,125.33000595241434,125.61784801652706,123.0024691774839,124.36723327636719,21123400,0.0,0.0
2023-11-01 00:00:00-04:00,124.40691326742852,126.7890481836193,123.99500936394259,126.62031555175781,26536600,0.0,0.0
2023-11-02 00:00:00-04:00,128.59552605859454,129.1215794170262,127.15632318844759,127.6228256225586,24091700,0.0,0.0
2023-11-03 00:00:00-04:00,128.12903529665965,129.75682633890855,128.0496290085986,129.39950561523438,19529400,0.0,0.0
2023-11-06 00:00:00-05:00,129.25061146916732,130.5806325443881,128.96276181925904,130.47145080566406,15360400,0.0,0.0
2023-11-07 00:00:00-05:00,130.99749610220636,132.28782153195604,130.16375295505657,131.41436767578125,19223800,0.0,0.0
2023-11-08 00:00:00-05:00,131.3746655736947,132.54587396327858,131.17615747404287,132.26795959472656,15093600,0.0,0.0
2023-11-09 00:00:00-05:00,132.36722187713184,132.9627613242539,130.53098786950324,130.70965576171875,17976500,0.0,0.0
2023-11-10 00:00:00-05:00,130.5508470659826,133.2704550749376,129.89575668390475,133.06201171875,20872900,0.0,0.0
2023-11-13 00:00:00-05:00,132.36721199358695,133.11162867430707,131.78160783960087,132.64512634277344,16409900,0.0,0.0
2023-11-14 00:00:00-05:00,134.64016215140492,136.21833707829018,134.09426868322598,134.4217987060547,22317300,0.0,0.0
2023-11-15 00:00:00-05:00,135.6228051137204,135.82131321717435,134.32255961911986,135.36474609375,15840900,0.0,0.0
2023-11-16 00:00:00-05:00,135.9404280771059,137.84613310192364,135.06697426128216,137.66746520996094,17615100,0.0,0.0
2023-11-17 00:00:00-05:00,136.7940318526801,136.97268460638475,134.47144003813452,135.9205780029297,25565300,0.0,0.0
2023-11-20 00:00:00-05:00,134.49126707583204,137.3944948738511,134.48134697333637,136.89324951171875,19569400,0.0,0.0
2023-11-21 00:00:00-05:00,136.91311271977708,137.93047608357764,136.6798615635873,137.58804321289062,17648100,0.0,0.0
2023-11-22 00:00:00-05:00,138.0644964965985,140.04960778974763,137.96523487386216,138.97764587402344,17306400,0.0,0.0
2023-11-24 00:00:00-05:00,138.50122099631608,138.63720973487497,136.44663849446076,137.19105529785156,8828600,0.0,0.0
2023-11-27 00:00:00-05:00,136.5459010915163,138.59056350271752,136.51611048558735,137.02232360839844,17886400,0.0,0.0
2023-11-28 00:00:00-05:00,136.60542292761087,137.62775391554172,136.0198036524735,137.58804321289062,17046900,0.0,0.0
2023-11-29 00:00:00-05:00,137.9503454992033,138.63024368576404,135.28036841853944,135.38458251953125,21014700,0.0,0.0
2023-11-30 00:00:00-05:00,135.38459922272398,135.94044316871782,131.8014723334578,132.92306518554688,29913500,0.0,0.0
2023-12-01 00:00:00-05:00,132.32752990722656,132.5061826590945,131.16821046019072,132.32752990722656,24268000,0.0,0.0
2023-12-04 00:00:00-05:00,130.3165900540141,130.47141938487488,128.43667755059792,129.65753173828125,24117100,0.0,0.0
2023-12-05 00:00:00-05:00,129.39946766783498,132.54586707669296,128.76423269483521,131.40443420410156,19235100,0.0,0.0
2023-12-06 00:00:00-05:00,131.9106264729234,132.31757788307297,130.33246678403606,130.45156860351562,16360600,0.0,0.0
2023-12-07 00:00:00-05:00,135.58312297082477,138.95780649915318,135.21586704062742,137.41934204101562,38419400,0.0,0.0
2023-12-08 00:00:00-05:00,134.65011759222878,136.96277432282307,134.5607912089712,135.62281799316406,23016100,0.0,0.0
2023-12-11 00:00:00-05:00,132.82382680409555,133.78659201375163,131.90074201806263,133.697265625,24502900,0.0,0.0
2023-12-12 00:00:00-05:00,132.2778856267476,133.5384203015591,131.8411587508271,132.64512634277344,26584000,0.0,0.0
2023-12-13 00:00:00-05:00,133.54340325928706,133.77665445183567,131.96027572489928,132.97268676757812,25414500,0.0,0.0
2023-12-14 00:00:00-05:00,133.7667241221589,134.0297507536338,130.0843361363136,132.20840454101562,29619100,0.0,0.0
2023-12-15 00:00:00-05:00,131.93049381733584,133.826278724094,131.64265934569684,132.84364318847656,58594000,0.0,0.0
2023-12-18 00:00:00-05:00,132.86350419232954,137.3498601154224,132.77417781580104,136.16871643066406,25699800,0.0,0.0
2023-12-19 00:00:00-05:00,136.9726988122895,137.73697101008636,136.42679009957746,137.07196044921875,20661000,0.0,0.0
2023-12-20 00:00:00-05:00,139.28534130307386,142.0128854200126,138.37219188892348,138.62033081054688,33507300,0.0,0.0
2023-12-21 00:00:00-05:00,139.7220688742158,140.97268359270743,139.4272827418426,140.74440002441406,18101500,0.0,0.0
2023-12-22 00:00:00-05:00,141.07194278429012,142.18360029264545,140.99748899258609,141.6575469970703,18513500,0.0,0.0
2023-12-26 00:00:00-05:00,141.91560281381527,142.873430527883,141.43918034174044,141.75680541992188,11170100,0.0,0.0
2023-12-27 00:00:00-05:00,141.76672141193512,142.25307911934365,140.00095805288885,140.38706970214844,17288400,0.0,0.0
2023-12-28 00:00:00-05:00,140.79403551678763,141.21090710347138,139.77964041659132,140.228271484375,12192500,0.0,0.0
2023-12-29 00:00:00-05:00,139.63272046446872,140.3821048207363,138.8585282752269,139.880859375,14881000,0.0,0.0
2024-01-02 00:00:00-05:00,138.56078309738433,139.56822653666876,136.71462887199826,138.5210723876953,20071900,0.0,0.0
2024-01-03 00:00:00-05:00,137.56821679113014,140.03967062436058,137.39946900574765,139.3151092529297,18974300,0.0,0.0
2024-01-04 00:00:00-05:00,138.80889786249202,139.5880424484356,136.98258416465595,137.01235961914062,18253300,0.0,0.0
2024-01-05 00:00:00-05:00,137.32206211139567,137.7766452011386,135.83124463883706,136.36721801757812,15439500,0.0,0.0
2024-01-08 00:00:00-05:00,136.97266143555748,139.59300739634295,136.85355961990211,139.48382568359375,17645300,0.0,0.0
2024-01-09 00:00:00-05:00,139.01732936081825,141.73693704847574,138.74933511886613,141.49871826171875,19579700,0.0,0.0
2024-01-10 00:00:00-05:00,141.45902228560504,143.44908587951934,141.39947137539056,142.7294921875,16641900,0.0,0.0
2024-01-11 00:00:00-05:00,143.81636594660668,145.56822619459635,141.15630872935984,142.60047912597656,17471100,0.0,0.0
2024-01-12 00:00:00-05:00,143.26547572373775,143.66250706209212,142.29277544886418,143.16622924804688,13998700,0.0,0.0
2024-01-16 00:00:00-05:00,142.36226072030348,144.75432365833663,141.99105190560448,143.00743103027344,19198900,0.0,0.0
2024-01-17 00:00:00-05:00,141.8461340405236,142.34241187414503,139.46399135202222,141.82627868652344,17884500,0.0,0.0
2024-01-18 00:00:00-05:00,142.37219538970797,144.50123165708615,142.28286900944835,143.91065979003906,18876800,0.0,0.0
2024-01-19 00:00:00-05:00,145.21582532993503,146.93790973028405,144.71459510057352,146.86843872070312,27181000,0.0,0.0
2024-01-22 00:00:00-05:00,147.60295295917035,148.8982307739715,146.4813602617648,146.6103973388672,21829200,0.0,0.0
2024-01-23 00:00:00-05:00,146.62032095653905,147.75183378499338,146.09426767678733,147.5731658935547,14113600,0.0,0.0
2024-01-24 00:00:00-05:00,149.17117734908445,150.4416624752705,148.7245303494736,149.23074340820312,19245000,0.0,0.0
2024-01-25 00:00:00-05:00,150.61041176967234,153.60791916668836,150.0942785499404,152.4962615966797,21495100,0.0,0.0
2024-01-26 00:00:00-05:00,151.7319769646309,152.96275141962158,151.66250594481866,152.64512634277344,19494500,0.0,0.0
2024-01-29 00:00:00-05:00,152.4962379744901,154.0446222486374,151.78159674869963,153.6873016357422,20909300,0.0,0.0
2024-01-30 00:00:00-05:00,152.86348946935885,153.88582057232836,151.63768264169386,151.91064453125,26578900,0.0,0.0
2024-01-31 00:00:00-05:00,144.3076713205496,144.50617942972633,140.49626110164365,140.74440002441406,43908600,0.0,0.0
2024-02-01 00:00:00-05:00,142.62031375340834,143.5433831733729,141.20095139810843,141.64761352539062,25526900,0.0,0.0
2024-02-02 00:00:00-05:00,139.8411690547345,142.80891598819684,137.14141639534614,142.471435546875,42136100,0.0,0.0
2024-02-05 00:00:00-05:00,142.96770035050338,145.57812639557662,142.8386784226896,143.85107421875,29254400,0.0,0.0
2024-02-06 00:00:00-05:00,144.87342326208224,145.64761542499784,143.44414076279296,144.3275146484375,21517700,0.0,0.0
2024-02-07 00:00:00-05:00,145.03224491999396,145.90569884799675,144.12903067557204,145.58807373046875,21436100,0.0,0.0
2024-02-08 00:00:00-05:00,145.87591502568085,146.51115007912992,145.3300063519672,146.12405395507812,18241300,0.0,0.0
2024-02-09 00:00:00-05:00,146.84860945927664,149.57318509278926,146.3324762663136,149.10171508789062,21877700,0.0,0.0
2024-02-12 00:00:00-05:00,148.4267704156937,149.46895691359484,147.45407008541162,147.622802734375,17236100,0.0,0.0
2024-02-13 00:00:00-05:00,144.98259518521627,146.93791566796804,144.02973520169644,145.2803497314453,18138500,0.0,0.0
2024-02-14 00:00:00-05:00,146.27294607310262,146.7295284133358,144.47145483994314,146.04466247558594,16651800,0.0,0.0
2024-02-15 00:00:00-05:00,143.38460244061395,143.68235703311552,140.82380692871453,142.86846923828125,26724300,0.0,0.0
2024-02-16 00:00:00-05:00,143.13645481893047,143.4044339358979,140.46647773695776,140.70468139648438,21865100,0.0,0.0
2024-02-20 00:00:00-05:00,139.89080371891967,142.26201166893406,139.75184652579617,141.14141845703125,18625600,0.0,0.0
2024-02-21 00:00:00-05:00,141.5781469830933,142.90816801011562,140.85358554974505,142.7692108154297,16440800,0.0,0.0
2024-02-22 00:00:00-05:00,145.03225276119485,145.11165904486998,142.93795935801376,144.23822021484375,23024700,0.0,0.0
2024-02-23 00:00:00-05:00,143.8907793815376,144.86844720468264,143.7121115069285,144.20838928222656,14519400,0.0,0.0
2024-02-26 00:00:00-05:00,142.38212654254826,142.76922269890773,137.70719720383786,137.7171173095703,33513000,0.0,0.0
2024-02-27 00:00:00-05:00,138.3721867906262,139.4441487099668,137.46895751434883,139.0570526123047,22364000,0.0,0.0
2024-02-28 00:00:00-05:00,138.06451816318665,138.24317093791151,135.62282422554924,136.4069366455078,30628700,0.0,0.0
2024-02-29 00:00:00-05:00,137.32007836867083,138.90815829996205,136.545886183812,138.7394256591797,35485000,0.0,0.0
2024-03-01 00:00:00-05:00,138.57070252225125,138.9577986412296,136.94787939753394,137.05209350585938,28551500,0.0,0.0
2024-03-04 00:00:00-05:00,135.52355024178948,135.612891766213,131.87095249161578,133.2009735107422,43571500,0.0,0.0
2024-03-05 00:00:00-05:00,131.7518369654915,133.02230693315045,130.57069336777806,132.78408813476562,28447600,0.0,0.0
2024-03-06 00:00:00-05:00,133.2406826036386,133.73696045357664,130.9677215696114,131.57318115234375,23175200,0.0,0.0
2024-03-07 00:00:00-05:00,132.8932593084275,134.80889935686568,131.67242024715893,134.23321533203125,24107300,0.0,0.0
2024-03-08 00:00:00-05:00,134.02975881406402,137.9503506897374,133.79650762531753,135.27540588378906,26495200,0.0,0.0
2024-03-11 00:00:00-04:00,136.0496111924357,138.93793664433252,136.0496111924357,137.9056854248047,22536400,0.0,0.0
2024-03-12 00:00:00-04:00,137.22083092535453,139.235717864035,137.18113535967947,138.58062744140625,19019700,0.0,0.0
2024-03-13 00:00:00-04:00,139.01735517342172,141.13150375600466,138.96772435714914,139.72207641601562,19637000,0.0,0.0
2024-03-14 00:00:00-04:00,141.24068068462822,143.65258379232648,140.4317453570444,143.26548767089844,36117900,0.0,0.0
2024-03-15 00:00:00-04:00,142.3424077447282,143.26547721879055,140.07938210068167,141.11163330078125,41039500,0.0,0.0
2024-03-18 00:00:00-04:00,148.2580536133624,151.7915498050932,147.0372142314328,147.3746795654297,47676700,0.0,0.0
2024-03-19 00:00:00-04:00,147.87095434904094,148.506189435926,145.9156182708543,146.81884765625,17748400,0.0,0.0
2024-03-20 00:00:00-04:00,147.682376034675,148.64515640629912,146.56575072023261,148.5657501220703,17730000,0.0,0.0
2024-03-21 00:00:00-04:00,149.2009605654293,150.17861326257847,146.9081444765597,147.63272094726562,19843900,0.0,0.0
2024-03-22 00:00:00-04:00,149.12157348910551,151.4242948324887,148.97268104731734,150.6401824951172,19252900,0.0,0.0
2024-03-25 00:00:00-04:00,149.82627217269658,150.3285020596783,147.6922835856365,150.0247802734375,15114700,0.0,0.0
2024-03-26 00:00:00-04:00,150.11411162467726,152.0595120834488,149.90566828863933,150.5706787109375,19312700,0.0,0.0
2024-03-27 00:00:00-04:00,151.01237463936792,151.55331561906092,149.01237572923108,150.80889892578125,16622000,0.0,0.0
2024-03-28 00:00:00-04:00,150.86845161567692,151.5334620520856,150.20344117926825,151.1265106201172,21105600,0.0,0.0
2024-04-01 00:00:00-04:00,150.69972781832226,155.83123876797126,150.52105992384992,155.3349609375,24469800,0.0,0.0
2024-04-02 00:00:00-04:00,153.59798304881323,154.82875747672568,152.3175929557825,154.7096405029297,17598100,0.0,0.0
2024-04-03 00:00:00-04:00,153.7667298566109,155.38460052174645,152.98460152506624,155.2059326171875,17266200,0.0,0.0
2024-04-04 00:00:00-04:00,153.9255228758376,155.01732493886325,150.7493480135503,150.80889892578125,24184800,0.0,0.0
2024-04-05 00:00:00-04:00,150.5508511437314,153.68733099552557,149.95631120987514,152.79403686523438,16297300,0.0,0.0
2024-04-08 00:00:00-04:00,152.86848006969882,155.48882676112382,152.84367223291846,154.9776611328125,16641500,0.0,0.0
2024-04-09 00:00:00-04:00,156.17862579668366,158.6997102934968,155.4739046744916,156.96273803710938,21521500,0.0,0.0
2024-04-10 00:00:00-04:00,156.70470686068956,156.98262125943583,155.03720532301298,156.48634338378906,16339200,0.0,0.0
2024-04-11 00:00:00-04:00,157.16124421889634,159.9205474725668,156.75429280319776,159.59300231933594,17841700,0.0,0.0
2024-04-12 00:00:00-04:00,158.2183396876894,160.49625319515445,157.4193396212034,158.00494384765625,16989800,0.0,0.0
2024-04-15 00:00:00-04:00,159.086836748206,159.6327454478092,154.9875765936935,155.16624450683594,21140900,0.0,0.0
2024-04-16 00:00:00-04:00,154.48136343603403,156.05952331202272,153.89575922723787,154.83868408203125,15413200,0.0,0.0
2024-04-17 00:00:00-04:00,156.01983278787083,157.49973066989327,154.9726786496622,155.71214294433594,16237800,0.0,0.0
2024-04-18 00:00:00-04:00,155.75682081288355,157.30520542640673,155.04714705588532,156.287841796875,14016100,0.0,0.0
2024-04-19 00:00:00-04:00,156.57566262849005,156.81388145021202,152.76425235212744,154.56077575683594,21479900,0.0,0.0
2024-04-22 00:00:00-04:00,154.84860943897397,157.99997681824564,154.50122403079163,156.774169921875,17243900,0.0,0.0
2024-04-23 00:00:00-04:00,157.40942166544977,159.28535153330066,156.7890742865943,158.72952270507812,16115400,0.0,0.0
2024-04-24 00:00:00-04:00,157.90566463757577,160.18854551579835,157.63768553373473,159.9007110595703,19485700,0.0,0.0
2024-04-25 00:00:00-04:00,152.21834288977288,157.10171512058272,151.63075464016526,156.774169921875,36197800,0.0,0.0
2024-04-26 00:00:00-04:00,174.6798688681452,175.10666051468928,170.12402706585365,172.39698791503906,56500800,0.0,0.0
2024-04-29 00:00:00-04:00,169.49871490746665,170.10417439660733,165.8163271662609,166.6500701904297,35914600,0.0,0.0
2024-04-30 00:00:00-04:00,166.13396019726625,168.60541393380345,163.27539523961738,163.4143524169922,29420800,0.0,0.0
2024-05-01 00:00:00-04:00,164.9428925341537,167.55331876997855,163.67242249923606,164.3374481201172,25223200,0.0,0.0
2024-05-02 00:00:00-04:00,165.42926460676523,167.27541890279332,164.4565642149393,167.20594787597656,17041100,0.0,0.0
2024-05-03 00:00:00-04:00,168.277872843964,168.58557780756806,163.75182164825128,167.7319793701172,22767100,0.0,0.0
2024-05-06 00:00:00-04:00,167.9602752858077,168.63520588616618,166.64017439901465,168.56573486328125,15147900,0.0,0.0
2024-05-07 00:00:00-04:00,168.85358117811535,172.17864903482143,168.73447933328495,171.69229125976562,21102400,0.0,0.0
2024-05-08 00:00:00-04:00,169.4788670545492,170.62923559125636,169.2525675301472,169.8858184814453,14569900,0.0,0.0
2024-05-09 00:00:00-04:00,169.87589704336452,171.15630234033898,168.6649779130589,170.30270385742188,11937700,0.0,0.0
2024-05-10 00:00:00-04:00,168.42676879457593,170.06447954074437,166.66002096888255,169.0222930908203,18740500,0.0,0.0
2024-05-13 00:00:00-04:00,164.612384104361,169.6773926544997,164.52602618565487,169.6277618408203,19648600,0.0,0.0
2024-05-14 00:00:00-04:00,170.31263539204747,171.49377914310725,169.15134699639674,170.6501007080078,18729500,0.0,0.0
2024-05-15 00:00:00-04:00,171.01734675545546,172.75035115427644,170.74935248110228,172.58558654785156,20958200,0.0,0.0
2024-05-16 00:00:00-04:00,173.30024598195538,175.02728335356127,172.75433727159748,174.12405395507812,17247300,0.0,0.0
2024-05-17 00:00:00-04:00,174.24314719004573,176.17366005161608,173.67738320048903,175.97018432617188,16546400,0.0,0.0
2024-05-20 00:00:00-04:00,175.99005208038096,178.61039857225245,175.90569332559252,177.13150024414062,17495100,0.0,0.0
2024-05-21 00:00:00-04:00,177.0719476933566,178.48139024942276,175.99006551212227,178.20346069335938,14706000,0.0,0.0
2024-05-22 00:00:00-04:00,177.0719124208979,177.5205585763795,175.46397720045525,176.67489624023438,16189400,0.0,0.0
2024-05-23 00:00:00-04:00,177.44908281823876,178.5706754539046,173.2406417675423,173.75677490234375,14928400,0.0,0.0
2024-05-24 00:00:00-04:00,175.205937250306,175.98409753033752,173.8957564502872,175.01734924316406,11403600,0.0,0.0
2024-05-28 00:00:00-04:00,174.43172242256878,177.18109046424198,174.37215636602895,176.6947479248047,15655300,0.0,0.0
2024-05-29 00:00:00-04:00,175.4937567808549,176.90318394408737,174.94784816071635,176.07936096191406,15023800,0.0,0.0
2024-05-30 00:00:00-04:00,175.3746792210453,175.3746792210453,171.94042963610715,172.26797485351562,18826300,0.0,0.0
2024-05-31 00:00:00-04:00,172.1091189623265,173.12152982074824,169.69721634851624,172.6649627685547,28085200,0.0,0.0
2024-06-03 00:00:00-04:00,172.58559334783465,174.55084943172886,171.16623079349,173.12156677246094,20742800,0.0,0.0
2024-06-04 00:00:00-04:00,173.15133295793305,173.88582960327014,171.93049372903275,173.82627868652344,14066600,0.0,0.0
2024-06-05 00:00:00-04:00,175.22081016268223,176.64512505537928,173.9850681159825,175.7518310546875,15233900,0.0,0.0
2024-06-06 00:00:00-04:00,176.10914381293057,177.37962899368443,175.89079550090455,177.02230834960938,14255800,0.0,0.0
2024-06-07 00:00:00-04:00,177.13149166279294,178.0843366253854,174.4813546941635,174.64016723632812,14716300,0.0,0.0
2024-06-10 00:00:00-04:00,175.33573146009923,177.3429795915251,173.27881120401568,175.5146026611328,17099800,0.2,0.0
2024-06-11 00:00:00-04:00,176.59772506993409,177.26349229716828,174.33212415377145,177.06475830078125,14402400,0.0,0.0
2024-06-12 00:00:00-04:00,178.61490428755323,180.93019248807428,176.6573433446756,178.4261016845703,18600400,0.0,0.0
2024-06-13 00:00:00-04:00,176.71696117955426,177.3827284020576,175.54441999550025,175.62391662597656,15956900,0.0,0.0
2024-06-14 00:00:00-04:00,174.74150226558402,177.60131852056165,174.74150226558402,177.24359130859375,12361600,0.0,0.0
2024-06-17 00:00:00-04:00,175.8623951756443,178.78383196878292,175.3754991517427,177.65103149414062,15272900,0.0,0.0
2024-06-18 00:00:00-04:00,177.66095871395126,177.78021124067124,174.51097865374183,175.3357391357422,15640300,0.0,0.0
2024-06-20 00:00:00-04:00,175.594083551687,177.61126289478364,175.34566230093688,176.5877685546875,16753200,0.0,0.0
2024-06-21 00:00:00-04:00,177.36286184529797,181.35945137392483,176.93556936087649,179.12167358398438,58903200,0.0,0.0
2024-06-24 00:00:00-04:00,180.13524186798963,180.93019301645566,179.09186943327995,179.64833068847656,18198300,0.0,0.0
2024-06-25 00:00:00-04:00,180.00110499509233,184.57702097347587,179.96134909719103,184.40809631347656,18797000,0.0,0.0
2024-06-26 00:00:00-04:00,183.03679210972498,184.75586308463522,182.8281267300032,184.19940185546875,13375700,0.0,0.0
2024-06-27 00:00:00-04:00,184.47269927458336,186.31598113580557,184.2789233762341,185.68002319335938,13025700,0.0,0.0
2024-06-28 00:00:00-04:00,184.54721295668855,185.40178281851416,182.1673327036361,182.26173400878906,23032400,0.0,0.0
2024-07-01 00:00:00-04:00,183.31501987587765,184.16958965379928,181.57607098053737,183.32496643066406,11815900,0.0,0.0
2024-07-02 00:00:00-04:00,182.31140894074,185.76942888936475,181.90399440532445,185.43157958984375,12555500,0.0,0.0
2024-07-03 00:00:00-04:00,185.12352149314543,186.4351778296591,184.2142912126435,186.20663452148438,7409100,0.0,0.0
2024-07-05 00:00:00-04:00,186.1370894837757,191.04588085846316,186.1370894837757,190.74778747558594,14303400,0.0,0.0
2024-07-08 00:00:00-04:00,190.15656645794553,190.46857898939038,188.12448212143232,189.2771453857422,12097600,0.0,0.0
2024-07-09 00:00:00-04:00,190.53913668217973,191.64212785825836,189.0287309360106,189.23741149902344,10198500,0.0,0.0
2024-07-10 00:00:00-04:00,189.5454173499699,192.08924857229522,189.4162334455388,191.443359375,12052900,0.0,0.0
2024-07-11 00:00:00-04:00,190.13171464646283,191.19496504434994,185.64026864562257,186.1172332763672,16452000,0.0,0.0
2024-07-12 00:00:00-04:00,185.73962495696273,187.4984519041039,184.96455175905618,185.6005096435547,14449100,0.0,0.0
2024-07-15 00:00:00-04:00,185.31234052831107,188.70079520995807,185.31234052831107,187.00160217285156,12186000,0.0,0.0
2024-07-16 00:00:00-04:00,187.76675536324498,189.13803057985837,183.9509928079568,184.32859802246094,12760100,0.0,0.0
2024-07-17 00:00:00-04:00,183.513770648575,184.06030052673833,180.47309644225305,181.46678161621094,17376600,0.0,0.0
2024-07-18 00:00:00-04:00,182.3809532461557,182.88774234184083,177.08462510298332,178.08824157714844,17877200,0.0,0.0
2024-07-19 00:00:00-04:00,179.23099413726175,180.8208965174912,177.7305349482144,178.25718688964844,14485900,0.0,0.0
2024-07-22 00:00:00-04:00,181.19848408923778,183.13616700217142,180.75131366419583,182.19216918945312,16303900,0.0,0.0
2024-07-23 00:00:00-04:00,182.67907226351633,184.05036260692978,182.17229830124404,182.4405975341797,23772600,0.0,0.0
2024-07-24 00:00:00-04:00,174.28243822270719,176.82626978612888,172.47393913032514,173.2688751220703,31250700,0.0,0.0
2024-07-25 00:00:00-04:00,173.14965104856816,174.09364898306077,167.98249089337875,168.091796875,28967900,0.0,0.0
2024-07-26 00:00:00-04:00,167.7042503176182,168.7674855646174,164.81759611294638,167.61480712890625,25150100,0.0,0.0
2024-07-29 00:00:00-04:00,169.42332041868983,171.07284142949192,168.64824720396254,170.04934692382812,13768900,0.0,0.0
2024-07-30 00:00:00-04:00,170.74490989873905,171.85783234146376,169.04570173267874,170.77471923828125,13681400,0.0,0.0
2024-07-31 00:00:00-04:00,173.8154065705776,174.7991603386014,170.63561708735276,172.05657958984375,15650200,0.0,0.0
2024-08-01 00:00:00-04:00,170.89395922173026,174.57059105858158,169.43324091199892,171.36099243164062,17177800,0.0,0.0
2024-08-02 00:00:00-04:00,167.12789773238893,169.13514585990146,165.33926153769613,167.33656311035156,18907800,0.0,0.0
2024-08-05 00:00:00-04:00,156.3762401380253,164.892129855876,155.61111342618975,159.62559509277344,34907800,0.0,0.0
2024-08-06 00:00:00-04:00,159.9286557559042,161.32478210891983,157.1314297723931,159.5261993408203,36146500,0.0,0.0
2024-08-07 00:00:00-04:00,162.20917537275696,163.7493752825507,159.22811981197012,159.73489379882812,19334200,0.0,0.0
2024-08-08 00:00:00-04:00,161.3188038326106,164.4548797485578,161.00679132875067,162.80535888671875,15733600,0.0,0.0
2024-08-09 00:00:00-04:00,160.6242351398651,164.47476497200182,159.913738757068,164.3455810546875,13549200,0.0,0.0
2024-08-12 00:00:00-04:00,164.9467725573256,165.64732245401004,162.51722008897448,162.91468811035156,12435000,0.0,0.0
2024-08-13 00:00:00-04:00,164.14186584696583,165.48830487121216,163.7294932144231,164.8821563720703,12717600,0.0,0.0
2024-08-14 00:00:00-04:00,163.173046955314,163.91831082604588,158.52259251748225,161.00680541992188,22515900,0.0,0.0
2024-08-15 00:00:00-04:00,161.18567341659553,162.48739852550634,160.4702189019766,162.1396026611328,18392500,0.0,0.0
2024-08-16 00:00:00-04:00,162.37810388183337,165.89574285542548,162.0501859428864,163.69970703125,16853100,0.0,0.0
2024-08-19 00:00:00-04:00,165.9454100491634,167.40612834462655,165.0411529781755,167.33656311035156,13100800,0.0,0.0
2024-08-20 00:00:00-04:00,167.67443919947158,169.3338915956219,167.59494256725435,167.89305114746094,12622500,0.0,0.0
2024-08-21 00:00:00-04:00,165.93549898011292,167.57507351464088,165.51815301064096,166.5714569091797,15269600,0.0,0.0
2024-08-22 00:00:00-04:00,167.97254729972832,168.35015254515864,163.98787492204426,164.44497680664062,19123800,0.0,0.0
2024-08-23 00:00:00-04:00,165.4982633089983,166.88941644178666,164.61388413977602,166.37269592285156,14281600,0.0,0.0
2024-08-26 00:00:00-04:00,167.09312257374404,168.31039292844207,165.26971884295412,166.86953735351562,11990300,0.0,0.0
2024-08-27 00:00:00-04:00,166.5515742334998,167.18255886662448,165.11073374973338,165.329345703125,13718200,0.0,0.0
2024-08-28 00:00:00-04:00,165.72679768599806,166.3329461958913,162.24889987962757,163.46119689941406,15208700,0.0,0.0
2024-08-29 00:00:00-04:00,165.01133945662448,166.57143228653456,160.95908885064492,162.36813354492188,17133800,0.0,0.0
2024-08-30 00:00:00-04:00,163.18298831293663,164.23629222190004,162.37810570938657,164.06736755371094,18498800,0.0,0.0
2024-09-03 00:00:00-04:00,162.28367306328212,162.34826501620617,156.85814612925503,157.60838317871094,26533100,0.0,0.0
2024-09-04 00:00:00-04:00,157.07678727910556,159.3871023707654,156.44580262625547,156.81346130371094,17410700,0.0,0.0
2024-09-05 00:00:00-04:00,156.78365107519826,159.99822333306017,156.5252983793141,157.59848022460938,14139500,0.0,0.0
2024-09-06 00:00:00-04:00,157.68789894285695,158.21455085957402,150.97555089993128,151.16932678222656,24999100,0.0,0.0
2024-09-09 00:00:00-04:00,152.86082438822885,153.86576214801275,147.45800291500046,148.79129028320312,28057700,0.2,0.0
2024-09-10 00:00:00-04:00,150.69171904726548,151.5374693511312,148.79426929811413,149.25892639160156,20401800,0.0,0.0
2024-09-11 00:00:00-04:00,150.3335237150403,151.71656369963523,147.95549049886938,151.38821411132812,18991500,0.0,0.0
2024-09-12 00:00:00-04:00,154.03488970812617,154.8308872779668,152.73145108892763,154.76123046875,20980800,0.0,0.0
2024-09-13 00:00:00-04:00,155.57913012080755,158.47753979735216,155.32839292130552,157.5770721435547,16733900,0.0,0.0
2024-09-16 00:00:00-04:00,157.5372705899137,158.4427180193182,156.82087429218606,158.1939697265625,14157600,0.0,0.0
2024-09-17 00:00:00-04:00,159.28845740813813,160.78094720498908,158.61186932111355,159.47750854492188,12064800,0.0,0.0
2024-09-18 00:00:00-04:00,160.04467578720656,160.820769334052,158.86063135019063,160.00486755371094,16756500,0.0,0.0
2024-09-19 00:00:00-04:00,163.9947900867692,164.16393711256978,161.70829153371122,162.42269897460938,17548200,0.0,0.0
2024-09-20 00:00:00-04:00,163.69629475454033,163.92513895238736,162.36299225266765,163.81568908691406,46362700,0.0,0.0
2024-09-23 00:00:00-04:00,164.51217902638942,165.77582469509017,162.1341457847575,162.25355529785156,15648400,0.0,0.0
2024-09-24 00:00:00-04:00,163.4276404563426,163.72614146625725,161.21875423832304,162.82069396972656,18774100,0.0,0.0
2024-09-25 00:00:00-04:00,162.15404607986716,163.39479667219365,161.96001511465622,162.1739501953125,13607900,0.0,0.0
2024-09-26 00:00:00-04:00,164.2037238913834,164.67137190231358,162.68138553491403,163.00973510742188,18234500,0.0,0.0
2024-09-27 00:00:00-04:00,163.08935245653072,166.13402946952368,163.00975117210305,164.46243286132812,13604300,0.0,0.0
2024-09-30 00:00:00-04:00,163.95499824328758,166.5220828337227,163.81569978562334,166.35293579101562,14070100,0.0,0.0
2024-10-01 00:00:00-04:00,168.01453584434452,169.58662676770317,165.06934958158877,167.5767364501953,18629500,0.0,0.0
2024-10-02 00:00:00-04:00,166.92007978875355,168.03448267051223,165.41764528818874,166.4723358154297,12745000,0.0,0.0
2024-10-03 00:00:00-04:00,164.98977806625155,167.0693101897403,164.54201898480358,166.37281799316406,11004300,0.0,0.0
2024-10-04 00:00:00-04:00,168.49214266571013,168.70109791526065,166.1240692043542,167.71604919433594,11422100,0.0,0.0
2024-10-07 00:00:00-04:00,168.29315826093452,169.0493476678041,163.3082475274126,163.5669403076172,14034700,0.0,0.0
2024-10-08 00:00:00-04:00,164.6017241614429,165.26838299175876,163.48733659266168,164.87037658691406,11723900,0.0,0.0
2024-10-09 00:00:00-04:00,164.02960230873123,165.42756656207547,160.31330204112282,162.24359130859375,19666400,0.0,0.0
2024-10-10 00:00:00-04:00,161.2983412910555,163.48832523779743,160.830693292667,162.36297607421875,12900500,0.0,0.0
2024-10-11 00:00:00-04:00,162.51222955123868,164.44251865032217,161.6863834324354,163.69627380371094,10946000,0.0,0.0
2024-10-14 00:00:00-04:00,164.08434289007533,166.78076613469128,163.95498890732665,165.5171356201172,9981800,0.0,0.0
2024-10-15 00:00:00-04:00,166.30316540961533,168.24339914310818,165.21862644863623,166.06436157226562,14829300,0.0,0.0
2024-10-16 00:00:00-04:00,165.1987299888625,166.44247156571197,164.38881008946538,165.90518188476562,9968500,0.0,0.0
2024-10-17 00:00:00-04:00,166.5419658674321,167.08919997886755,163.5470266332128,163.6863250732422,15113400,0.0,0.0
2024-10-18 00:00:00-04:00,164.0445261393487,165.53701595857945,163.92513181217555,164.2236328125,13091300,0.0,0.0
2024-10-21 00:00:00-04:00,163.75598620564867,165.38777448150628,163.48235396031905,164.96987915039062,11384000,0.0,0.0
2024-10-22 00:00:00-04:00,163.87537583552393,166.63151123094954,163.84552725432798,165.98477172851562,11958600,0.0,0.0
2024-10-23 00:00:00-04:00,165.59671260428982,166.76086802015365,162.81371951175345,163.65647888183594,12754300,0.0,0.0
2024-10-24 00:00:00-04:00,163.76593495863472,164.2236385327271,161.9550551430686,163.70623779296875,12764400,0.0,0.0
2024-10-25 00:00:00-04:00,164.5370363890358,166.56183577128613,164.40270260630305,166.15390014648438,14566400,0.0,0.0
2024-10-28 00:00:00-04:00,169.7358967018464,169.7518230313522,164.95992601392894,167.49716186523438,20858300,0.0,0.0
2024-10-29 00:00:00-04:00,168.53692409934393,170.99953843556716,167.81556311145863,170.28314208984375,28916100,0.0,0.0
2024-10-30 00:00:00-04:00,181.49669825774333,182.86977843625235,174.8650606256114,175.25808715820312,49698300,0.0,0.0
2024-10-31 00:00:00-04:00,173.8452288408367,177.52670097730407,171.69603969069405,171.8253936767578,32801900,0.0,0.0
2024-11-01 00:00:00-04:00,170.68114034943142,172.94973899268834,169.4573028676897,171.78558349609375,21752900,0.0,0.0
2024-11-04 00:00:00-05:00,170.38264842249774,171.0592365402909,168.6364304224058,169.825439453125,16194000,0.0,0.0
2024-11-05 00:00:00-05:00,169.974690451263,171.23534513726273,169.51698689827467,170.55178833007812,12518300,0.0,0.0
2024-11-06 00:00:00-05:00,174.47207339798842,177.74559452782626,174.1636127356215,177.43714904785156,27061500,0.0,0.0
2024-11-07 00:00:00-05:00,178.21324378642106,181.66587162058457,177.99434405416227,181.36737060546875,16730400,0.0,0.0
2024-11-08 00:00:00-05:00,181.08874199827696,181.43699565199873,178.67091608222063,178.95945739746094,15021500,0.0,0.0
2024-11-11 00:00:00-05:00,179.16843317370558,181.1733438684625,179.0888318956577,181.0589141845703,12503400,0.0,0.0
2024-11-12 00:00:00-05:00,180.47187140805784,183.10361748976914,180.08382466749606,182.40216064453125,14065800,0.0,0.0
2024-11-13 00:00:00-05:00,181.2380268570793,181.70071028871192,179.2181916355029,179.5863494873047,13969700,0.0,0.0
2024-11-14 00:00:00-05:00,178.85002901621897,179.541556582856,175.14865307038795,176.46205139160156,17925800,0.0,0.0
2024-11-15 00:00:00-05:00,174.76061688007164,174.99942072991058,171.88010711985848,173.01937866210938,21708900,0.0,0.0
2024-11-18 00:00:00-05:00,174.07904641414385,176.02426004579834,173.546721379973,175.91481018066406,18662800,0.0,0.0
2024-11-19 00:00:00-05:00,174.3576310893563,179.26792001994184,174.2392236211427,178.68087768554688,15392900,0.0,0.0
2024-11-20 00:00:00-05:00,177.93464379793505,178.21324069190095,174.45216744096942,176.44215393066406,15729800,0.0,0.0
2024-11-21 00:00:00-05:00,174.5765335052864,174.70090765512782,164.48232325308783,168.3926544189453,38839400,0.0,0.0
2024-11-22 00:00:00-05:00,166.3230652875568,167.42252851145963,164.8803281985057,165.73602294921875,24497000,0.0,0.0
2024-11-25 00:00:00-05:00,167.14890293052022,169.60653719909206,166.56184543973808,168.58168029785156,21395700,0.0,0.0
2024-11-26 00:00:00-05:00,168.64139984017382,170.63635084555315,168.58168749606043,169.76573181152344,14937500,0.0,0.0
2024-11-27 00:00:00-05:00,169.82543856885383,170.28314213857163,168.82050086416712,169.96475219726562,12433400,0.0,0.0
2024-11-29 00:00:00-05:00,169.20854333908335,170.0144854122663,167.90510465950186,169.6363983154297,9250700,0.0,0.0
2024-12-02 00:00:00-05:00,169.46723668110263,172.73081292312753,169.41748398827372,172.11390686035156,16593400,0.0,0.0
2024-12-03 00:00:00-05:00,172.2532072454121,173.44721115729334,171.64626082374897,172.15371704101562,15721500,0.0,0.0
2024-12-04 00:00:00-05:00,171.91491854526802,175.546637539585,171.88506996478583,175.20834350585938,18239800,0.0,0.0
2024-12-05 00:00:00-05:00,176.43221051980993,176.82025728032713,173.13877010644495,173.43727111816406,16145500,0.0,0.0
2024-12-06 00:00:00-05:00,173.00942092374532,175.95360541178027,172.68107134880123,175.60635375976562,13319500,0.0,0.0
2024-12-09 00:00:00-05:00,175.033569343468,177.34954989746097,174.71978848912806,176.4132080078125,19887800,0.2,0.0
2024-12-10 00:00:00-05:00,183.81936694787325,187.30080828516913,181.96159404677394,185.80662536621094,34317400,0.0,0.0
2024-12-11 00:00:00-05:00,185.97596819620176,196.1264534717187,185.53767209878993,195.94715881347656,41664500,0.0,0.0
2024-12-12 00:00:00-05:00,195.53874848742487,195.94217667495153,192.53045584003257,192.8791046142578,25197800,0.0,0.0
2024-12-13 00:00:00-05:00,191.96267672150887,193.58634524081108,190.51828766622816,190.63783264160156,18883200,0.0,0.0
2024-12-16 00:00:00-05:00,193.6112593352628,199.8619188484649,193.35724335963644,197.39154052734375,32248600,0.0,0.0
2024-12-17 00:00:00-05:00,197.76009594579685,202.09323264899297,195.92723514612658,196.35556030273438,24129500,0.0,0.0
2024-12-18 00:00:00-05:00,196.0667007110212,197.9194882921804,188.54597635525514,189.41259765625,27638400,0.0,0.0
2024-12-19 00:00:00-05:00,192.53045879108183,193.8453471258527,188.78504554591882,188.96434020996094,26981200,0.0,0.0
2024-12-20 00:00:00-05:00,186.28477739524527,193.38214693659674,185.6472598970594,192.2117156982422,45319700,0.0,0.0
2024-12-23 00:00:00-05:00,193.27755931254427,195.7280262328144,190.88687248269412,195.22996520996094,15235900,0.0,0.0
2024-12-24 00:00:00-05:00,195.40925307265215,196.90343608914247,194.44102235636947,196.8038330078125,6809800,0.0,0.0
2024-12-26 00:00:00-05:00,195.9770430636019,197.3915344458099,195.1104066085955,196.3356475830078,7907900,0.0,0.0
2024-12-27 00:00:00-05:00,195.70810591608387,196.03682802583742,191.22754771405576,193.2875213623047,14693000,0.0,0.0
2024-12-30 00:00:00-05:00,190.12482942840555,193.02851834654408,189.62178295869177,191.9427490234375,12209500,0.0,0.0
2024-12-31 00:00:00-05:00,191.6986911151048,192.50056196875875,188.84479632867445,189.7014617919922,14355200,0.0,0.0
2025-01-02 00:00:00-05:00,190.74241182117314,192.4507573140893,187.9781794953131,189.89073181152344,17545200,0.0,0.0
2025-01-03 00:00:00-05:00,191.97759906854557,193.74570935946113,190.60793145739257,192.3810272216797,12875000,0.0,0.0
2025-01-06 00:00:00-05:00,194.3932061333201,198.78610788965761,194.3035587994232,197.19232177734375,19483300,0.0,0.0
2025-01-07 00:00:00-05:00,197.50110665003498,201.35609379839065,195.1801406430058,195.94715881347656,16966800,0.0,0.0
2025-01-08 00:00:00-05:00,193.19786031960788,196.87355295931474,192.99863895802596,194.6322784423828,14335300,0.0,0.0
2025-01-10 00:00:00-05:00,194.66215765847485,196.8536229987654,190.85697955663122,192.42088317871094,20753800,0.0,0.0
2025-01-13 00:00:00-05:00,190.60795433486177,191.74353282805677,187.92838367294684,191.54429626464844,13169100,0.0,0.0
2025-01-14 00:00:00-05:00,191.7534864195981,192.52050462116884,188.90457687052228,190.30911254882812,13651200,0.0,0.0
2025-01-15 00:00:00-05:00,193.59631966617226,197.03293757748568,192.58027095513168,196.2161102294922,12894900,0.0,0.0
2025-01-16 00:00:00-05:00,195.06560346887113,196.21612325643892,193.5465233752164,193.65609741210938,13449600,0.0,0.0
2025-01-17 00:00:00-05:00,197.28198132895702,198.03902863921903,194.55260135312147,196.78392028808594,22109100,0.0,0.0
2025-01-21 00:00:00-05:00,199.73242729025483,203.04951554928857,198.66658459779842,198.85585021972656,19005200,0.0,0.0
2025-01-22 00:00:00-05:00,199.77227542933375,201.3361791069415,198.4275046138818,199.25428771972656,15477400,0.0,0.0
2025-01-23 00:00:00-05:00,199.20448828233938,201.15689423697205,196.05675407736828,198.80604553222656,15170800,0.0,0.0
2025-01-24 00:00:00-05:00,199.0749968784714,201.78445005827487,199.00924333890612,201.11703491210938,12732400,0.0,0.0
2025-01-27 00:00:00-05:00,193.43693937479924,197.89956181185707,191.95271207871966,193.01856994628906,24970200,0.0,0.0
2025-01-28 00:00:00-05:00,193.89514224561265,196.46513884315854,191.86306004269633,196.30577087402344,15939200,0.0,0.0
2025-01-29 00:00:00-05:00,196.6045945917345,197.69037912518527,194.43305592406392,196.4153289794922,12287800,0.0,0.0
2025-01-30 00:00:00-05:00,198.98534230170878,202.44986695272317,198.6984647345811,201.84422302246094,14571500,0.0,0.0
2025-01-31 00:00:00-05:00,202.92500402601587,206.2769602664651,202.79053301830598,204.80270385742188,17060300,0.0,0.0
2025-02-03 00:00:00-05:00,201.4308168414441,204.4241684677796,200.87797639910207,201.8541717529297,16719500,0.0,0.0
2025-02-04 00:00:00-05:00,203.7069521409136,207.89066156549822,203.4678773853658,206.90451049804688,28285400,0.0,0.0
2025-02-05 00:00:00-05:00,192.35116316256466,193.79553701425183,189.17353156908362,192.55038452148438,43666400,0.0,0.0
2025-02-06 00:00:00-05:00,190.24935328906002,193.07833622579454,189.7512922706371,192.5603485107422,20816600,0.0,0.0
2025-02-07 00:00:00-05:00,191.9925498566,192.26647731263563,184.38217877682177,186.4142608642578,29565700,0.0,0.0
2025-02-10 00:00:00-05:00,188.32681932034947,189.25322066659953,186.88244548763515,187.47015380859375,16606000,0.0,0.0
2025-02-11 00:00:00-05:00,186.11045418705976,188.06783020214885,185.35837723892726,186.34454345703125,13028100,0.0,0.0
2025-02-12 00:00:00-05:00,184.51167036726673,186.1054716174257,182.917884316723,184.7108917236328,17632300,0.0,0.0
2025-02-13 00:00:00-05:00,185.20896283422024,187.26098699579796,184.16304685624547,187.1514129638672,12729300,0.0,0.0
2025-02-14 00:00:00-05:00,186.10548651241567,187.42035972936003,185.38827741240368,186.14532470703125,12714200,0.0,0.0
