Date,Open,High,Low,Close,Volume,Dividends,Stock Splits
2015-02-17 00:00:00-05:00,74.77765476749144,76.376486971171,74.55917967235953,75.07556915283203,25254400,0.0,0.0
2015-02-18 00:00:00-05:00,75.41321642854213,76.3665561230516,74.92661004035207,76.17787170410156,22426400,0.0,0.0
2015-02-19 00:00:00-05:00,76.4559282516678,79.28615665666565,76.41620481729427,78.86907196044922,45851200,0.0,0.0
2015-02-20 00:00:00-05:00,78.99817830670982,79.7826915447347,78.65060013558173,79.34574890136719,36931700,0.0,0.0
2015-02-23 00:00:00-05:00,79.40531647713465,79.6337243005117,77.83627512063327,78.29308319091797,24139100,0.0,0.0
2015-02-24 00:00:00-05:00,77.95546368728992,78.92866898798876,77.5582368793216,77.90580749511719,18897100,0.0,0.0
2015-02-25 00:00:00-05:00,77.95545789410292,79.643662231922,77.95545789410292,79.00810241699219,25593800,0.0,0.0
2015-02-26 00:00:00-05:00,79.32588874739801,80.80555842751542,79.16700256903601,79.85221862792969,31111900,0.0,0.0
2015-02-27 00:00:00-05:00,80.12034024731025,80.66652804449929,78.07463245505865,78.42220306396484,30739200,0.0,0.0
2015-03-02 00:00:00-05:00,78.45198006465517,79.30601488413481,77.9753064723878,79.19677734375,21662500,0.0,0.0
2015-03-03 00:00:00-05:00,79.05775379730842,79.14712583937686,77.97531108127968,79.04782104492188,18635000,0.0,0.0
2015-03-04 00:00:00-05:00,78.74990671066276,80.58707192687109,78.30302377063143,80.33880615234375,28126700,0.0,0.0
2015-03-05 00:00:00-05:00,80.66651772620244,81.42124021572533,80.48776606784806,80.64665222167969,27825700,0.0,0.0
2015-03-06 00:00:00-05:00,80.33881218988574,80.76582965722238,79.27623489811376,79.45498657226562,24488600,0.0,0.0
2015-03-09 00:00:00-04:00,79.12726428547968,79.35567212108369,78.08454505030413,78.88893127441406,18925100,0.0,0.0
2015-03-10 00:00:00-04:00,77.95545373301194,78.71018381413174,77.01204681396484,77.01204681396484,23067100,0.0,0.0
2015-03-11 00:00:00-04:00,77.26031397980698,77.88594101960423,76.72405898435062,77.03190612792969,20215700,0.0,0.0
2015-03-12 00:00:00-04:00,77.558225002811,78.50163947432937,77.36954816968334,78.3824691772461,16093300,0.0,0.0
2015-03-13 00:00:00-04:00,78.05476326378579,78.8293513203505,77.14114697022076,77.50858306884766,18557300,0.0,0.0
2015-03-16 00:00:00-04:00,77.41918958929082,77.57808330398166,76.8233533121388,77.52842712402344,19305400,0.0,0.0
2015-03-17 00:00:00-04:00,77.8164233122569,79.22657106310672,77.79655780789562,78.80948638916016,22170000,0.0,0.0
2015-03-18 00:00:00-04:00,78.70025870256357,80.67645235172712,78.62081182810701,80.34874725341797,36912400,0.0,0.0
2015-03-19 00:00:00-04:00,80.55728185033423,82.4242377612526,80.43811155013807,82.17597198486328,42099500,0.0,0.0
2015-03-20 00:00:00-04:00,82.81154465030187,84.01315028579813,82.49376471014146,83.21870422363281,44466300,0.0,0.0
2015-03-23 00:00:00-04:00,83.33785029248101,84.37063678549042,82.72215604336745,83.84431457519531,27357300,0.0,0.0
2015-03-24 00:00:00-04:00,84.12237198462415,85.47293836970017,83.93368757632868,84.71820831298828,32576500,0.0,0.0
2015-03-25 00:00:00-04:00,84.90689212576909,84.92675005343828,82.34478759765625,82.34478759765625,37436100,0.0,0.0
2015-03-26 00:00:00-04:00,82.14617676072943,83.18888841801389,81.57019837300861,82.43416595458984,32794800,0.0,0.0
2015-03-27 00:00:00-04:00,82.80160726699523,83.36765299052405,82.30507566472535,82.72216796875,18372600,0.0,0.0
2015-03-30 00:00:00-04:00,83.22861761974697,83.75493986083991,81.83833531364124,82.62284851074219,24527700,0.0,0.0
2015-03-31 00:00:00-04:00,82.32494918035817,82.92078564575188,81.63973307809599,81.64966583251953,19734300,0.0,0.0
2015-04-01 00:00:00-04:00,81.92771412423573,82.14618924080239,80.30902383331068,81.10346984863281,22058200,0.0,0.0
2015-04-02 00:00:00-04:00,81.67944051635175,81.98728765492163,80.87506182449098,80.99422454833984,19664100,0.0,0.0
2015-04-06 00:00:00-04:00,80.23949552964575,82.23554675680428,80.23949552964575,81.86811828613281,19062900,0.0,0.0
2015-04-07 00:00:00-04:00,82.07666741704409,82.84132267679522,81.64964997741235,81.74895477294922,17467000,0.0,0.0
2015-04-08 00:00:00-04:00,82.05679907622735,82.52353993323763,81.27227833859921,81.709228515625,18966700,0.0,0.0
2015-04-09 00:00:00-04:00,81.92771113702214,82.22563311719959,81.14319032726085,81.5999984741211,15927300,0.0,0.0
2015-04-10 00:00:00-04:00,81.63972805109898,82.03695486239263,81.3418136249822,81.47090911865234,12529700,0.0,0.0
2015-04-13 00:00:00-04:00,81.36165604155173,83.35771489473882,81.35172328963384,82.43416595458984,26883100,0.0,0.0
2015-04-14 00:00:00-04:00,82.59306507413835,83.10946218439142,81.8681331761479,82.94063568115234,19634200,0.0,0.0
2015-04-15 00:00:00-04:00,82.9704380610494,83.07967562531613,81.6993107292612,82.13626098632812,22390900,0.0,0.0
2015-04-16 00:00:00-04:00,81.8979226781321,82.4937590781955,81.58014275966691,81.73902893066406,13769700,0.0,0.0
2015-04-17 00:00:00-04:00,80.91478371701683,81.54041073471984,79.81248308358528,80.21963500976562,24215000,0.0,0.0
2015-04-20 00:00:00-04:00,80.97436006571732,82.5731921440207,80.67643812726877,82.51360321044922,28796800,0.0,0.0
2015-04-21 00:00:00-04:00,83.41731646229312,83.90391535357777,82.96050825750955,83.03995513916016,27171900,0.0,0.0
2015-04-22 00:00:00-04:00,83.73509105630674,84.15217579358618,83.0697405121032,84.04293823242188,45548000,0.0,0.0
2015-04-23 00:00:00-04:00,83.5166123908853,84.9962744159682,81.83834075927734,81.83834075927734,73728100,0.0,0.0
2015-04-24 00:00:00-04:00,82.19582786143474,82.36465434328234,80.91478315453898,80.96443176269531,29660400,0.0,0.0
2015-04-27 00:00:00-04:00,81.30208869574079,82.35473328637086,81.06374806745123,81.34181213378906,25446000,0.0,0.0
2015-04-28 00:00:00-04:00,81.2623471469892,81.33186125396348,79.67344786152763,80.12032318115234,23775300,0.0,0.0
2015-04-29 00:00:00-04:00,79.45498840898095,80.82541289151074,78.96838198803128,79.91179656982422,26430300,0.0,0.0
2015-04-30 00:00:00-04:00,79.45498314284404,80.39839008563872,77.77670402888194,78.22357940673828,28999000,0.0,0.0
2015-05-01 00:00:00-04:00,78.6903128782258,79.20670989994599,77.5681543746899,78.44204711914062,24136400,0.0,0.0
2015-05-04 00:00:00-04:00,78.77970275304821,79.13720609881658,78.08455399117832,78.2633056640625,14692000,0.0,0.0
2015-05-05 00:00:00-04:00,78.0051028668647,78.25336862064025,76.68432723842609,77.02196502685547,22311300,0.0,0.0
2015-05-06 00:00:00-04:00,77.42913206201989,78.26330143947112,76.51551581724846,77.5582275390625,28663000,0.0,0.0
2015-05-07 00:00:00-04:00,77.45893069605117,78.39241254173074,77.02198045739758,77.88594818115234,19749400,0.0,0.0
2015-05-08 00:00:00-04:00,78.55129671103442,78.68039977450702,77.48871940218211,77.96539306640625,19943600,0.0,0.0
2015-05-11 00:00:00-04:00,77.9356053697303,78.48178559856532,77.38941756442414,77.46886444091797,18874100,0.0,0.0
2015-05-12 00:00:00-04:00,77.32983564319642,77.34969357394253,76.25732554760026,76.92267608642578,21285300,0.0,0.0
2015-05-13 00:00:00-04:00,77.1808673605233,77.98524606806659,77.1113532447661,77.8958740234375,21512300,0.0,0.0
2015-05-14 00:00:00-04:00,78.39241331399887,81.28222335559349,78.12428200073963,80.80555725097656,49438000,0.0,0.0
2015-05-15 00:00:00-04:00,80.8452825393712,80.9545125261395,79.62381141245177,79.86214447021484,27069900,0.0,0.0
2015-05-18 00:00:00-04:00,79.77276663820238,80.81547842570524,79.67346183603127,80.3189468383789,21613700,0.0,0.0
2015-05-19 00:00:00-04:00,80.68638058880609,81.12333079738835,79.99123941739843,80.0706787109375,17955400,0.0,0.0
2015-05-20 00:00:00-04:00,79.91180982667883,80.53743701622477,78.90881371122427,79.99125671386719,23056900,0.0,0.0
2015-05-21 00:00:00-04:00,79.63373320108461,80.3586650284312,79.52449565288659,79.92172241210938,13402700,0.0,0.0
2015-05-22 00:00:00-04:00,79.7926311695279,80.7459709868906,79.69332635914101,79.98131561279297,19567900,0.0,0.0
2015-05-26 00:00:00-04:00,79.87206917880366,80.04088809536154,78.5314354462766,78.77970123291016,16321300,0.0,0.0
2015-05-27 00:00:00-04:00,79.04784197556782,80.10049428963313,78.87902302264668,79.99125671386719,14160900,0.0,0.0
2015-05-28 00:00:00-04:00,79.69331419464294,80.50762563787207,79.44504841833565,79.59400939941406,11982000,0.0,0.0
2015-05-29 00:00:00-04:00,79.39538558873362,79.5145558789183,78.33280845811292,78.64066314697266,16134600,0.0,0.0
2015-06-01 00:00:00-04:00,78.74991701104281,79.82241953916547,78.11435715124007,79.73304748535156,18119000,0.0,0.0
2015-06-02 00:00:00-04:00,79.2067205258175,80.78568732871794,79.00810334602231,79.88200378417969,18923300,0.0,0.0
2015-06-03 00:00:00-04:00,80.78567564805212,81.95749032176546,80.6863708607482,81.86811828613281,31775000,0.0,0.0
2015-06-04 00:00:00-04:00,81.57021464601308,82.37459345302784,80.94458752683175,81.48084259033203,20863900,0.0,0.0
2015-06-05 00:00:00-04:00,81.30208197440578,81.88798559012032,80.94457863799774,81.57020568847656,16143100,0.0,0.0
2015-06-08 00:00:00-04:00,81.2524291413544,81.43118081693822,79.57414994151026,80.11040496826172,16915500,0.0,0.0
2015-06-09 00:00:00-04:00,80.04089084867194,80.62680206504643,78.76977118961848,80.11040496826172,16497500,0.0,0.0
2015-06-10 00:00:00-04:00,80.26928930852353,82.02700759874911,80.24942380441368,81.5900650024414,21531200,0.0,0.0
2015-06-11 00:00:00-04:00,81.73902568970313,82.32493688967148,80.79561872504819,81.26235961914062,18656800,0.0,0.0
2015-06-12 00:00:00-04:00,80.80554560953702,81.5205446634544,80.6367191276894,80.96443176269531,11417900,0.0,0.0
2015-06-15 00:00:00-04:00,79.99123743657724,80.36859869507244,79.51456380479404,80.1501235961914,18805100,0.0,0.0
2015-06-16 00:00:00-04:00,80.25937049682098,80.94458655469832,79.89193437166753,80.4977035522461,13693700,0.0,0.0
2015-06-17 00:00:00-04:00,81.19285030709636,81.64965847528549,80.77575800007932,81.22264099121094,18350300,0.0,0.0
2015-06-18 00:00:00-04:00,81.07366742919608,82.61291819930798,81.00415331821185,82.3348617553711,26782600,0.0,0.0
2015-06-19 00:00:00-04:00,82.25542487247601,82.40438586450708,81.55035092509779,81.9376449584961,23353200,0.0,0.0
2015-06-22 00:00:00-04:00,82.83140756687982,84.38058377963566,82.73209518280375,84.15217590332031,29383100,0.0,0.0
2015-06-23 00:00:00-04:00,84.37065057671929,87.35977300148038,84.17204096256692,87.27039337158203,50667900,0.0,0.0
2015-06-24 00:00:00-04:00,87.05191104370908,88.630877664557,86.84336113485196,88.24358367919922,41370200,0.0,0.0
2015-06-25 00:00:00-04:00,88.64081716583486,88.7798453980123,87.2306617621529,87.36969757080078,27302000,0.0,0.0
2015-06-26 00:00:00-04:00,87.50872790956733,87.72719543934073,86.22767553097609,87.39949035644531,38214600,0.0,0.0
2015-06-29 00:00:00-04:00,86.00920512972603,86.89303077953736,85.13531223341568,85.20482635498047,35957900,0.0,0.0
2015-06-30 00:00:00-04:00,85.99927020083933,86.09857500392408,84.97641633377192,85.1750259399414,23016500,0.0,0.0
2015-07-01 00:00:00-04:00,86.16809308377667,87.33990799755996,85.89003659177236,86.30712890625,25260000,0.0,0.0
2015-07-02 00:00:00-04:00,86.79371630669621,86.83343973980463,85.74106427049871,86.68447875976562,16908800,0.0,0.0
2015-07-06 00:00:00-04:00,85.89002828549337,87.57824015813871,85.79072348744845,86.94268035888672,24635900,0.0,0.0
2015-07-07 00:00:00-04:00,87.19095345964347,87.2406020745974,84.63878129570149,86.61497497558594,33059900,0.0,0.0
2015-07-08 00:00:00-04:00,85.69142225243627,86.14823040361323,84.85724524593908,85.05586242675781,24399300,0.0,0.0
2015-07-09 00:00:00-04:00,86.12836567446386,86.9923257192911,85.05585571212299,85.28425598144531,23307400,0.0,0.0
2015-07-10 00:00:00-04:00,86.74406080736264,87.60802843724696,86.16808238743977,87.33989715576172,23245900,0.0,0.0
2015-07-13 00:00:00-04:00,88.04498502005156,89.59416115364563,87.80664440221341,89.47499084472656,29976700,0.0,0.0
2015-07-14 00:00:00-04:00,89.83248748402869,90.17013287917337,89.02810879421111,89.05789947509766,26627800,0.0,0.0
2015-07-15 00:00:00-04:00,89.37567737861626,90.35880770836943,88.79969897271236,89.13734436035156,30886600,0.0,0.0
2015-07-16 00:00:00-04:00,89.65374947459904,90.22972798101557,89.14728509299339,90.21979522705078,21804100,0.0,0.0
2015-07-17 00:00:00-04:00,91.9079995750679,94.72829534610179,91.8980668219387,94.31121063232422,54001600,0.0,0.0
2015-07-20 00:00:00-04:00,95.18510439699936,97.91602814513506,94.69850555965246,97.23081970214844,54860500,0.0,0.0
2015-07-21 00:00:00-04:00,98.26360198900886,98.55159123022868,96.46615999624392,97.70748901367188,39453300,0.0,0.0
2015-07-22 00:00:00-04:00,96.06892221652178,96.90309916066775,95.2546107772082,96.3668441772461,28299500,0.0,0.0
2015-07-23 00:00:00-04:00,96.28739132802681,96.77399009560281,94.15230427942029,94.77793884277344,29418800,0.0,0.0
2015-07-24 00:00:00-04:00,96.67470024186679,97.08185978736003,95.21489613715043,96.27747344970703,33444900,0.0,0.0
2015-07-27 00:00:00-04:00,95.91003995641442,95.93983063840301,93.17911631922588,93.51675415039062,38585400,0.0,0.0
2015-07-28 00:00:00-04:00,94.18209201519635,94.89709859298786,92.6627068256241,94.62897491455078,35236000,0.0,0.0
2015-07-29 00:00:00-04:00,95.65184916715091,96.6051889503685,94.08280745923254,96.31719970703125,64648300,0.0,0.0
2015-07-30 00:00:00-04:00,94.25163087735488,95.14538168601892,91.16320375434312,94.54954528808594,86211300,0.0,0.0
2015-07-31 00:00:00-04:00,94.29133854415754,95.66177047443759,93.29827544173789,93.35786437988281,46509000,0.0,0.0
2015-08-03 00:00:00-04:00,92.88119225637409,94.42044312055941,92.15626042272913,93.4869613647461,29343100,0.0,0.0
2015-08-04 00:00:00-04:00,93.13940037296132,94.07288222483326,92.68259220064365,93.40752410888672,20136000,0.0,0.0
2015-08-05 00:00:00-04:00,94.58926379509049,96.4164963303843,94.51974967856236,95.77101135253906,29813200,0.0,0.0
2015-08-06 00:00:00-04:00,96.50585894960004,98.05503474583999,93.76500305308626,94.46015167236328,42271300,0.0,0.0
2015-08-07 00:00:00-04:00,94.71836893319451,94.73823444078265,92.96065033520543,93.64586639404297,23199100,0.0,0.0
2015-08-10 00:00:00-04:00,95.01628796048145,95.23476307828362,92.98050535529316,93.49690246582031,21624200,0.0,0.0
2015-08-11 00:00:00-04:00,93.07980333790067,94.10265707076718,92.25555918514557,92.97056579589844,22491000,0.0,0.0
2015-08-12 00:00:00-04:00,92.05695153616195,93.78488688276497,90.55743162557037,93.53662109375,27050500,0.0,0.0
2015-08-13 00:00:00-04:00,93.39759275273309,94.07287600115139,92.70244399839244,92.78189086914062,17451800,0.0,0.0
2015-08-14 00:00:00-04:00,92.89113697791964,94.06295191173665,92.56342428825282,93.76502990722656,15929700,0.0,0.0
2015-08-17 00:00:00-04:00,93.76502597293279,93.8047494102988,92.74217208428884,93.27842712402344,18313500,0.0,0.0
2015-08-18 00:00:00-04:00,93.42738382407649,95.18510228199116,93.38766038853703,94.50981903076172,22278800,0.0,0.0
2015-08-19 00:00:00-04:00,93.97356622023361,95.43337031055424,93.50683288875474,94.64884948730469,23251300,0.0,0.0
2015-08-20 00:00:00-04:00,92.89112462736061,94.11258801521254,89.83248841674767,89.93179321289062,44598200,0.0,0.0
2015-08-21 00:00:00-04:00,86.9128762336178,88.5613645604703,85.01612971664683,85.46300506591797,62778700,0.0,0.0
2015-08-24 00:00:00-04:00,76.49564911537614,81.52054595947266,71.50054295194104,81.52054595947266,83710700,0.0,0.0
2015-08-25 00:00:00-04:00,86.34683646055511,87.06184312918627,82.42424011230469,82.42424011230469,52021200,0.0,0.0
2015-08-26 00:00:00-04:00,85.35377085513008,86.85329826528442,82.68243625433655,86.58517456054688,45124300,0.0,0.0
2015-08-27 00:00:00-04:00,88.48191699889828,89.43525662590176,86.58517049688813,89.10755157470703,42431400,0.0,0.0
2015-08-28 00:00:00-04:00,89.25651871965279,90.84542591918621,89.16714666732632,90.3786849975586,33215900,0.0,0.0
2015-08-31 00:00:00-04:00,89.97151333028945,90.41839626116608,88.2733763764863,88.80963134765625,32850700,0.0,0.0
2015-09-01 00:00:00-04:00,86.24753197667957,88.7699132551089,85.89996139384826,86.6249008178711,36097400,0.0,0.0
2015-09-02 00:00:00-04:00,88.1939389178852,89.26644897460938,87.02212405808748,89.26644897460938,27190500,0.0,0.0
2015-09-03 00:00:00-04:00,89.13736090729364,89.19694227880264,87.12144368887688,87.53852844238281,27048200,0.0,0.0
2015-09-04 00:00:00-04:00,86.59509128440696,87.77683868863458,86.09855978030723,87.64774322509766,27328700,0.0,0.0
2015-09-08 00:00:00-04:00,89.06782927496288,89.61400941820757,88.2137944276654,88.908935546875,27012500,0.0,0.0
2015-09-09 00:00:00-04:00,90.15027517699941,91.34195555089562,89.5445060249748,89.81263732910156,32551100,0.0,0.0
2015-09-10 00:00:00-04:00,89.44519525968283,91.42138875467899,89.00824506073018,91.34194946289062,26437400,0.0,0.0
2015-09-11 00:00:00-04:00,91.04403240270958,91.44125918894463,90.49784462457755,91.41146850585938,21185000,0.0,0.0
2015-09-14 00:00:00-04:00,91.66967010498047,91.97752487765209,90.96459607649147,91.66967010498047,20127900,0.0,0.0
2015-09-15 00:00:00-04:00,91.72924719328253,92.60314005014048,91.15326873976515,92.25556945800781,18859400,0.0,0.0
2015-09-16 00:00:00-04:00,92.25556240113002,92.95070353222212,91.98743112451585,92.80174255371094,16321200,0.0,0.0
2015-09-17 00:00:00-04:00,92.72230491480578,94.84745935507105,92.25556404285092,93.6855697631836,27841800,0.0,0.0
2015-09-18 00:00:00-04:00,92.55348263685892,94.5296837622849,92.40452922539464,93.74516296386719,62300000,0.0,0.0
2015-09-21 00:00:00-04:00,93.9636502487152,95.82067373273279,93.86433785957222,94.88719940185547,28790000,0.0,0.0
2015-09-22 00:00:00-04:00,93.1195261085036,94.0232171910061,91.28236083838681,92.31514739990234,36888900,0.0,0.0
2015-09-23 00:00:00-04:00,92.75209247436823,93.66570868259303,92.15625614624204,93.3181381225586,21701400,0.0,0.0
2015-09-24 00:00:00-04:00,92.41445511032593,94.11259220227241,91.60014362337257,93.75509643554688,29106000,0.0,0.0
2015-09-25 00:00:00-04:00,95.12551979149686,95.18510115586582,91.42139091832529,92.12646484375,28961600,0.0,0.0
2015-09-28 00:00:00-04:00,91.44127338298124,91.64981577341985,87.56832487483227,88.59117889404297,41199900,0.0,0.0
2015-09-29 00:00:00-04:00,88.48192268195575,89.43526237019076,85.12537205609895,86.06877899169922,42281800,0.0,0.0
2015-09-30 00:00:00-04:00,87.8265035901384,89.39553754076995,87.39948615115425,89.27637481689453,36169100,0.0,0.0
2015-10-01 00:00:00-04:00,89.42533345594333,90.31908416748047,87.74705442493378,90.31908416748047,29283700,0.0,0.0
2015-10-02 00:00:00-04:00,88.28331931831691,91.56042330730475,87.75699703858822,91.43132781982422,37881700,0.0,0.0
2015-10-05 00:00:00-04:00,92.2952871633526,93.61605533145337,92.01723070691033,93.35786437988281,27292500,0.0,0.0
2015-10-06 00:00:00-04:00,93.4273926395012,93.5167646955448,91.69945712461194,92.1562728881836,22172800,0.0,0.0
2015-10-07 00:00:00-04:00,92.46410710453688,93.01029484755256,90.73617940845044,91.759033203125,24129300,0.0,0.0
2015-10-08 00:00:00-04:00,91.25257379099764,92.57334962119263,89.84242591249672,91.82855224609375,27290500,0.0,0.0
2015-10-09 00:00:00-04:00,92.25556286862951,93.08973223016713,91.60013759044698,92.59320068359375,20012900,0.0,0.0
2015-10-12 00:00:00-04:00,92.67265074312573,93.94377033392429,92.02715819504104,93.60613250732422,18449600,0.0,0.0
2015-10-13 00:00:00-04:00,93.01030152434785,94.7084386611661,92.90106396790304,93.46710968017578,19480300,0.0,0.0
2015-10-14 00:00:00-04:00,93.42739033426106,94.53961630098509,92.96064940473744,93.4174575805664,19253400,0.0,0.0
2015-10-15 00:00:00-04:00,94.33105443763773,95.63197214982607,94.24168240226908,95.29432678222656,27557500,0.0,0.0
2015-10-16 00:00:00-04:00,95.51280642077877,96.91302141037585,94.68856225393661,96.86337280273438,25412900,0.0,0.0
2015-10-19 00:00:00-04:00,96.5058814698363,97.88623870300471,96.2476829180544,97.78693389892578,23729900,0.0,0.0
2015-10-20 00:00:00-04:00,98.04513589791671,98.89916330419922,95.8901829336357,96.32713317871094,30881800,0.0,0.0
2015-10-21 00:00:00-04:00,96.69455411112,97.49893277549327,95.80079583044414,96.43635559082031,21917800,0.0,0.0
2015-10-22 00:00:00-04:00,97.11164360656664,99.03818848765785,96.87331057870568,98.97859954833984,26392100,0.0,0.0
2015-10-23 00:00:00-04:00,101.2030760189705,102.1365502903764,99.4652153902887,101.48113250732422,42809700,0.0,0.0
2015-10-26 00:00:00-04:00,101.49103934530726,103.08987144090811,100.84555443246803,103.0501480102539,25961200,0.0,0.0
2015-10-27 00:00:00-04:00,102.22591412390076,103.37786333715117,101.68965916073475,102.98063659667969,23795500,0.0,0.0
2015-10-28 00:00:00-04:00,103.17925846496244,103.75523688611422,102.20605328520702,103.4771728515625,24081500,0.0,0.0
2015-10-29 00:00:00-04:00,103.23883436856872,104.39079114996629,102.80188419956,104.15245056152344,20316700,0.0,0.0
2015-10-30 00:00:00-04:00,103.78502299992995,103.99356533431387,100.94486202913373,101.26264190673828,33487100,0.0,0.0
2015-11-02 00:00:00-05:00,101.01438647399644,102.75224701477585,100.47813145509373,102.59335327148438,24003900,0.0,0.0
2015-11-03 00:00:00-05:00,102.50397561798961,102.93099305914642,101.68966416932668,101.86841583251953,21242300,0.0,0.0
2015-11-04 00:00:00-05:00,102.47418914674066,103.41759611117284,101.76911521753345,103.21898651123047,43469300,0.0,0.0
2015-11-05 00:00:00-05:00,108.04526237142254,109.88242749014094,107.20115272164645,108.00553894042969,63232900,0.0,0.0
2015-11-06 00:00:00-05:00,107.29055278795595,107.98569402166906,105.17533082553926,106.35707092285156,35084300,0.0,0.0
2015-11-09 00:00:00-05:00,106.25776134545583,107.4990903331364,105.12566991480882,105.75129699707031,26383500,0.0,0.0
2015-11-10 00:00:00-05:00,105.22496797511214,107.39977864662487,104.50996131179451,107.16144561767578,25031700,0.0,0.0
2015-11-11 00:00:00-05:00,107.51895009835195,109.10785729087814,106.36700071788856,108.25382232666016,25057100,0.0,0.0
2015-11-12 00:00:00-05:00,107.72749902683903,108.63118259703732,107.2508253582662,107.27068328857422,20924700,0.0,0.0
2015-11-13 00:00:00-05:00,106.96281614226771,107.49907107806906,103.10973438219482,103.22889709472656,30278400,0.0,0.0
2015-11-16 00:00:00-05:00,102.60328403246119,103.44738619201408,99.77305557915065,103.31829071044922,49309200,0.0,0.0
2015-11-17 00:00:00-05:00,103.89427715888279,105.46331129372534,103.41760347800695,104.4007339477539,26807200,0.0,0.0
2015-11-18 00:00:00-05:00,105.06607957840058,107.13164507944624,104.65892006849447,107.02240753173828,23836500,0.0,0.0
2015-11-19 00:00:00-05:00,106.61525608923326,106.9826921674402,105.2150334675127,105.52288818359375,25520600,0.0,0.0
2015-11-20 00:00:00-05:00,106.09884979154938,107.12171106996489,105.88038229061897,106.57552337646484,22129600,0.0,0.0
2015-11-23 00:00:00-05:00,106.44643997293451,106.72449643878086,105.34413928585042,106.20809936523438,19897200,0.0,0.0
2015-11-24 00:00:00-05:00,105.26469879656293,105.75129764128613,103.66586644457293,105.00650024414062,23577300,0.0,0.0
2015-11-25 00:00:00-05:00,105.59240348450084,105.86052719354983,104.37093251190569,104.67878723144531,15150800,0.0,0.0
2015-11-27 00:00:00-05:00,105.04621086308896,105.22496251965086,104.1325946524259,104.71849822998047,5913100,0.0,0.0
2015-11-30 00:00:00-05:00,105.10580635667382,105.36400491230981,103.03030788750156,103.51690673828125,20383200,0.0,0.0
2015-12-01 00:00:00-05:00,104.10280718624999,106.40671328835688,103.77509454302442,106.37692260742188,22781900,0.0,0.0
2015-12-02 00:00:00-05:00,106.25775463904519,107.17137089796259,105.05614916398571,105.3342056274414,24429100,0.0,0.0
2015-12-03 00:00:00-05:00,105.53281832541371,106.10879677463384,102.6330757262974,103.65592956542969,23236500,0.0,0.0
2015-12-04 00:00:00-05:00,104.08295161557679,106.9827019190333,103.38781040584426,105.44345092773438,21224700,0.0,0.0
2015-12-07 00:00:00-05:00,105.74136326291988,106.08893383604848,103.93398870618081,104.87739562988281,15474900,0.0,0.0
2015-12-08 00:00:00-05:00,103.27857177502248,106.16838929504884,103.22891558492691,105.75129699707031,20401800,0.0,0.0
2015-12-09 00:00:00-05:00,105.44344651666539,105.7016450593951,102.83169313624808,103.87440490722656,23517300,0.0,0.0
2015-12-10 00:00:00-05:00,104.32129216814545,105.66192597256286,103.68573232639986,104.688720703125,17454300,0.0,0.0
2015-12-11 00:00:00-05:00,103.42752270251503,103.61619953827888,101.20306349450397,101.41160583496094,26427700,0.0,0.0
2015-12-14 00:00:00-05:00,101.58042814067586,104.0134297705352,100.75618392715096,103.93399047851562,24648100,0.0,0.0
2015-12-15 00:00:00-05:00,104.56955015178525,105.06608171456396,103.55662152089326,103.82475280761719,21764300,0.0,0.0
2015-12-16 00:00:00-05:00,104.63906933587963,106.34713163033607,103.46725448790427,106.0492172241211,22680500,0.0,0.0
2015-12-17 00:00:00-05:00,106.74436414971186,107.00256271014594,105.39379755486286,105.4831771850586,21675700,0.0,0.0
2015-12-18 00:00:00-05:00,105.34414043925848,105.8505971891079,103.24877659322652,103.31829071044922,35994200,0.0,0.0
2015-12-21 00:00:00-05:00,104.1822639677928,104.4205970144246,102.88134602355423,104.04322814941406,16138800,0.0,0.0
2015-12-22 00:00:00-05:00,104.49008700116298,104.92703713279077,104.08292754642449,104.778076171875,14597100,0.0,0.0
2015-12-23 00:00:00-05:00,105.1554439773002,105.37391905683491,103.13952723218017,103.90418243408203,19599700,0.0,0.0
2015-12-24 00:00:00-05:00,104.01343217778125,104.58941062295806,103.77509914326589,104.29148864746094,6501800,0.0,0.0
2015-12-28 00:00:00-05:00,104.29149167116292,105.24483898980569,103.80489283511561,105.19518280029297,13069700,0.0,0.0
2015-12-29 00:00:00-05:00,105.68176852834084,106.99261145829873,105.51294962728993,106.51594543457031,17179900,0.0,0.0
2015-12-30 00:00:00-05:00,106.2577652898897,106.50603109664178,105.32428343203111,105.4831771850586,13115000,0.0,0.0
2015-12-31 00:00:00-05:00,105.26469143160561,105.43351034479397,103.89426704427065,103.93399047851562,18391100,0.0,0.0
2016-01-04 00:00:00-05:00,101.2427787576847,101.53076796228632,99.05804299539192,101.51091003417969,37912400,0.0,0.0
2016-01-05 00:00:00-05:00,102.1762735647399,102.99058509781774,100.96473523044752,102.01738739013672,23258200,0.0,0.0
2016-01-06 00:00:00-05:00,100.42847426914615,103.05016039566198,100.20007398602057,102.2557144165039,25096200,0.0,0.0
2016-01-07 00:00:00-05:00,99.80285038766395,100.72639945550415,96.62505121685403,97.2407455444336,45172900,0.0,0.0
2016-01-08 00:00:00-05:00,99.18714505790815,99.8028469406936,96.35691658533186,96.65483856201172,35402300,0.0,0.0
2016-01-11 00:00:00-05:00,97.23082207331635,97.91603053301314,94.72829855299021,96.8335952758789,29932400,0.0,0.0
2016-01-12 00:00:00-05:00,98.31325086134918,99.2665905665858,96.87331233891761,98.6806869506836,28395400,0.0,0.0
2016-01-13 00:00:00-05:00,99.88228225583103,99.88228225583103,94.54953101021425,94.77793884277344,33410600,0.0,0.0
2016-01-14 00:00:00-05:00,95.1850913252908,98.18414596329973,91.80867545780083,97.68761444091797,48658600,0.0,0.0
2016-01-15 00:00:00-05:00,93.32808021371405,95.71142576471196,92.89112999367808,94.31121063232422,46132800,0.0,0.0
2016-01-19 00:00:00-05:00,95.86037651807044,96.74420204041003,93.26848131052223,94.59918975830078,30998300,0.0,0.0
2016-01-20 00:00:00-05:00,92.18605814261174,94.34100345582871,88.75006039960755,93.69551086425781,59051400,0.0,0.0
2016-01-21 00:00:00-05:00,94.25161796823413,95.32412030703047,91.97750266838025,93.50682067871094,30518900,0.0,0.0
2016-01-22 00:00:00-05:00,95.74121197962036,97.38969269756004,94.82758821843848,97.2605972290039,30495400,0.0,0.0
2016-01-25 00:00:00-05:00,98.0352038748555,98.78993405566362,96.25761977315372,96.33706665039062,32482000,0.0,0.0
2016-01-26 00:00:00-05:00,97.08185668981565,97.20101942013189,94.99642556810437,96.66476440429688,26877100,0.0,0.0
2016-01-27 00:00:00-05:00,97.11164215152786,97.17122351348279,93.57633991475718,93.79480743408203,58699400,0.0,0.0
2016-01-28 00:00:00-05:00,106.45637217423615,109.57459002094635,104.08295172867909,108.3531265258789,107475300,0.0,0.0
2016-01-29 00:00:00-05:00,108.23394569695613,112.05723713606814,108.084984715906,111.43161010742188,62739500,0.0,0.0
2016-02-01 00:00:00-05:00,111.49119584294313,114.91726823561653,111.23300488056258,114.29163360595703,46132700,0.0,0.0
2016-02-02 00:00:00-05:00,114.00364871088367,116.77428813634263,112.4147416646162,113.8149642944336,59778600,0.0,0.0
2016-02-03 00:00:00-05:00,114.47039198123167,114.53990610232519,108.98868643886492,111.90829467773438,56919300,0.0,0.0
2016-02-04 00:00:00-05:00,111.0244668099525,111.16349504935461,108.49215266453967,109.72354888916016,38890200,0.0,0.0
2016-02-05 00:00:00-05:00,108.75034152133671,108.81985563484255,102.464250319352,103.34807586669922,76894700,0.0,0.0
2016-02-08 00:00:00-05:00,99.71346971767962,101.96771962577968,96.78392902062856,99.05804443359375,71229700,0.0,0.0
2016-02-09 00:00:00-05:00,96.46614959177985,101.68966365514068,96.14836970065164,98.84950256347656,62709000,0.0,0.0
2016-02-10 00:00:00-05:00,100.84557287157675,102.53377731247704,99.54465490331157,100.29938507080078,45179400,0.0,0.0
2016-02-11 00:00:00-05:00,98.90907559975743,104.38085497924054,98.19406901078699,101.20305633544922,43670600,0.0,0.0
2016-02-12 00:00:00-05:00,103.02037082965155,103.5169024131828,100.38875192164181,101.30237579345703,36176800,0.0,0.0
2016-02-16 00:00:00-05:00,103.07995438446963,103.20904986191147,99.54464454249084,100.90514373779297,45687200,0.0,0.0
2016-02-17 00:00:00-05:00,101.31228189345202,104.98661946560554,99.70352471467329,104.47022247314453,44073400,0.0,0.0
2016-02-18 00:00:00-05:00,105.06607414683758,105.26468372705541,102.31528524435463,102.75223541259766,29593500,0.0,0.0
2016-02-19 00:00:00-05:00,101.83862791484677,104.29148750345523,101.35202152177449,103.84461212158203,32404500,0.0,0.0
2016-02-22 00:00:00-05:00,104.75822767614306,107.49908404195,104.6092666910449,106.4166488647461,35709700,0.0,0.0
2016-02-23 00:00:00-05:00,106.10879650925261,106.72449839237603,104.39080149533805,104.72843933105469,25319300,0.0,0.0
2016-02-24 00:00:00-05:00,103.48710369055341,106.20809443550067,102.02729973614754,106.13858032226562,34412400,0.0,0.0
2016-02-25 00:00:00-05:00,106.36698810222684,107.32032775878906,104.87739346826022,107.32032775878906,29906300,0.0,0.0
2016-02-26 00:00:00-05:00,107.94595949121238,108.69075684071882,106.41664893418645,107.17137145996094,26686200,0.0,0.0
2016-02-29 00:00:00-05:00,106.85360515758607,108.15452317893117,106.00950290269496,106.1783218383789,32779000,0.0,0.0
2016-03-01 00:00:00-05:00,107.08200343468418,109.05819702148438,106.85359557194724,109.05819702148438,26817300,0.0,0.0
2016-03-02 00:00:00-05:00,108.91916266976297,109.78313030665618,108.01547159912488,109.18728637695312,25670200,0.0,0.0
2016-03-03 00:00:00-05:00,109.4852128613571,109.53486904970559,107.78707577513293,108.81986236572266,21353100,0.0,0.0
2016-03-04 00:00:00-05:00,109.28661115196952,109.28661115196952,107.18131438339195,107.63812255859375,24938900,0.0,0.0
2016-03-07 00:00:00-05:00,107.32033862951725,107.32033862951725,103.99357845864385,104.99657440185547,31436400,0.0,0.0
2016-03-08 00:00:00-05:00,104.05315862973761,106.62519620178635,103.67579734944165,105.19518280029297,25617000,0.0,0.0
2016-03-09 00:00:00-05:00,105.95983488931144,106.76422119140625,104.75822938908698,106.76422119140625,20493300,0.0,0.0
2016-03-10 00:00:00-05:00,107.16143450008032,107.90623176768787,105.03627265948806,106.57552337646484,24854300,0.0,0.0
2016-03-11 00:00:00-05:00,107.72749012289157,108.66096429963336,107.17136962610952,108.65103912353516,20697600,0.0,0.0
2016-03-14 00:00:00-04:00,108.5219317232412,109.56465098353499,108.01546743311535,109.12770080566406,17249400,0.0,0.0
2016-03-15 00:00:00-04:00,108.35312187026842,110.06119171575769,108.08499057455036,109.90229797363281,17618500,0.0,0.0
2016-03-16 00:00:00-04:00,109.72354579595327,111.71960485748545,109.3362517718983,111.40182495117188,24744800,0.0,0.0
2016-03-17 00:00:00-04:00,111.37203653642892,111.90829155984004,109.96188864697976,110.24987030029297,24241200,0.0,0.0
2016-03-18 00:00:00-04:00,110.78611743034307,111.64015230568926,109.50506511732378,110.6768798828125,36256900,0.0,0.0
2016-03-21 00:00:00-04:00,110.88541985889245,111.5904936901581,110.25978531068652,111.0740966796875,18448000,0.0,0.0
2016-03-22 00:00:00-04:00,110.5875183538905,112.0969710814557,110.39883392176826,111.47134399414062,19001100,0.0,0.0
2016-03-23 00:00:00-04:00,111.23300088493995,112.40481565582274,111.22306813244504,111.75932312011719,18562000,0.0,0.0
2016-03-24 00:00:00-04:00,111.35216898479551,112.30550870563626,110.90529359506317,112.26579284667969,17839100,0.0,0.0
2016-03-28 00:00:00-04:00,112.53391583574421,113.79510270238202,112.16647974277748,112.90135192871094,21351800,0.0,0.0
2016-03-29 00:00:00-04:00,113.04038467219853,115.5131098924899,112.85170024173443,115.33435821533203,29825300,0.0,0.0
2016-03-30 00:00:00-04:00,115.92026725217077,116.1784582214999,113.56670481002723,113.90434265136719,33235200,0.0,0.0
2016-03-31 00:00:00-04:00,113.90433089350523,114.212185596651,112.98078193700785,113.3084945678711,21207500,0.0,0.0
2016-04-01 00:00:00-04:00,112.9609322698284,115.36414325229293,112.56370549820085,115.2549057006836,24760500,0.0,0.0
2016-04-04 00:00:00-04:00,113.27870919251723,113.75538282122751,110.835774839494,111.76925659179688,48487900,0.0,0.0
2016-04-05 00:00:00-04:00,111.33230603072448,112.53391148640199,111.12376368649652,111.44154357910156,22962400,0.0,0.0
2016-04-06 00:00:00-04:00,111.68980749700185,113.02050840747843,111.64015131166819,112.92120361328125,20814600,0.0,0.0
2016-04-07 00:00:00-04:00,113.0006455433367,114.09301338473118,112.28563893399638,112.8516845703125,20714500,0.0,0.0
2016-04-08 00:00:00-04:00,113.45746298660839,113.53690985563026,109.13763987177778,109.8625717163086,48497800,0.0,0.0
2016-04-11 00:00:00-04:00,109.93209253571762,110.140642473734,108.0154802684043,108.23395538330078,39762300,0.0,0.0
2016-04-12 00:00:00-04:00,108.58151799605224,110.38890014939444,108.23394741905196,109.84271240234375,26248100,0.0,0.0
2016-04-13 00:00:00-04:00,111.45148574064761,111.8685704643149,105.78108822826746,109.74341583251953,88227400,0.0,0.0
2016-04-14 00:00:00-04:00,109.85265367652327,111.26280159915355,109.4951503191704,110.07112121582031,28473300,0.0,0.0
2016-04-15 00:00:00-04:00,110.02146441549421,110.20021608087036,108.44249010859319,108.87944030761719,20922800,0.0,0.0
2016-04-18 00:00:00-04:00,108.97874111937291,110.04131832011981,108.44248614285529,109.6838150024414,21167200,0.0,0.0
2016-04-19 00:00:00-04:00,110.32931504274761,111.66994878715967,108.40277767339208,111.51106262207031,30210500,0.0,0.0
2016-04-20 00:00:00-04:00,111.65009236003239,112.4842617850347,110.78612467573369,111.6401596069336,21027900,0.0,0.0
2016-04-21 00:00:00-04:00,111.7692582223964,113.2489201634973,111.53091761632898,112.65308380126953,20875200,0.0,0.0
2016-04-22 00:00:00-04:00,110.43855287060343,110.97480788499598,108.25381695401502,109.79306030273438,38458200,0.0,0.0
2016-04-25 00:00:00-04:00,109.10785002557684,109.90229599246817,108.31339648221501,109.33625030517578,21017900,0.0,0.0
2016-04-26 00:00:00-04:00,109.72353376616952,109.73346651803517,107.39976987661073,108.00553894042969,22521500,0.0,0.0
2016-04-27 00:00:00-04:00,107.19122904950898,108.18429210884786,105.57253141384588,108.13463592529297,52213100,0.0,0.0
2016-04-28 00:00:00-04:00,118.75048585319327,119.9520912802115,115.42372602447728,115.92025756835938,87110100,0.0,0.0
2016-04-29 00:00:00-04:00,116.00963603995532,117.02255711197407,115.03643082635492,116.76436614990234,37140600,0.0,0.0
2016-05-02 00:00:00-04:00,117.01263294796854,117.90639129952383,115.76137125579115,117.74749755859375,28095200,0.0,0.0
2016-05-03 00:00:00-04:00,116.70478190081396,117.34034930811448,116.20825030944883,116.61540985107422,24117500,0.0,0.0
2016-05-04 00:00:00-04:00,115.8010893593843,117.47936843245286,115.76136592598071,117.24102783203125,23448400,0.0,0.0
2016-05-05 00:00:00-04:00,117.22116754795303,118.15464927300334,116.43664680105522,116.99275970458984,22056700,0.0,0.0
2016-05-06 00:00:00-04:00,116.34727113538845,118.81006326843368,116.29761495206124,118.66110229492188,26395600,0.0,0.0
2016-05-09 00:00:00-04:00,118.71077140573657,119.44563602489241,118.07521158757952,118.41284942626953,21138100,0.0,0.0
2016-05-10 00:00:00-04:00,118.79021544138035,119.66410827636719,118.17451356753274,119.66410827636719,23220000,0.0,0.0
2016-05-11 00:00:00-04:00,119.57472818536196,120.24007862552259,118.59159028861959,118.6908950805664,22038400,0.0,0.0
2016-05-12 00:00:00-04:00,119.14771853928164,120.0017458669522,118.07520853271332,119.44563293457031,22035500,0.0,0.0
2016-05-13 00:00:00-04:00,119.54492747252009,119.80312598745226,118.84978636670633,118.9788818359375,18124300,0.0,0.0
2016-05-16 00:00:00-04:00,118.55188335757839,118.78029122967074,116.53596625223318,117.84680938720703,31247800,0.0,0.0
2016-05-17 00:00:00-04:00,117.99576135660335,118.18444577665827,116.3869963509335,116.53595733642578,21328600,0.0,0.0
2016-05-18 00:00:00-04:00,115.98977542691381,117.44957184883111,115.92026131158441,116.83387756347656,21642300,0.0,0.0
2016-05-19 00:00:00-04:00,116.23804306123378,116.67498568893043,115.07615343437762,115.99970245361328,20544100,0.0,0.0
2016-05-20 00:00:00-04:00,116.14866332002812,117.1715171364871,116.13873056726985,116.53595733642578,18944800,0.0,0.0
2016-05-23 00:00:00-04:00,116.60547351324975,116.78422518370499,115.13574429081376,115.16553497314453,20441000,0.0,0.0
2016-05-24 00:00:00-04:00,115.43365837402311,116.91332792180557,115.3144956450268,116.88352966308594,20183600,0.0,0.0
2016-05-25 00:00:00-04:00,117.31053760497497,117.84679257137266,116.56574030327872,117.07220458984375,20019800,0.0,0.0
2016-05-26 00:00:00-04:00,117.41978720589107,118.9292474684838,117.10200729426167,118.6412582397461,18481300,0.0,0.0
2016-05-27 00:00:00-04:00,118.73063155854567,119.01862079036414,118.18445135458992,118.5518798828125,13493600,0.0,0.0
2016-05-31 00:00:00-04:00,118.63131711579348,119.26687689420609,117.30061619738902,117.98582458496094,23547600,0.0,0.0
2016-06-01 00:00:00-04:00,117.67799057110109,118.25396905216502,117.00270728417433,117.95604705810547,15029500,0.0,0.0
2016-06-02 00:00:00-04:00,117.86667031704943,118.61146769609934,117.39992941394284,118.1050033569336,13228300,0.0,0.0
2016-06-03 00:00:00-04:00,118.15465769058707,118.15465769058707,117.04242422780993,117.648193359375,14135100,0.0,0.0
2016-06-06 00:00:00-04:00,117.79715398266725,118.60153271244266,117.53895544137404,117.96597290039062,12744700,0.0,0.0
2016-06-07 00:00:00-04:00,118.41284441043057,118.47243334968225,116.85373561373265,116.943115234375,17103000,0.0,0.0
2016-06-08 00:00:00-04:00,116.94310622491611,117.77727554547067,116.45649987812284,117.56873321533203,14505600,0.0,0.0
2016-06-09 00:00:00-04:00,117.3105390296357,117.85672675476737,116.89345435397337,117.73755645751953,13859200,0.0,0.0
2016-06-10 00:00:00-04:00,116.72464380844576,117.2906895020909,115.45352418597743,115.81102752685547,18510800,0.0,0.0
2016-06-13 00:00:00-04:00,114.20226526404535,114.67893892227285,112.52398607178135,113.1595458984375,31718200,0.0,0.0
2016-06-14 00:00:00-04:00,113.27870966618465,114.15260248325896,112.79211085935115,114.1426773071289,17618500,0.0,0.0
2016-06-15 00:00:00-04:00,114.50018722121771,114.63921545973743,113.27871618111374,113.80503845214844,19819400,0.0,0.0
2016-06-16 00:00:00-04:00,113.08009946723868,113.70572650124461,112.15655046858025,113.59648895263672,19236300,0.0,0.0
2016-06-17 00:00:00-04:00,113.62628233900163,113.63621509178526,111.77918429770938,112.23599243164062,24644300,0.0,0.0
2016-06-20 00:00:00-04:00,112.98079158773491,113.92420612900544,111.96787050528098,112.58357238769531,20785400,0.0,0.0
2016-06-21 00:00:00-04:00,113.3283645281278,114.41079967833633,113.17940354674465,113.58655548095703,19166300,0.0,0.0
2016-06-22 00:00:00-04:00,113.85469188150772,113.94406392847353,112.82190529434727,113.11982727050781,14846300,0.0,0.0
2016-06-23 00:00:00-04:00,113.57663384471853,114.29163293999524,112.75238962165051,114.28170776367188,16176900,0.0,0.0
2016-06-24 00:00:00-04:00,110.23995103074479,112.89142803040738,110.23001827705566,111.30252838134766,40643100,0.0,0.0
2016-06-27 00:00:00-04:00,110.79605101377312,110.79605101377312,107.47922385906344,108.2140884399414,36130400,0.0,0.0
2016-06-28 00:00:00-04:00,109.86257249309011,111.96786907823237,109.78313319997702,111.918212890625,26813800,0.0,0.0
2016-06-29 00:00:00-04:00,112.58358215917453,113.45747508216837,112.25586947187513,113.36810302734375,20968300,0.0,0.0
2016-06-30 00:00:00-04:00,113.87454528948703,114.38100959826244,112.88148217700915,113.48725128173828,23192700,0.0,0.0
2016-07-01 00:00:00-04:00,113.40780573038056,114.33135473876075,113.02051171813761,113.39788055419922,14980000,0.0,0.0
2016-07-05 00:00:00-04:00,113.14960782576117,113.40779876708984,112.18633544238985,113.40779876708984,14207000,0.0,0.0
2016-07-06 00:00:00-04:00,112.57363013866124,115.97983676931906,112.18633614776321,115.89045715332031,24337600,0.0,0.0
2016-07-07 00:00:00-04:00,115.82095187141503,116.15859728047269,114.55976501093826,115.0463638305664,16630200,0.0,0.0
2016-07-08 00:00:00-04:00,115.6223409517565,116.68491820168322,115.04636251589741,116.42671966552734,18142600,0.0,0.0
2016-07-11 00:00:00-04:00,116.89345155002654,117.87658185521094,116.68490921719773,117.0523452758789,17711600,0.0,0.0
2016-07-12 00:00:00-04:00,117.80707965628082,117.89645928022782,116.75443513371576,117.1119384765625,15217700,0.0,0.0
2016-07-13 00:00:00-04:00,117.56874962809522,117.57868238133695,115.87061249435843,115.96991729736328,16207700,0.0,0.0
2016-07-14 00:00:00-04:00,116.68492939281299,116.8239576387378,115.89047577912453,116.47638702392578,14579700,0.0,0.0
2016-07-15 00:00:00-04:00,116.92325504115071,117.45951005995676,115.77130570837791,116.04936218261719,16646000,0.0,0.0
2016-07-18 00:00:00-04:00,116.50617149924418,118.78028708134322,116.07915403052739,118.54195404052734,20868400,0.0,0.0
2016-07-19 00:00:00-04:00,118.16457340567196,120.01167133492912,117.83686834839344,119.7733383178711,21541300,0.0,0.0
2016-07-20 00:00:00-04:00,120.40890640775285,121.35231336551404,119.72369041279693,121.07425689697266,20046500,0.0,0.0
2016-07-21 00:00:00-04:00,121.07424852421404,121.25300018112505,119.41583500404907,119.7733383178711,17801700,0.0,0.0
2016-07-22 00:00:00-04:00,119.06827655080552,120.17057728444125,118.48236533605362,120.16064453125,18422400,0.0,0.0
2016-07-25 00:00:00-04:00,120.54792948885557,121.00473760714178,116.96297108025956,120.78626251220703,18487400,0.0,0.0
2016-07-26 00:00:00-04:00,121.15370794109066,121.22322206062097,119.9123789662844,120.37911987304688,17612000,0.0,0.0
2016-07-27 00:00:00-04:00,121.57078923619099,124.13289398642371,120.66710570773452,122.48440551757812,52654200,0.0,0.0
2016-07-28 00:00:00-04:00,126.63542006479017,127.4398064350523,122.77240469678678,124.13290405273438,78955800,0.0,0.0
2016-07-29 00:00:00-04:00,123.78531988030637,124.96705984546949,122.85183811958947,123.08024597167969,35058800,0.0,0.0
2016-08-01 00:00:00-04:00,122.99086187183563,123.71580125935897,122.00773153662021,123.44766998291016,25006900,0.0,0.0
2016-08-02 00:00:00-04:00,123.19940984127066,123.93428201466445,121.22321632824078,122.23613739013672,23968400,0.0,0.0
2016-08-03 00:00:00-04:00,122.23615005682431,123.06039436088405,121.46156194514263,121.6601791381836,18525300,0.0,0.0
2016-08-04 00:00:00-04:00,122.08718190554652,123.924347154853,121.66016446260758,123.49732971191406,21066000,0.0,0.0
2016-08-05 00:00:00-04:00,124.11302618872774,124.96705346109715,123.7555228763545,124.28184509277344,20184000,0.0,0.0
2016-08-08 00:00:00-04:00,124.38116526909147,124.57977487765535,123.686024062647,124.39109802246094,15233900,0.0,0.0
2016-08-09 00:00:00-04:00,124.47053083332148,125.21532819132787,123.66615211114515,124.19247436523438,19621000,0.0,0.0
2016-08-10 00:00:00-04:00,124.20240970652618,124.60956924076093,123.67608744146813,124.01372528076172,10670100,0.0,0.0
2016-08-11 00:00:00-04:00,124.33149133566319,124.51024298844982,123.88461599193153,124.03357696533203,11729500,0.0,0.0
2016-08-12 00:00:00-04:00,123.83497360805609,124.13289558805569,123.31858409605688,124.01372528076172,12159000,0.0,0.0
2016-08-15 00:00:00-04:00,124.04351556765616,124.05344074360643,122.84190254829731,123.04051971435547,19295100,0.0,0.0
2016-08-16 00:00:00-04:00,122.64329648494683,123.0603811809557,121.92828981951997,122.44468688964844,14222400,0.0,0.0
2016-08-17 00:00:00-04:00,122.80218927630476,123.51718835975292,121.99780299566126,123.50726318359375,13794200,0.0,0.0
2016-08-18 00:00:00-04:00,123.14976561696125,123.39803140902549,122.7823295171767,123.05046081542969,12400800,0.0,0.0
2016-08-19 00:00:00-04:00,122.74260429470358,123.29872481283303,122.42482438854559,122.702880859375,11688300,0.0,0.0
2016-08-22 00:00:00-04:00,122.47446122859155,123.96405572397272,122.25598615703387,123.28877258300781,14386400,0.0,0.0
2016-08-23 00:00:00-04:00,123.64629141452565,124.22226226704191,123.38809288145055,123.50726318359375,13309500,0.0,0.0
2016-08-24 00:00:00-04:00,123.60657402071064,123.82504913041414,122.2361419967417,122.62344360351562,12243700,0.0,0.0
2016-08-25 00:00:00-04:00,122.26593099311519,123.50725986195846,122.24606548839041,123.03058624267578,10730800,0.0,0.0
2016-08-26 00:00:00-04:00,123.18948664036398,124.32157802388878,123.05045840564834,124.09317016601562,17504800,0.0,0.0
2016-08-29 00:00:00-04:00,123.48739789218885,125.85089297506482,123.48739789218885,125.6622085571289,15925900,0.0,0.0
2016-08-30 00:00:00-04:00,125.7217940237168,125.7217940237168,124.28185547822632,124.9670639038086,17804300,0.0,0.0
2016-08-31 00:00:00-04:00,124.72872774591957,125.34442961470651,124.23219618038927,125.24512481689453,14200600,0.0,0.0
2016-09-01 00:00:00-04:00,125.50331927065723,125.75158506033556,124.72873121909616,125.2947769165039,13536100,0.0,0.0
2016-09-02 00:00:00-04:00,125.97005359111434,125.97998634359469,125.12595146556922,125.63241577148438,12118800,0.0,0.0
2016-09-06 00:00:00-04:00,125.79130731239712,129.03862805366188,125.59269771311126,128.830078125,26278400,0.0,0.0
2016-09-07 00:00:00-04:00,129.1378964037118,131.06444090721715,129.04852437695646,130.14089965820312,27990800,0.0,0.0
2016-09-08 00:00:00-04:00,130.0118026203654,130.17069633276716,128.9095021141029,129.36631774902344,15676600,0.0,0.0
2016-09-09 00:00:00-04:00,128.81022571495706,129.04855116911745,126.21832275390625,126.21832275390625,27100700,0.0,0.0
2016-09-12 00:00:00-04:00,125.08623644828444,127.86680878872218,124.87769409098692,127.79730224609375,21252800,0.0,0.0
2016-09-13 00:00:00-04:00,127.14187957057257,127.45966706620207,125.78138784314554,126.32756805419922,18016200,0.0,0.0
2016-09-14 00:00:00-04:00,126.009774205224,127.9065283336127,126.009774205224,126.8836669921875,15691100,0.0,0.0
2016-09-15 00:00:00-04:00,127.09222729223926,128.2044607654604,126.78437255884238,127.45966339111328,15077200,0.0,0.0
2016-09-16 00:00:00-04:00,127.31067696258371,128.28387448569916,127.31067696258371,128.17465209960938,24119200,0.0,0.0
2016-09-19 00:00:00-04:00,129.00882221971716,129.03861289846415,127.37025912393563,127.75755310058594,14958800,0.0,0.0
2016-09-20 00:00:00-04:00,127.75757532348004,128.27397243315198,127.14188098502554,127.74765014648438,11083800,0.0,0.0
2016-09-21 00:00:00-04:00,128.23425648250316,129.10814179871122,127.49938425590501,129.03863525390625,14068300,0.0,0.0
2016-09-22 00:00:00-04:00,129.59472748316907,129.82312774089104,128.66124579560156,129.17764282226562,15538300,0.0,0.0
2016-09-23 00:00:00-04:00,126.67513041052747,127.70792455114766,126.41693945184284,127.07235717773438,28326300,0.0,0.0
2016-09-26 00:00:00-04:00,126.48646119679883,127.27098202582084,125.92041548174127,126.42687225341797,15064900,0.0,0.0
2016-09-27 00:00:00-04:00,126.72479220016014,128.11507458214362,126.54604052583787,127.79730224609375,15637100,0.0,0.0
2016-09-28 00:00:00-04:00,128.31370677440017,128.57189775946048,127.50931282863304,128.33355712890625,12047600,0.0,0.0
2016-09-29 00:00:00-04:00,128.2838893501657,128.39312690185227,126.66520673346244,127.20145416259766,14532200,0.0,0.0
2016-09-30 00:00:00-04:00,127.14187027217353,127.69798319591257,126.56589184317504,127.38021087646484,18402900,0.0,0.0
2016-10-03 00:00:00-04:00,127.48945310574577,128.19451946245988,126.9134746556048,127.87674713134766,13156900,0.0,0.0
2016-10-04 00:00:00-04:00,128.27396362291285,128.38320117413025,126.66520618947528,127.30076599121094,14307500,0.0,0.0
2016-10-05 00:00:00-04:00,127.36035941057628,127.90654721836411,126.94327467179531,127.5788345336914,12386800,0.0,0.0
2016-10-06 00:00:00-04:00,127.53907682119272,128.16471137487204,127.19151385476803,127.84693908691406,11682700,0.0,0.0
2016-10-07 00:00:00-04:00,128.1448558764441,128.3534057949327,127.43978956043189,128.09521484375,12804400,0.0,0.0
2016-10-10 00:00:00-04:00,128.78040457562892,129.793333094254,128.30373857101557,129.33653259277344,15138700,0.0,0.0
2016-10-11 00:00:00-04:00,129.32660326604451,129.73376277373717,127.34047706610797,127.98597717285156,17537900,0.0,0.0
2016-10-12 00:00:00-04:00,128.11505414999175,128.7605542017062,127.5688816139229,128.15478515625,11073000,0.0,0.0
2016-10-13 00:00:00-04:00,127.32062065269828,127.36033650751244,125.8707419284772,126.93331909179688,17139300,0.0,0.0
2016-10-14 00:00:00-04:00,127.5986889936971,128.05548955488467,126.69499789477503,126.99291229248047,13345300,0.0,0.0
2016-10-17 00:00:00-04:00,127.31069116833827,127.57882245822654,126.43679833506377,126.6552734375,11351700,0.0,0.0
2016-10-18 00:00:00-04:00,127.7873382267601,128.49241961666053,127.12198784208884,127.67811584472656,13504000,0.0,0.0
2016-10-19 00:00:00-04:00,127.84695161091925,129.56494656686576,127.70792338014219,129.2074432373047,16752300,0.0,0.0
2016-10-20 00:00:00-04:00,129.16772725819968,129.75363086214145,128.60167400653546,129.09820556640625,13167500,0.0,0.0
2016-10-21 00:00:00-04:00,128.87973132513474,131.21343573322753,128.80028445667404,131.1538543701172,19088800,0.0,0.0
2016-10-24 00:00:00-04:00,131.79935575446143,132.48457182144384,131.2333024285394,132.35546875,17470200,0.0,0.0
2016-10-25 00:00:00-04:00,132.5739275045425,132.5739275045425,131.30280791373795,131.372314453125,13336800,0.0,0.0
2016-10-26 00:00:00-04:00,130.72685602145913,131.34255043648776,130.03171472175845,130.13101196289062,13084700,0.0,0.0
2016-10-27 00:00:00-04:00,130.82612644011058,130.88570779626204,128.373259592282,128.79034423828125,16741400,0.0,0.0
2016-10-28 00:00:00-04:00,129.59475913043144,132.04762666490572,129.0287057826559,130.3792724609375,24545500,0.0,0.0
2016-10-31 00:00:00-04:00,131.0942580850338,131.20349563524212,129.97210705428387,130.0813446044922,15669000,0.0,0.0
2016-11-01 00:00:00-04:00,130.4984079538467,131.02473011341047,127.7575444707496,128.60165405273438,22077800,0.0,0.0
2016-11-02 00:00:00-04:00,129.32661267949408,129.32661267949408,125.4040161796888,126.287841796875,39640900,0.0,0.0
2016-11-03 00:00:00-04:00,121.15369822184245,122.42481777783638,118.67104047139485,119.16757202148438,63766300,0.0,0.0
2016-11-04 00:00:00-04:00,118.76041950309923,121.08419123404336,118.42278166587309,119.9123764038086,30545500,0.0,0.0
2016-11-07 00:00:00-05:00,121.97794895786093,122.35531022864637,120.50821215709288,121.30266571044922,23008900,0.0,0.0
2016-11-08 00:00:00-05:00,121.18348115122375,123.74558560415588,120.6968823846725,123.35829162597656,19460800,0.0,0.0
2016-11-09 00:00:00-05:00,120.6571769233547,122.9511504552046,119.67404649205771,122.32552337646484,31916000,0.0,0.0
2016-11-10 00:00:00-05:00,123.07031335643464,123.3185791376284,114.47038305917665,119.96202850341797,67846700,0.0,0.0
2016-11-11 00:00:00-05:00,118.70084608006346,119.86272823503916,117.33042155700014,118.19438171386719,32840100,0.0,0.0
2016-11-14 00:00:00-05:00,118.30360892754403,118.30360892754403,112.76232237444435,114.28170776367188,51377000,0.0,0.0
2016-11-15 00:00:00-05:00,115.92026011095152,117.6680457286939,115.02650179706606,116.38699340820312,34681400,0.0,0.0
2016-11-16 00:00:00-05:00,113.68587607109288,117.06228481868037,113.4177447699262,115.53296661376953,32397900,0.0,0.0
2016-11-17 00:00:00-05:00,115.9996952444999,116.972900390625,115.20524933121594,116.972900390625,18597800,0.0,0.0
2016-11-18 00:00:00-05:00,117.56875126023817,118.30361590444085,116.02950027464642,116.208251953125,22879300,0.0,0.0
2016-11-21 00:00:00-05:00,117.38005052241247,121.1040369930026,116.98283136005877,120.92528533935547,35415400,0.0,0.0
2016-11-22 00:00:00-05:00,121.55093707866094,122.12691555246128,120.06134228009026,120.62738800048828,26089200,0.0,0.0
2016-11-23 00:00:00-05:00,120.38905638332166,120.46849568207057,119.10800393216641,120.00175476074219,15672100,0.0,0.0
2016-11-25 00:00:00-05:00,120.17057175605319,120.2996672357175,119.23708998725935,119.54493713378906,8658600,0.0,0.0
2016-11-28 00:00:00-05:00,119.28675593712154,120.84586487930962,118.98883394247319,119.57474517822266,18101300,0.0,0.0
2016-11-29 00:00:00-05:00,119.73362556613635,121.25301099717773,119.56480664634746,120.03154754638672,18891000,0.0,0.0
2016-11-30 00:00:00-05:00,119.48537058976329,120.94517478747451,117.13180794687464,117.59854888916016,30188900,0.0,0.0
2016-12-01 00:00:00-05:00,117.55880515138837,117.62831926420661,113.20919157118267,114.30155944824219,43277000,0.0,0.0
2016-12-02 00:00:00-05:00,114.31149808633492,115.67199730893768,113.50711937138252,114.5994873046875,25070400,0.0,0.0
2016-12-05 00:00:00-05:00,115.14567300698627,116.7544380905388,114.27178013371312,116.61540985107422,20201500,0.0,0.0
2016-12-06 00:00:00-05:00,116.87359991006757,116.98283745835033,115.52303347354454,116.49623107910156,19131200,0.0,0.0
2016-12-07 00:00:00-05:00,116.18838324231746,117.13179016113281,115.76136580426552,117.13179016113281,21913700,0.0,0.0
2016-12-08 00:00:00-05:00,117.16160257043839,118.67105533816355,116.82395713431377,118.08515167236328,22442800,0.0,0.0
2016-12-09 00:00:00-05:00,118.39298436222532,119.10799100868294,118.1248530815686,118.84979248046875,17464700,0.0,0.0
2016-12-12 00:00:00-05:00,118.39299487932591,118.41285280950478,116.83388597203974,116.95304870605469,17805500,0.0,0.0
2016-12-13 00:00:00-05:00,117.04241654770324,120.67702352212683,116.79415077487619,119.47541809082031,29768000,0.0,0.0
2016-12-14 00:00:00-05:00,119.16757916663097,120.84585833103162,118.02555501765663,119.3761215209961,25913100,0.0,0.0
2016-12-15 00:00:00-05:00,119.24702848250796,121.65023955995156,118.80014550558892,119.73362731933594,20139600,0.0,0.0
2016-12-16 00:00:00-05:00,120.06133649955193,120.65717287499854,118.44263871409844,119.03848266601562,25324300,0.0,0.0
2016-12-19 00:00:00-05:00,119.01861856177402,119.52508289627971,117.68791756015477,118.41284942626953,15918100,0.0,0.0
2016-12-20 00:00:00-05:00,118.67105267709819,118.93917640807705,117.97591146606341,118.2638931274414,13684400,0.0,0.0
2016-12-21 00:00:00-05:00,118.09507071953779,118.37312719575361,117.65812807540038,118.21424102783203,10767600,0.0,0.0
2016-12-22 00:00:00-05:00,118.03548837689374,118.16458386079118,116.11887616572791,116.58561706542969,16258600,0.0,0.0
2016-12-23 00:00:00-05:00,116.18838112206556,116.74449402604263,115.49323999209423,116.45650482177734,10890000,0.0,0.0
2016-12-27 00:00:00-05:00,116.14866403343629,117.85673384776882,116.04935923465497,117.1913833618164,12051500,0.0,0.0
2016-12-28 00:00:00-05:00,117.37014226320937,117.4297236308558,115.84082402302636,116.10894775390625,12087400,0.0,0.0
2016-12-29 00:00:00-05:00,116.18838499912165,116.71470724030122,115.25490324217958,115.54289245605469,9934900,0.0,0.0
2016-12-30 00:00:00-05:00,115.79116600021031,116.01957386669253,113.97385855103936,114.25192260742188,18684100,0.0,0.0
2017-01-03 00:00:00-05:00,115.22511793650027,117.02255984245464,114.70872842383743,116.04936218261719,20663900,0.0,0.0
2017-01-04 00:00:00-05:00,116.73456975053857,118.82993348535967,116.47637122464214,117.86666107177734,19630900,0.0,0.0
2017-01-05 00:00:00-05:00,118.03548959613047,120.11098799534177,117.49923457241076,119.83293151855469,19492200,0.0,0.0
2017-01-06 00:00:00-05:00,120.14078085059289,123.02065786760421,119.19736633082158,122.55392456054688,28545300,0.0,0.0
2017-01-09 00:00:00-05:00,122.69294335766722,124.55989917173993,122.18647907869347,124.03357696533203,22880400,0.0,0.0
2017-01-10 00:00:00-05:00,123.95413711427177,124.6294203322784,123.41788212557798,123.48739624023438,17324600,0.0,0.0
2017-01-11 00:00:00-05:00,123.48740422909735,125.2451302907193,123.19941499932678,125.21533203125,18356500,0.0,0.0
2017-01-12 00:00:00-05:00,124.73866515058913,125.8508986263855,123.93428640890242,125.74166107177734,18653900,0.0,0.0
2017-01-13 00:00:00-05:00,126.60563527724614,128.37329427752908,126.48647253274656,127.44973754882812,24884300,0.0,0.0
2017-01-17 00:00:00-05:00,127.15179778918635,127.44971976180004,126.51624556212009,126.98298645019531,15294500,0.0,0.0
2017-01-18 00:00:00-05:00,127.51923729824856,127.53908765028568,125.96012094572627,127.03263092041016,13145900,0.0,0.0
2017-01-19 00:00:00-05:00,127.34049024301729,127.4596681313452,126.56590215712463,126.66521453857422,12195500,0.0,0.0
2017-01-20 00:00:00-05:00,127.21139691408264,127.58875061105137,125.90054626888444,126.15874481201172,19097200,0.0,0.0
2017-01-23 00:00:00-05:00,126.42685669333416,128.3534014686689,126.06935338293246,128.03561401367188,16593600,0.0,0.0
2017-01-24 00:00:00-05:00,128.4825202858308,128.99890223416986,127.48945709649017,128.4725799560547,15162700,0.0,0.0
2017-01-25 00:00:00-05:00,129.0982029839127,130.8261382327559,128.86980271376447,130.56793212890625,18731300,0.0,0.0
2017-01-26 00:00:00-05:00,130.7168856056053,132.21640525836904,130.52820121392577,131.85890197753906,20020100,0.0,0.0
2017-01-27 00:00:00-05:00,131.75962366196595,132.02775498010305,130.17073156669045,131.26309204101562,19539500,0.0,0.0
2017-01-30 00:00:00-05:00,130.6672551022605,130.6672551022605,128.70099424778869,130.0714111328125,18956100,0.0,0.0
2017-01-31 00:00:00-05:00,129.26703179805006,129.75363820933578,128.62154679484425,129.41600036621094,19790500,0.0,0.0
2017-02-01 00:00:00-05:00,131.33258858498692,132.56399222413128,129.77347232043465,132.3057861328125,50139800,0.0,0.0
2017-02-02 00:00:00-05:00,132.29588362252701,134.55014137887255,129.49543806359438,129.93238830566406,54366400,0.0,0.0
2017-02-03 00:00:00-05:00,130.3296172576127,131.9284495842585,129.85293602087768,130.0714111328125,24804900,0.0,0.0
2017-02-06 00:00:00-05:00,130.07141084754824,131.1439208984375,129.39613515973363,131.1439208984375,17058500,0.0,0.0
2017-02-07 00:00:00-05:00,131.32266461393144,132.07738708507352,130.74668622032044,130.92543029785156,14596400,0.0,0.0
2017-02-08 00:00:00-05:00,131.68016643992127,133.50739881450454,131.5212727152776,133.26905822753906,22390600,0.0,0.0
2017-02-09 00:00:00-05:00,133.55705077379832,133.5669759489223,132.385228532785,133.20947265625,16470600,0.0,0.0
2017-02-10 00:00:00-05:00,133.1697679722192,134.00393734077284,132.75266813500198,133.25914001464844,15061900,0.0,0.0
2017-02-13 00:00:00-05:00,133.7656021684869,133.7656021684869,132.7725390266972,133.1201171875,13526200,0.0,0.0
2017-02-14 00:00:00-05:00,133.16978986403885,133.29887778445507,131.63053877308909,132.92152404785156,14364900,0.0,0.0
2017-02-15 00:00:00-05:00,132.52423791785426,132.77250363712824,131.7397249122408,132.51431274414062,13226500,0.0,0.0
2017-02-16 00:00:00-05:00,132.14691239096575,132.94135073899795,132.0972562059787,132.91156005859375,12831100,0.0,0.0
2017-02-17 00:00:00-05:00,132.57393856397573,133.1598422212977,132.24622588625107,132.60372924804688,12276500,0.0,0.0
2017-02-21 00:00:00-05:00,132.57392907196393,132.98108859570726,131.97808512731805,132.7924041748047,14759100,0.0,0.0
2017-02-22 00:00:00-05:00,132.67325748818558,135.8411165565112,132.5342292380175,135.17576599121094,27360100,0.0,0.0
2017-02-23 00:00:00-05:00,134.94732741489668,135.17572765691335,133.3981515943688,134.42100524902344,18422500,0.0,0.0
2017-02-24 00:00:00-05:00,133.22935342573706,134.6792171128092,133.22935342573706,134.50047302246094,12625700,0.0,0.0
2017-02-27 00:00:00-05:00,134.32169829647188,136.22837747178278,134.08337287014496,135.46372985839844,14306700,0.0,0.0
2017-02-28 00:00:00-05:00,135.84112160054184,135.86098710928715,133.81527914387766,134.59979248046875,16112100,0.0,0.0
2017-03-01 00:00:00-05:00,135.5233137274959,136.52630193874103,135.35449482973814,136.4667205810547,16257000,0.0,0.0
2017-03-02 00:00:00-05:00,136.13903776520118,136.86398485026626,135.3644496398227,135.8113250732422,12294800,0.0,0.0
2017-03-03 00:00:00-05:00,135.68222788890108,136.37736908818883,135.13604010626722,136.21847534179688,11160600,0.0,0.0
2017-03-06 00:00:00-05:00,135.93047320893834,136.87388006249714,135.5630295816403,136.4667205810547,12748200,0.0,0.0
2017-03-07 00:00:00-05:00,136.07943342130324,137.41013431943628,136.0397175651689,136.34756469726562,13527100,0.0,0.0
2017-03-08 00:00:00-05:00,136.19862560038862,137.03281028903334,136.09932836210615,136.76467895507812,10184500,0.0,0.0
2017-03-09 00:00:00-05:00,136.76465456874377,137.60876428482155,136.44686709583988,137.2810516357422,15535300,0.0,0.0
2017-03-10 00:00:00-05:00,137.94638733870394,138.52236570696058,137.2611714324514,137.82720947265625,16314100,0.0,0.0
2017-03-13 00:00:00-04:00,137.74778155228955,138.71103876462712,137.70805054486848,138.63160705566406,10955500,0.0,0.0
2017-03-14 00:00:00-04:00,138.49258963230034,138.49258963230034,137.55910787334605,138.3535614013672,12944000,0.0,0.0
2017-03-15 00:00:00-04:00,138.3237683955284,139.12816232725115,137.5293299467696,138.75079345703125,19344800,0.0,0.0
2017-03-16 00:00:00-04:00,139.22744040022508,139.27709658467572,138.76069954168116,139.01890563964844,13612900,0.0,0.0
2017-03-17 00:00:00-04:00,139.36648092326286,139.36648092326286,138.73092110385406,138.8699493408203,20592800,0.0,0.0
2017-03-20 00:00:00-04:00,138.74085326838062,139.21751931664969,138.28403757212322,138.96925354003906,12099500,0.0,0.0
2017-03-21 00:00:00-04:00,140.17088088199816,141.3228379643588,137.43995676514564,137.5491943359375,29894800,0.0,0.0
2017-03-22 00:00:00-04:00,136.97318521208032,138.82028317209492,136.64548772581506,138.62167358398438,17055400,0.0,0.0
2017-03-23 00:00:00-04:00,138.51244708226218,139.41613820610485,138.12515305103554,138.56210327148438,13022800,0.0,0.0
2017-03-24 00:00:00-04:00,139.10827938871515,140.04176111726997,138.79049192667938,139.36647033691406,16664700,0.0,0.0
2017-03-27 00:00:00-04:00,138.0854242979809,139.6743161341408,137.8073678478294,139.34661865234375,12800500,0.0,0.0
2017-03-28 00:00:00-04:00,139.38635934719437,140.96532628898848,139.0387811460958,140.77664184570312,14679400,0.0,0.0
2017-03-29 00:00:00-04:00,141.00505122073164,141.8690113680303,140.4489230923816,141.66046142578125,16527600,0.0,0.0
2017-03-30 00:00:00-04:00,141.412178811783,141.95836654518095,140.86600623132537,141.422119140625,12404000,0.0,0.0
2017-03-31 00:00:00-04:00,141.32281193101508,141.64059940675793,140.90572723380828,141.0646209716797,11478300,0.0,0.0
2017-04-03 00:00:00-04:00,140.94543638542933,141.48169893699404,139.84315090786438,141.2930145263672,13564000,0.0,0.0
2017-04-04 00:00:00-04:00,140.87592922129497,141.1043294870118,140.29002564044134,140.746826171875,12948600,0.0,0.0
2017-04-05 00:00:00-04:00,141.27317224759642,142.4449947601164,140.30989968451343,140.86602783203125,17158100,0.0,0.0
2017-04-06 00:00:00-04:00,141.12420136690614,141.23343891682566,139.9325286469282,140.1907196044922,15103400,0.0,0.0
2017-04-07 00:00:00-04:00,140.2205210055272,140.56809918719009,139.2671888178413,139.80343627929688,11818300,0.0,0.0
2017-04-10 00:00:00-04:00,140.02188387848923,140.44889369775763,139.65445541512443,140.0615997314453,9039400,0.0,0.0
2017-04-11 00:00:00-04:00,139.82327161548662,140.05167185969879,137.84707081608246,138.94937133789062,16638100,0.0,0.0
2017-04-12 00:00:00-04:00,138.75078360504907,139.4260592691346,138.47272713713843,138.61175537109375,11612500,0.0,0.0
2017-04-13 00:00:00-04:00,138.65146545618995,139.6048127014305,138.36348382389565,138.42306518554688,10965600,0.0,0.0
2017-04-17 00:00:00-04:00,138.79049173956642,140.56808315293458,138.78056656374375,140.43898010253906,11519700,0.0,0.0
2017-04-18 00:00:00-04:00,140.29004015553377,140.92559998676398,139.63461481781277,139.98219299316406,14807500,0.0,0.0
2017-04-19 00:00:00-04:00,140.36946488845516,142.04772867514785,140.2900180279646,141.2830810546875,15563900,0.0,0.0
2017-04-20 00:00:00-04:00,141.95836529025655,143.24935033425555,141.7001743426328,142.80247497558594,15968200,0.0,0.0
2017-04-21 00:00:00-04:00,142.90177893474345,143.1699102237719,141.28309633017236,142.6833038330078,12382000,0.0,0.0
2017-04-24 00:00:00-04:00,143.95445019823723,144.65951659467416,143.33874070143042,144.46090698242188,14407200,0.0,0.0
2017-04-25 00:00:00-04:00,144.77869001196805,146.12925668903574,144.77869001196805,145.47384643554688,17767500,0.0,0.0
2017-04-26 00:00:00-04:00,146.06967253984254,146.56620417413635,145.07660927125497,145.54335021972656,12395000,0.0,0.0
2017-04-27 00:00:00-04:00,145.6525764232332,146.72508648799592,145.12625414417488,146.67543029785156,11275100,0.0,0.0
2017-04-28 00:00:00-04:00,148.46293581742017,150.47885273033117,148.03592595102236,149.20773315429688,30652200,0.0,0.0
2017-05-01 00:00:00-04:00,150.68741333760536,151.5116576005512,150.3696258445913,151.4024200439453,25218300,0.0,0.0
2017-05-02 00:00:00-04:00,152.27631257118807,152.37562495570396,150.60797361250664,151.72019958496094,21870400,0.0,0.0
2017-05-03 00:00:00-04:00,152.53451077627304,152.53451077627304,150.29017828766047,150.7469940185547,29782500,0.0,0.0
2017-05-04 00:00:00-04:00,149.1283132057827,150.46895471533577,147.68837445848632,149.80360412597656,36225500,0.0,0.0
2017-05-05 00:00:00-04:00,150.39941288200032,150.57817213072272,148.75092439607093,149.19781494140625,17148500,0.0,0.0
2017-05-08 00:00:00-04:00,149.66458291821104,150.03201150575518,148.7013102643765,150.01214599609375,15827500,0.0,0.0
2017-05-09 00:00:00-04:00,150.43913010876204,151.53149039530075,149.16801058988136,149.43612670898438,17453900,0.0,0.0
2017-05-10 00:00:00-04:00,149.18787041864087,149.47586721322622,147.8273787736313,149.24745178222656,12080700,0.0,0.0
2017-05-11 00:00:00-04:00,149.26729201027175,149.60492978204113,148.37354140195558,148.99916076660156,11841900,0.0,0.0
2017-05-12 00:00:00-04:00,149.35669221015388,149.41628872782846,148.5920444921537,149.2871856689453,9598200,0.0,0.0
2017-05-15 00:00:00-04:00,149.1282820784283,150.42919229899206,148.73106290447944,149.1481475830078,15064700,0.0,0.0
2017-05-16 00:00:00-04:00,149.0687099721291,149.16802234825195,147.99619995235528,148.74099731445312,14550800,0.0,0.0
2017-05-17 00:00:00-04:00,146.97335795526968,147.63870850063302,143.41818977556616,143.84521484375,28300100,0.0,0.0
2017-05-18 00:00:00-04:00,143.71608856368522,147.12228761708081,143.50753865189327,146.6356964111328,23031600,0.0,0.0
2017-05-19 00:00:00-04:00,147.42023779053756,148.35371967861136,146.9336464914364,147.03294372558594,16187900,0.0,0.0
2017-05-22 00:00:00-04:00,147.05279144171797,147.55924818755005,146.66549742362497,147.21168518066406,12586700,0.0,0.0
2017-05-23 00:00:00-04:00,147.48972200212748,147.7777036067856,146.2285277407595,147.0428466796875,12817800,0.0,0.0
2017-05-24 00:00:00-04:00,147.4797756407011,149.18784515463102,147.39040361045713,148.99916076660156,17862400,0.0,0.0
2017-05-25 00:00:00-04:00,149.25738022199286,151.53148795102885,148.909802091509,150.90586853027344,19891400,0.0,0.0
2017-05-26 00:00:00-04:00,151.17398898906703,151.1938544935643,150.10147904031652,151.07469177246094,14996200,0.0,0.0
2017-05-30 00:00:00-04:00,150.91580800140486,151.8393494567812,150.58809534380453,151.32296752929688,13226000,0.0,0.0
2017-05-31 00:00:00-04:00,151.64073611092417,152.28623623374287,150.04190387404142,150.4093475341797,18023900,0.0,0.0
2017-06-01 00:00:00-04:00,150.69732641402845,151.2335738242541,149.2573879401662,150.47885131835938,14530600,0.0,0.0
2017-06-02 00:00:00-04:00,150.79664787598009,152.5642990999012,150.25046010388283,152.54443359375,16854400,0.0,0.0
2017-06-05 00:00:00-04:00,152.57421045402606,153.6367952191995,152.34581018927418,152.5642852783203,12520400,0.0,0.0
2017-06-06 00:00:00-04:00,152.34581340201132,153.4481140461935,151.42225684194173,151.74996948242188,13457100,0.0,0.0
2017-06-07 00:00:00-04:00,152.20681465455633,152.68348079078638,151.28325791560837,152.05784606933594,12066700,0.0,0.0
2017-06-08 00:00:00-04:00,153.01119085088325,153.65667591685522,152.03799308662084,153.63682556152344,17799400,0.0,0.0
2017-06-09 00:00:00-04:00,153.6963748288157,154.51067866267147,145.5929765808696,148.56224060058594,35577700,0.0,0.0
2017-06-12 00:00:00-04:00,147.14216229092816,148.1650161035465,143.55720378216824,147.41029357910156,33170200,0.0,0.0
2017-06-13 00:00:00-04:00,149.10842810121636,150.13128194850327,147.86709914548547,149.63475036621094,20483400,0.0,0.0
2017-06-14 00:00:00-04:00,150.21072144623218,151.34281279216714,148.0160604458823,149.20773315429688,20808800,0.0,0.0
2017-06-15 00:00:00-04:00,146.6456198382485,148.99917443486981,145.35463483330165,148.76084899902344,18994200,0.0,0.0
2017-06-16 00:00:00-04:00,148.55231240417723,149.78371616053087,147.56918958731606,149.59503173828125,22882400,0.0,0.0
2017-06-19 00:00:00-04:00,150.65762848807233,152.5047266921509,150.65762848807233,151.8095703125,19026500,0.0,0.0
2017-06-20 00:00:00-04:00,151.81949754155963,152.77282966936713,151.15414705677247,151.19386291503906,14743900,0.0,0.0
2017-06-21 00:00:00-04:00,151.30311045254234,153.01118037661712,150.82644435717836,152.8423614501953,15039800,0.0,0.0
2017-06-22 00:00:00-04:00,151.94858245436978,153.47790814399355,151.84928523418765,152.33587646484375,13005500,0.0,0.0
2017-06-23 00:00:00-04:00,151.66061905786412,154.12341164752556,151.59109735772836,153.99432373046875,18027000,0.0,0.0
2017-06-26 00:00:00-04:00,155.16611828477656,155.4143840740322,152.13727262526947,152.52456665039062,18049700,0.0,0.0
2017-06-27 00:00:00-04:00,151.77977884701895,152.2465197724665,149.34677698958643,149.53546142578125,19360800,0.0,0.0
2017-06-28 00:00:00-04:00,149.8730881809172,152.40540223388905,148.820443670593,152.177001953125,16719100,0.0,0.0
2017-06-29 00:00:00-04:00,151.22365227180285,151.44212737270695,147.8869595478341,149.99224853515625,23973500,0.0,0.0
2017-06-30 00:00:00-04:00,150.84627919976097,150.86614470463311,149.0190467279734,149.9326629638672,17666000,0.0,0.0
2017-07-03 00:00:00-04:00,150.66751525180203,151.09452505614675,146.77471022178196,147.40032958984375,13862700,0.0,0.0
2017-07-05 00:00:00-04:00,147.9664180778391,149.80359107488172,147.10245793531936,149.297119140625,14334300,0.0,0.0
2017-07-06 00:00:00-04:00,147.99622401863544,148.9992125076352,146.97337002059248,147.78768920898438,14951800,0.0,0.0
2017-07-07 00:00:00-04:00,148.21468498218397,150.93568364897638,148.15510361369707,150.38949584960938,13615900,0.0,0.0
2017-07-10 00:00:00-04:00,150.6377238598182,152.9118313865193,150.45896464626455,152.43516540527344,13378700,0.0,0.0
2017-07-11 00:00:00-04:00,152.30607275399382,154.34185500532902,151.84927224376486,154.19290161132812,13667700,0.0,0.0
2017-07-12 00:00:00-04:00,155.40447382884113,158.05595089449335,155.11647699998665,157.79774475097656,22739400,0.0,0.0
2017-07-13 00:00:00-04:00,157.6388609557781,158.67164003700785,157.32107345205068,158.15524291992188,13929200,0.0,0.0
2017-07-14 00:00:00-04:00,159.0191995193055,159.2078839333305,158.22474600638247,158.8603057861328,16371200,0.0,0.0
2017-07-17 00:00:00-04:00,159.13836055183071,159.6646827785501,157.70834727435164,158.62196350097656,12858800,0.0,0.0
2017-07-18 00:00:00-04:00,158.55247123473407,162.59423050492242,158.31413061605534,161.7302703857422,23722900,0.0,0.0
2017-07-19 00:00:00-04:00,162.45520077426843,164.55056467464098,162.0381160601157,163.0013885498047,26273600,0.0,0.0
2017-07-20 00:00:00-04:00,163.6568184406949,163.85542805016732,161.68061721703077,163.38868713378906,18523100,0.0,0.0
2017-07-21 00:00:00-04:00,163.0212515334372,163.905077137286,162.6140920022524,163.28936767578125,14744000,0.0,0.0
2017-07-24 00:00:00-04:00,163.4979137564106,165.01729913901661,163.17020110387625,164.84848022460938,17367000,0.0,0.0
2017-07-25 00:00:00-04:00,163.86533734700834,164.3916595799285,162.72332083850765,164.1334686279297,15383200,0.0,0.0
2017-07-26 00:00:00-04:00,164.85841611761248,164.85841611761248,162.96167692483195,164.46119689941406,35236900,0.0,0.0
2017-07-27 00:00:00-04:00,173.48813411158127,174.2726625076024,166.33808226281286,169.2576904296875,68910700,0.0,0.0
2017-07-28 00:00:00-04:00,167.89721019619836,172.2269513999108,167.87734468846372,171.25375366210938,24557600,0.0,0.0
2017-07-31 00:00:00-04:00,170.80685122784342,171.5218578638231,167.38078660298925,168.075927734375,25478900,0.0,0.0
2017-08-01 00:00:00-04:00,168.64195529237722,169.28744014047265,167.87729258780334,168.68167114257812,14385000,0.0,0.0
2017-08-02 00:00:00-04:00,169.11865824730495,169.36692403593784,165.75217475956077,168.12559509277344,17433800,0.0,0.0
2017-08-03 00:00:00-04:00,168.12558316597753,168.522802338435,167.0828638971015,167.42050170898438,10793800,0.0,0.0
2017-08-04 00:00:00-04:00,167.79787441657024,168.88030956658835,167.51981795882136,168.443359375,10777700,0.0,0.0
2017-08-07 00:00:00-04:00,168.77107042853194,170.8664341708587,168.48308879748416,170.7869873046875,12787800,0.0,0.0
2017-08-08 00:00:00-04:00,170.68770597592456,171.8495880900743,169.4364366584235,170.04220581054688,14393500,0.0,0.0
2017-08-09 00:00:00-04:00,168.800880884643,170.26068502155996,168.38379615308702,169.9925537109375,10815000,0.0,0.0
2017-08-10 00:00:00-04:00,168.88030571375126,169.4066279362641,165.69258169837636,166.23875427246094,20832700,0.0,0.0
2017-08-11 00:00:00-04:00,166.7849594365857,167.64893471436662,165.6925990212719,166.9140625,13791200,0.0,0.0
2017-08-14 00:00:00-04:00,168.91012636907018,169.89326445218367,168.11567272995305,169.5655517578125,12954200,0.0,0.0
2017-08-15 00:00:00-04:00,170.30037278586548,170.31029796042637,168.83062869218472,169.8137664794922,8729200,0.0,0.0
2017-08-16 00:00:00-04:00,170.06205334382898,170.19115639384836,168.06600199759637,168.8207244873047,15779900,0.0,0.0
2017-08-17 00:00:00-04:00,168.16533378538384,168.6817309386809,165.69261589273367,165.752197265625,17216000,0.0,0.0
2017-08-18 00:00:00-04:00,165.68266494962145,167.4999724711211,165.0570454213914,166.24871826171875,15093600,0.0,0.0
2017-08-21 00:00:00-04:00,166.00042513506446,166.83459447071246,164.66972426825362,166.61611938476562,11907500,0.0,0.0
2017-08-22 00:00:00-04:00,167.11264473861345,168.69161131263925,165.99047867072557,168.4632110595703,11391000,0.0,0.0
2017-08-23 00:00:00-04:00,167.66877601385337,168.18517308668328,167.0332162138092,167.53968811035156,9856500,0.0,0.0
2017-08-24 00:00:00-04:00,167.70852274790806,168.11566715504102,165.2556553631807,166.57643127441406,14030400,0.0,0.0
2017-08-25 00:00:00-04:00,166.695570251037,167.21196729866998,165.0272163867383,165.166259765625,12614500,0.0,0.0
2017-08-28 00:00:00-04:00,165.75219757386526,166.53671090663227,165.17621904660575,166.0799102783203,8553700,0.0,0.0
2017-08-29 00:00:00-04:00,164.1036822894085,167.26161577049203,163.85541650682242,166.88426208496094,11121000,0.0,0.0
2017-08-30 00:00:00-04:00,167.00342673334535,168.9994781932471,166.4671793040828,168.7412872314453,11138300,0.0,0.0
2017-08-31 00:00:00-04:00,169.21795269138102,170.95581318326467,168.8803148610923,170.77706909179688,17226500,0.0,0.0
2017-09-01 00:00:00-04:00,171.2040748708996,171.72047193323968,170.1216397128492,170.82672119140625,11677600,0.0,0.0
2017-09-05 00:00:00-04:00,170.0819238274325,171.19414966649737,168.37385405861684,169.53573608398438,13210900,0.0,0.0
2017-09-06 00:00:00-04:00,169.72441779282607,171.28351897786388,168.39371687760854,170.89622497558594,13906300,0.0,0.0
2017-09-07 00:00:00-04:00,170.74728937734764,172.10778111515418,169.088875648351,172.00848388671875,18049500,0.0,0.0
2017-09-08 00:00:00-04:00,171.88929946283218,172.28653382029586,169.6151914840004,169.76414489746094,10998500,0.0,0.0
2017-09-11 00:00:00-04:00,171.2040805260125,172.68375007048493,171.00547092714922,172.30638122558594,12372000,0.0,0.0
2017-09-12 00:00:00-04:00,172.55466185244828,172.79300248334664,170.5586102098551,171.76022338867188,11186300,0.0,0.0
2017-09-13 00:00:00-04:00,171.80984784630212,171.96874158489928,170.86644089691058,171.84957885742188,9119300,0.0,0.0
2017-09-14 00:00:00-04:00,171.06506368297906,171.0849291900706,169.31727788247716,169.7740936279297,15615700,0.0,0.0
2017-09-15 00:00:00-04:00,169.69464874192767,171.1445125648226,169.07893923840882,170.44937133789062,15660500,0.0,0.0
2017-09-18 00:00:00-04:00,170.7969493109529,170.87639618720743,168.1653226762018,168.83067321777344,12954000,0.0,0.0
2017-09-19 00:00:00-04:00,169.4364283853233,171.36297330466243,169.178237423544,171.32325744628906,13168600,0.0,0.0
2017-09-20 00:00:00-04:00,171.3033901419022,171.84957789468197,169.51587347505074,170.97567749023438,12264100,0.0,0.0
2017-09-21 00:00:00-04:00,170.49901310811978,171.07499154827082,168.830659151658,169.92303466796875,11161400,0.0,0.0
2017-09-22 00:00:00-04:00,169.02928187210077,170.53872691822158,168.04614391922902,169.3569793701172,12097100,0.0,0.0
2017-09-25 00:00:00-04:00,168.06601109800962,168.12559246187857,160.43927831102428,161.7401885986328,41251600,0.0,0.0
2017-09-26 00:00:00-04:00,163.3588892408583,164.3519523973377,161.65081939947848,163.07090759277344,23363300,0.0,0.0
2017-09-27 00:00:00-04:00,164.74917915694348,167.17225579438713,164.4214816348598,166.51683044433594,19242500,0.0,0.0
2017-09-28 00:00:00-04:00,166.77501139227604,167.89717749007715,166.0004234238819,167.5595245361328,12178700,0.0,0.0
2017-09-29 00:00:00-04:00,167.65885026241537,170.46922074212407,167.63898475696752,169.6846923828125,15340400,0.0,0.0
2017-10-02 00:00:00-04:00,170.2010823906376,170.67774843101898,167.5793964391297,168.29440307617188,13392300,0.0,0.0
2017-10-03 00:00:00-04:00,168.12559579672308,169.54566884023728,168.02628341967764,168.78102111816406,8190300,0.0,0.0
2017-10-04 00:00:00-04:00,168.65190101575786,169.48607034805556,167.12257542027234,167.25167846679688,12127900,0.0,0.0
2017-10-05 00:00:00-04:00,168.00640138927514,170.12163055817993,167.43043814847286,170.0521240234375,14580600,0.0,0.0
2017-10-06 00:00:00-04:00,169.0689871727119,171.17427602600992,168.57245563916504,171.03524780273438,13124500,0.0,0.0
2017-10-09 00:00:00-04:00,171.50198482253145,173.66687013992797,170.80684372169384,171.30337524414062,14570400,0.0,0.0
2017-10-10 00:00:00-04:00,171.79989590338099,171.99850546921334,169.61516037334766,170.39967346191406,11341100,0.0,0.0
2017-10-11 00:00:00-04:00,170.75718923041313,171.58143338419265,170.21100151972314,171.54171752929688,11283700,0.0,0.0
2017-10-12 00:00:00-04:00,171.41262396464822,172.64402767568606,171.09483649614538,171.35304260253906,10351000,0.0,0.0
2017-10-13 00:00:00-04:00,172.24677801844288,173.43845061344652,171.99851226311134,172.53477478027344,13658300,0.0,0.0
2017-10-16 00:00:00-04:00,173.27959652441825,173.78605328178057,172.8525714853964,173.30938720703125,11498800,0.0,0.0
2017-10-17 00:00:00-04:00,173.4980690956778,174.90821694619504,173.15049093301928,174.8883514404297,15990100,0.0,0.0
2017-10-18 00:00:00-04:00,175.4245778956243,175.51396508440905,174.53082723129128,174.8088836669922,12752400,0.0,0.0
2017-10-19 00:00:00-04:00,173.71651907055272,174.80889453079334,171.43248608576994,173.34909057617188,14048400,0.0,0.0
2017-10-20 00:00:00-04:00,174.2825713632688,174.65994018439224,173.4186113285285,173.76617431640625,12602200,0.0,0.0
2017-10-23 00:00:00-04:00,173.9846552182496,174.1236834486322,170.06205893329602,170.08192443847656,13852700,0.0,0.0
2017-10-24 00:00:00-04:00,171.1047927093234,172.038274543533,170.3103391172551,170.60826110839844,12267900,0.0,0.0
2017-10-25 00:00:00-04:00,170.70753480348756,171.0551129373955,167.71842043305062,169.41656494140625,15868200,0.0,0.0
2017-10-26 00:00:00-04:00,170.19116269794813,171.09483862273663,169.20802475210576,169.4463653564453,11833100,0.0,0.0
2017-10-27 00:00:00-04:00,172.94192110633054,176.97376974809316,172.6936553481228,176.64605712890625,30285300,0.0,0.0
2017-10-30 00:00:00-04:00,178.0164843260402,179.4365724264046,176.37793628625226,178.62225341796875,24353200,0.0,0.0
2017-10-31 00:00:00-04:00,179.31741549441264,179.54581577000775,177.69871775407086,178.81094360351562,20174200,0.0,0.0
2017-11-01 00:00:00-04:00,181.09499185065036,181.631239270174,179.3174155264565,181.39291381835938,40918300,0.0,0.0
2017-11-02 00:00:00-04:00,179.37699283712175,180.6779030753569,176.10980674819155,177.67884826660156,35529900,0.0,0.0
2017-11-03 00:00:00-04:00,178.04627676514238,178.6123300062959,175.48418729837076,177.67884826660156,17822100,0.0,0.0
2017-11-06 00:00:00-05:00,177.32133391584753,179.19822245446113,177.07306815596246,178.920166015625,13312700,0.0,0.0
2017-11-07 00:00:00-05:00,179.2478842979992,179.49615006572498,177.71857383610208,178.99961853027344,12928200,0.0,0.0
2017-11-08 00:00:00-05:00,178.5428228965504,179.09895100716585,177.86754720592984,178.31442260742188,10494100,0.0,0.0
2017-11-09 00:00:00-05:00,177.07309064860945,178.15552586249888,175.8615523742399,178.0562286376953,12610300,0.0,0.0
2017-11-10 00:00:00-05:00,177.11282360168667,177.857620984111,176.72552956894367,177.22206115722656,11070200,0.0,0.0
2017-11-13 00:00:00-05:00,176.26869760686168,177.798008090636,176.07008802042787,177.52989196777344,9523400,0.0,0.0
2017-11-14 00:00:00-05:00,176.89434393783202,177.7285133479721,175.9509218220224,176.8347625732422,9585900,0.0,0.0
2017-11-15 00:00:00-05:00,175.4345465843028,177.33130091177023,175.17634045731123,176.71559143066406,10253700,0.0,0.0
2017-11-16 00:00:00-05:00,177.5199787177383,178.5825636543018,177.26178773128422,178.34422302246094,15607600,0.0,0.0
2017-11-17 00:00:00-05:00,178.0562074673323,178.73148306629716,177.65897315652396,177.75828552246094,13018000,0.0,0.0
2017-11-20 00:00:00-05:00,177.62919471260574,178.25482932463598,176.86454702339165,177.50010681152344,10052400,0.0,0.0
2017-11-21 00:00:00-05:00,177.90724213209737,180.62824038676257,177.74836355784365,180.59844970703125,14504000,0.0,0.0
2017-11-22 00:00:00-05:00,180.04235095899685,180.46936083731828,179.18831604941295,179.61532592773438,10376300,0.0,0.0
2017-11-24 00:00:00-05:00,179.1485897679096,181.8795134848164,179.0393522131157,181.5120849609375,9426300,0.0,0.0
2017-11-27 00:00:00-05:00,181.29361979015204,182.4555019441429,180.72758163187342,181.76036071777344,12344500,0.0,0.0
2017-11-28 00:00:00-05:00,182.23699134136567,182.97186343927353,180.8268436558716,181.15455627441406,14379700,0.0,0.0
2017-11-29 00:00:00-05:00,180.62824698739723,180.7076938538972,172.79297972000433,173.91514587402344,41933500,0.0,0.0
2017-11-30 00:00:00-05:00,175.6232302181195,177.04330329836557,173.98466687213366,175.950927734375,25307600,0.0,0.0
2017-12-01 00:00:00-05:00,174.80890215841455,176.24884067124194,171.14449677173474,173.88536071777344,20182500,0.0,0.0
2017-12-04 00:00:00-05:00,175.06710483959617,175.3451764762692,169.60525724025476,170.28054809570312,24459400,0.0,0.0
2017-12-05 00:00:00-05:00,169.26760840434804,174.16341754157304,167.83759506485077,171.631103515625,20184900,0.0,0.0
2017-12-06 00:00:00-05:00,171.30338192872622,175.5437655387127,170.7075380173633,174.83868408203125,20255800,0.0,0.0
2017-12-07 00:00:00-05:00,174.58049077142067,179.13864662692453,174.58049077142067,178.890380859375,20404500,0.0,0.0
2017-12-08 00:00:00-05:00,180.27073382068292,181.01553110639153,177.5000945851402,177.75828552246094,19883800,0.0,0.0
2017-12-11 00:00:00-05:00,178.05624080657557,178.9698571630909,177.55970918979924,177.79803466796875,13168600,0.0,0.0
2017-12-12 00:00:00-05:00,177.36109066648527,177.93705397843124,175.3749642991246,175.7324676513672,16854100,0.0,0.0
2017-12-13 00:00:00-05:00,176.0700930146524,177.9171910114658,176.02043682840042,177.0631561279297,14615700,0.0,0.0
2017-12-14 00:00:00-05:00,177.05322973393743,179.10887781362325,176.44746058104343,177.1525421142578,13591000,0.0,0.0
2017-12-15 00:00:00-05:00,177.77817298481438,179.2379770573487,177.12274765572928,178.93011474609375,28463100,0.0,0.0
2017-12-18 00:00:00-05:00,179.7543430853062,180.04233986484087,178.50308905657448,179.565673828125,17265400,0.0,0.0
2017-12-19 00:00:00-05:00,178.7017207425649,178.83082380818047,176.98372564041753,178.2647705078125,14920600,0.0,0.0
2017-12-20 00:00:00-05:00,178.5626853182931,178.5626853182931,176.1296835940303,176.656005859375,11860500,0.0,0.0
2017-12-21 00:00:00-05:00,176.70564627959814,177.44050325842102,175.8218207475171,176.2190399169922,11600700,0.0,0.0
2017-12-22 00:00:00-05:00,175.91119805703332,176.2984920624017,175.00750699352696,175.9707794189453,8509500,0.0,0.0
2017-12-26 00:00:00-05:00,175.404740075275,175.77216857306874,173.4583297333868,174.76918029785156,8897300,0.0,0.0
2017-12-27 00:00:00-05:00,175.3253086874568,177.2021975046837,175.03731187759257,176.38787841796875,9496100,0.0,0.0
2017-12-28 00:00:00-05:00,176.71558169741525,177.6987196553159,176.44745040836216,176.685791015625,12220800,0.0,0.0
2017-12-29 00:00:00-05:00,176.76522659940787,177.60933627074954,175.2359161376953,175.2359161376953,10261500,0.0,0.0
2018-01-02 00:00:00-05:00,176.4474526579683,180.32040802242759,176.3183647528784,180.16151428222656,18151900,0.0,0.0
2018-01-03 00:00:00-05:00,180.6183073679256,183.49818407178765,180.07211967500305,183.38894653320312,16886600,0.0,0.0
2018-01-04 00:00:00-05:00,183.6173686771465,184.91829412009614,182.82293028684023,183.05133056640625,13880900,0.0,0.0
2018-01-05 00:00:00-05:00,184.3025790494323,185.6034892997764,183.64715375976655,185.55384826660156,13574500,0.0,0.0
2018-01-08 00:00:00-05:00,185.90141274321354,187.58961701399005,185.0374526791032,186.9739227294922,17994700,0.0,0.0
2018-01-09 00:00:00-05:00,187.39100138225353,187.49031375207446,185.80210953569997,186.56675720214844,12393100,0.0,0.0
2018-01-10 00:00:00-05:00,185.64322130280325,186.58662823227942,184.3423110455009,186.53697204589844,10529900,0.0,0.0
2018-01-11 00:00:00-05:00,187.09308772995047,187.09308772995047,186.0801742469312,186.46746826171875,9588600,0.0,0.0
2018-01-12 00:00:00-05:00,176.8248221194416,180.22109627514337,176.16939680353218,178.125732421875,77551300,0.0,0.0
2018-01-16 00:00:00-05:00,180.24096924574332,180.48923504360246,176.80496393607828,177.1525421142578,36183800,0.0,0.0
2018-01-17 00:00:00-05:00,178.0165000950676,178.07609661430618,174.58050997978083,176.36802673339844,27992400,0.0,0.0
2018-01-18 00:00:00-05:00,176.8943360637807,179.72455682640532,175.85161677104932,178.55274963378906,23304900,0.0,0.0
2018-01-19 00:00:00-05:00,179.5954593938482,181.1049043259526,178.9201686375365,180.0323944091797,26826500,0.0,0.0
2018-01-22 00:00:00-05:00,179.54583073081054,184.10398721105145,179.15853668646866,184.08412170410156,21059500,0.0,0.0
2018-01-23 00:00:00-05:00,184.759402843244,188.2351238824501,184.26287126621455,188.03651428222656,25678800,0.0,0.0
2018-01-24 00:00:00-05:00,188.5727785211352,189.3374414607203,185.22616024269337,185.25595092773438,24334500,0.0,0.0
2018-01-25 00:00:00-05:00,186.64623006361617,187.3115806058543,185.3056038019515,186.1794891357422,17377700,0.0,0.0
2018-01-26 00:00:00-05:00,186.44759957162958,188.68199157714844,185.51411782040898,188.68199157714844,17759200,0.0,0.0
2018-01-29 00:00:00-05:00,187.44066953907347,187.53004158585642,184.34231736040186,184.68988037109375,20453200,0.0,0.0
2018-01-30 00:00:00-05:00,186.3185072935063,186.87462024479393,180.57860337737924,185.8219757080078,20858600,0.0,0.0
2018-01-31 00:00:00-05:00,187.06331145688196,188.5131904064215,183.93516841595468,185.5935821533203,43275100,0.0,0.0
2018-02-01 00:00:00-05:00,186.91433689422146,193.96509092767525,186.58662425462194,191.75054931640625,54211300,0.0,0.0
2018-02-02 00:00:00-05:00,190.70783815624117,192.862798498052,188.66213051855547,188.96005249023438,26677500,0.0,0.0
2018-02-05 00:00:00-05:00,185.63330659625137,189.28778724655334,179.35715471728227,180.0026397705078,33128200,0.0,0.0
2018-02-06 00:00:00-05:00,177.33128526926728,184.48133656790674,176.5070410768507,184.02452087402344,37758500,0.0,0.0
2018-02-07 00:00:00-05:00,182.87257674430663,183.7961333721886,178.70171445975492,178.93011474609375,27601900,0.0,0.0
2018-02-08 00:00:00-05:00,179.75438057166758,180.5786249202798,170.29048863526646,170.38980102539062,38478300,0.0,0.0
2018-02-09 00:00:00-05:00,173.54771013067952,175.67286465933802,166.02028965737182,174.8883514404297,39887600,0.0,0.0
2018-02-12 00:00:00-05:00,175.83174898796872,176.31835535905623,170.6479584253837,175.18626403808594,32092100,0.0,0.0
2018-02-13 00:00:00-05:00,174.40171936344075,174.74929747491998,171.8992115113702,171.9488525390625,21809400,0.0,0.0
2018-02-14 00:00:00-05:00,172.2467885396452,178.56267034718502,172.00846309785055,178.27468872070312,28929700,0.0,0.0
2018-02-15 00:00:00-05:00,179.24791741193448,179.24791741193448,175.61330226427154,178.711669921875,20922100,0.0,0.0
2018-02-16 00:00:00-05:00,177.74838226438385,178.632207879621,175.07703991244753,176.1296844482422,20645300,0.0,0.0
2018-02-20 00:00:00-05:00,174.55070653465867,176.7155768341903,173.89528124742893,174.78903198242188,21204900,0.0,0.0
2018-02-21 00:00:00-05:00,175.4842151812032,180.01258121818572,175.17635284241317,176.67588806152344,23200800,0.0,0.0
2018-02-22 00:00:00-05:00,177.46037052883577,178.95990548734832,176.17932581453093,177.7483673095703,18464200,0.0,0.0
2018-02-23 00:00:00-05:00,178.65207090825703,182.11786707272893,178.2647768505722,182.0185546875,19007300,0.0,0.0
2018-02-26 00:00:00-05:00,183.2995927610033,184.37210275043682,181.9490263098212,183.64715576171875,17599700,0.0,0.0
2018-02-27 00:00:00-05:00,183.1704973275047,183.4187631181771,180.2012481689453,180.2012481689453,15849800,0.0,0.0
2018-02-28 00:00:00-05:00,181.03541005141068,181.61138848014247,176.90426382991816,177.08302307128906,18783000,0.0,0.0
2018-03-01 00:00:00-05:00,177.76825515488954,178.8705560195238,173.20017308523572,174.7195587158203,23201600,0.0,0.0
2018-03-02 00:00:00-05:00,172.08790385306338,175.88141229900526,171.78999703516504,175.39480590820312,20025900,0.0,0.0
2018-03-05 00:00:00-05:00,174.97772779793522,179.89338746655915,174.66988063922287,179.14859008789062,16189300,0.0,0.0
2018-03-06 00:00:00-05:00,180.5190243165728,181.11486828795566,177.86754743450814,178.53289794921875,15086800,0.0,0.0
2018-03-07 00:00:00-05:00,177.50014303914773,182.54490651648703,176.8347924339733,182.4356689453125,19097300,0.0,0.0
2018-03-08 00:00:00-05:00,182.28667255360858,183.12084197738199,180.1913086646202,181.07513427734375,17225900,0.0,0.0
2018-03-09 00:00:00-05:00,182.63421783541125,184.22310952510597,181.93907677411113,183.94505310058594,18526300,0.0,0.0
2018-03-12 00:00:00-04:00,183.94510398300642,184.80907932591307,182.94211554232493,183.47836303710938,15301200,0.0,0.0
2018-03-13 00:00:00-04:00,184.32245324330077,184.69982209203795,179.85366903519062,180.6183319091797,18067500,0.0,0.0
2018-03-14 00:00:00-04:00,181.33331068124423,182.97185857747894,180.58851342787594,182.9122772216797,16821700,0.0,0.0
2018-03-15 00:00:00-04:00,181.9689004111685,182.7236229640044,180.92618105388345,182.5845947265625,15614300,0.0,0.0
2018-03-16 00:00:00-04:00,183.21021676402341,184.04438613127203,182.13770679772932,183.80604553222656,24403400,0.0,0.0
2018-03-19 00:00:00-04:00,175.7821197478341,175.94101350392603,168.88033321760622,171.3629913330078,88140100,0.0,0.0
2018-03-20 00:00:00-04:00,166.30829060073853,169.0193488170456,160.82657764934302,166.9835662841797,129851800,0.0,0.0
2018-03-21 00:00:00-04:00,163.65682445879636,172.19715920369708,162.1672296035639,168.21498107910156,106598800,0.0,0.0
2018-03-22 00:00:00-04:00,164.97760446068423,169.0888857566469,162.58431836407127,163.74620056152344,73743000,0.0,0.0
2018-03-23 00:00:00-04:00,164.29235142693378,165.44430818768942,157.9168885414917,158.28431701660156,53609700,0.0,0.0
2018-03-26 00:00:00-04:00,159.70442949476993,159.98248597574425,147.98628082177376,158.94969177246094,126116600,0.0,0.0
2018-03-27 00:00:00-04:00,155.2256711715699,161.72031151261882,149.70424345597235,151.16404724121094,79117000,0.0,0.0
2018-03-28 00:00:00-04:00,150.5980280198768,154.7986962604457,149.753933392757,151.9684600830078,60029200,0.0,0.0
2018-03-29 00:00:00-04:00,154.0737219918404,160.30023139027026,153.07073379344348,158.68153381347656,59434300,0.0,0.0
2018-04-02 00:00:00-04:00,156.7152681138904,158.09562506463442,153.040938079451,154.3120574951172,36796000,0.0,0.0
2018-04-03 00:00:00-04:00,155.4640345480855,156.29820393261704,149.7638467812387,155.02708435058594,42543900,0.0,0.0
2018-04-04 00:00:00-04:00,150.97538262253934,154.48089417052745,149.46592246029974,154.0240936279297,49885600,0.0,0.0
2018-04-05 00:00:00-04:00,160.43928160179667,160.4492219312727,155.56333785263115,158.23468017578125,41449600,0.0,0.0
2018-04-06 00:00:00-04:00,156.63584985674814,160.30025538543117,155.7222335569777,156.10952758789062,41644800,0.0,0.0
2018-04-09 00:00:00-04:00,156.72523499681546,159.4164276715436,154.95756863342757,156.83445739746094,34915200,0.0,0.0
2018-04-10 00:00:00-04:00,156.83444713933653,164.82860807546894,155.92083091134143,163.89512634277344,57889300,0.0,0.0
2018-04-11 00:00:00-04:00,164.2129125356057,167.48008342181961,162.11754881766407,165.166259765625,56144600,0.0,0.0
2018-04-12 00:00:00-04:00,165.82168825462307,166.28842916906106,161.96861335746112,162.73326110839844,38263000,0.0,0.0
2018-04-13 00:00:00-04:00,163.4383197622783,164.5505455373332,162.6339411104661,163.3787384033203,19990600,0.0,0.0
2018-04-16 00:00:00-04:00,164.57042532288062,164.63000668700911,162.25658638059696,163.6865997314453,18119400,0.0,0.0
2018-04-17 00:00:00-04:00,164.67966545280353,167.8276738480501,164.51084653414958,167.4900360107422,22743000,0.0,0.0
2018-04-18 00:00:00-04:00,165.72239075633624,166.9537794197021,164.62009000426215,165.20599365234375,20969600,0.0,0.0
2018-04-19 00:00:00-04:00,165.04708519135187,167.16231445613354,164.05402208532334,166.9339141845703,22235000,0.0,0.0
2018-04-20 00:00:00-04:00,166.62604565783647,167.26160541579353,164.65978502430374,165.12652587890625,19119400,0.0,0.0
2018-04-23 00:00:00-04:00,166.10966325893304,167.2814704031641,163.94477789596365,164.6895751953125,23088100,0.0,0.0
2018-04-24 00:00:00-04:00,164.28243303299078,164.94779869185714,157.09266537598995,158.58226013183594,35079900,0.0,0.0
2018-04-25 00:00:00-04:00,159.02913552800146,159.94275182656736,155.10653903486195,158.58226013183594,41083600,0.0,0.0
2018-04-26 00:00:00-04:00,172.01840721376857,175.047252977902,169.61519610911205,172.95188903808594,77556900,0.0,0.0
2018-04-27 00:00:00-04:00,175.58348284951006,175.87147963179962,171.40269571837328,172.3858184814453,29804700,0.0,0.0
2018-04-30 00:00:00-04:00,172.5844459582464,174.50106580375402,170.51888784763625,170.80686950683594,20750500,0.0,0.0
2018-05-01 00:00:00-04:00,170.80686310243846,172.8128549235581,169.0491370707119,172.65396118164062,26025900,0.0,0.0
2018-05-02 00:00:00-04:00,173.0412657410691,176.8446996844626,172.99160954957935,174.84864807128906,30424500,0.0,0.0
2018-05-03 00:00:00-04:00,173.9151516378394,174.89827444336046,170.92602190435747,172.81285095214844,24026100,0.0,0.0
2018-05-04 00:00:00-04:00,171.87937590474584,175.75231622060258,171.85951039845025,175.3848876953125,17677800,0.0,0.0
2018-05-07 00:00:00-04:00,176.11977924648568,178.25485924309478,175.9410199760708,176.7354736328125,18697200,0.0,0.0
2018-05-08 00:00:00-04:00,177.01349780708208,177.79801098981687,175.8814064777154,177.67884826660156,15577200,0.0,0.0
2018-05-09 00:00:00-04:00,178.42364962332948,181.7404768199026,177.5398240493219,181.39291381835938,23282800,0.0,0.0
2018-05-10 00:00:00-04:00,181.87953130875138,184.83887075483747,181.23404624631155,184.24302673339844,21071400,0.0,0.0
2018-05-11 00:00:00-04:00,183.56771670512563,187.0136468107041,182.9023511058294,185.69287109375,21207800,0.0,0.0
2018-05-14 00:00:00-04:00,186.4078758980647,186.55682929767724,184.90834096157855,185.3452911376953,15646700,0.0,0.0
2018-05-15 00:00:00-04:00,183.5974946987666,184.00463901787708,181.92914095734028,183.0413818359375,15429400,0.0,0.0
2018-05-16 00:00:00-04:00,182.42568498297499,183.04139439730852,181.39290604583692,181.9291534423828,16975500,0.0,0.0
2018-05-17 00:00:00-04:00,181.41276527006735,182.78319723806908,180.95596471602732,182.4852752685547,14840700,0.0,0.0
2018-05-18 00:00:00-04:00,182.21715936753333,182.91230052866533,181.34325896328693,181.4127655029297,13130500,0.0,0.0
2018-05-21 00:00:00-04:00,182.495198479535,184.01458371330392,181.85963874222602,183.210205078125,13532900,0.0,0.0
2018-05-22 00:00:00-04:00,183.64717555817558,184.1337819951603,182.15758071554657,182.5250244140625,12731400,0.0,0.0
2018-05-23 00:00:00-04:00,181.23401358089419,185.61342543618474,180.91622611928628,185.60348510742188,16628100,0.0,0.0
2018-05-24 00:00:00-04:00,184.5905872352443,185.5042035350073,183.7464774779823,184.64022827148438,12354700,0.0,0.0
2018-05-25 00:00:00-04:00,184.7296130849338,185.0374602397614,183.17049665185036,183.63723754882812,10965100,0.0,0.0
2018-05-29 00:00:00-04:00,183.06127099873294,185.5141383732203,182.43565147187587,184.45156860351562,16398900,0.0,0.0
2018-05-30 00:00:00-04:00,185.24599782684075,186.69587672830158,183.96495299956314,186.3681640625,13736900,0.0,0.0
2018-05-31 00:00:00-04:00,186.56678046598967,191.38314309701488,186.17948642009893,190.4496612548828,30782600,0.0,0.0
2018-06-01 00:00:00-04:00,191.73070138665275,193.20043054253244,190.73763827942096,192.64431762695312,17307200,0.0,0.0
2018-06-04 00:00:00-04:00,190.5092564683336,192.634411286657,190.14182790276925,191.93927001953125,18939800,0.0,0.0
2018-06-05 00:00:00-04:00,192.95220551109492,193.6473468023608,191.28385125911308,191.6016387939453,15544300,0.0,0.0
2018-06-06 00:00:00-04:00,189.70486340129716,191.1944582132131,187.79818386039784,190.01271057128906,22558900,0.0,0.0
2018-06-07 00:00:00-04:00,189.426798129732,189.6452732375822,185.47441098824973,186.87461853027344,21503200,0.0,0.0
2018-06-08 00:00:00-04:00,186.22915244707383,188.1656227788041,185.1367767968963,187.78826904296875,12677100,0.0,0.0
2018-06-11 00:00:00-04:00,187.50023058953096,191.26394800544065,187.49030541416633,190.21128845214844,12928900,0.0,0.0
2018-06-12 00:00:00-04:00,190.83695310064772,191.93925385746576,190.23118394324425,191.0653533935547,11562700,0.0,0.0
2018-06-13 00:00:00-04:00,191.40301481239794,193.15080066411934,190.57877050277892,191.07530212402344,15853800,0.0,0.0
2018-06-14 00:00:00-04:00,191.76047730741743,195.91147350272374,191.57179290709635,195.44473266601562,19120900,0.0,0.0
2018-06-15 00:00:00-04:00,194.4318280429011,195.7029628193445,193.2898114782196,194.49142456054688,21860900,0.0,0.0
2018-06-18 00:00:00-04:00,193.44868040726104,198.19552045714343,192.78332999849684,196.934326171875,16826000,0.0,0.0
2018-06-19 00:00:00-04:00,194.87869683216988,196.58676647677677,192.4456802567306,196.12002563476562,19994000,0.0,0.0
2018-06-20 00:00:00-04:00,197.71889286906236,202.1380211609003,197.43089605004315,200.59877014160156,28230900,0.0,0.0
2018-06-21 00:00:00-04:00,201.35348805794885,201.9791227200348,198.7020111444034,200.10223388671875,19045700,0.0,0.0
2018-06-22 00:00:00-04:00,199.76459769536913,200.83710777373088,197.92742470732554,200.340576171875,17420200,0.0,0.0
2018-06-25 00:00:00-04:00,198.61263534937925,198.61263534937925,191.7704306677108,194.9879608154297,25275100,0.0,0.0
2018-06-26 00:00:00-04:00,196.22928551508667,197.71888024778335,194.868778688557,197.61956787109375,17897600,0.0,0.0
2018-06-27 00:00:00-04:00,197.79831849987062,199.35743497834366,194.44177522864408,194.4814910888672,18734400,0.0,0.0
2018-06-28 00:00:00-04:00,193.82605509345888,195.97107509819645,191.91937569578354,194.8687744140625,18172400,0.0,0.0
2018-06-29 00:00:00-04:00,195.95123546140104,196.22929194170896,192.6145425447642,192.9720458984375,15811600,0.0,0.0
2018-07-02 00:00:00-04:00,192.0286090096052,196.08030832262045,190.88659249262903,195.99093627929688,13961600,0.0,0.0
2018-07-03 00:00:00-04:00,193.2004333018475,194.0445278632857,191.1845163776106,191.39305114746094,13489500,0.0,0.0
2018-07-05 00:00:00-04:00,193.3891237077156,197.27198911644638,192.6840422023842,197.07337951660156,19684200,0.0,0.0
2018-07-06 00:00:00-04:00,197.0733802739101,202.22738047792387,196.32858290692408,201.82022094726562,19740100,0.0,0.0
2018-07-09 00:00:00-04:00,203.50844773436398,204.37242307938777,200.71794238265835,203.3197784423828,18149400,0.0,0.0
2018-07-10 00:00:00-04:00,203.08139897776456,203.48855847550138,200.85693223316977,202.1280517578125,13190100,0.0,0.0
2018-07-11 00:00:00-04:00,200.8172221929428,203.0814048588404,200.35048132161882,201.13499450683594,12927400,0.0,0.0
2018-07-12 00:00:00-04:00,202.01882339392304,205.6435128766611,201.78049794280955,205.484619140625,15454700,0.0,0.0
2018-07-13 00:00:00-04:00,206.36847301191196,206.98416738230793,205.0179063762794,205.8818817138672,11486800,0.0,0.0
2018-07-16 00:00:00-04:00,206.06058121533536,207.2721193388125,205.40515597090882,205.79244995117188,11078200,0.0,0.0
2018-07-17 00:00:00-04:00,203.4786374042448,209.00008135608186,203.41905603853525,208.53334045410156,15349900,0.0,0.0
2018-07-18 00:00:00-04:00,208.36451529662958,209.52639735201208,206.99408331456465,207.90769958496094,15334900,0.0,0.0
2018-07-19 00:00:00-04:00,207.3218057390928,208.53334403915423,206.31880222260003,206.64651489257812,11350400,0.0,0.0
2018-07-20 00:00:00-04:00,207.40123793545908,210.03284913292228,207.05365978351912,208.48367309570312,16163900,0.0,0.0
2018-07-23 00:00:00-04:00,209.11923254417522,210.15201151632886,207.35158141197147,209.4469451904297,16732000,0.0,0.0
2018-07-24 00:00:00-04:00,213.61781263279005,214.70024781858933,211.12522960666732,213.1808624267578,28468700,0.0,0.0
2018-07-25 00:00:00-04:00,214.22359020850868,217.1034673667331,212.78365162939647,215.99124145507812,58954200,0.0,0.0
2018-07-26 00:00:00-04:00,173.6768160542366,178.88047248591084,172.5447246539914,175.0373077392578,169803700,0.0,0.0
2018-07-27 00:00:00-04:00,178.62225354520353,178.68183490626512,171.79991495072542,173.6768035888672,60073700,0.0,0.0
2018-07-30 00:00:00-04:00,174.08396020571564,174.08396020571564,165.40458346879407,169.8733673095703,65280800,0.0,0.0
2018-07-31 00:00:00-04:00,169.48610382360573,173.03134691550886,168.8207532614578,171.3828582763672,40356500,0.0,0.0
2018-08-01 00:00:00-04:00,172.72345693763768,173.86548858929783,169.7144769703209,170.4592742919922,34042100,0.0,0.0
2018-08-02 00:00:00-04:00,169.49601358173788,175.56363012074144,169.08886920067656,175.14654541015625,32400000,0.0,0.0
2018-08-03 00:00:00-04:00,176.45741139143414,177.6093683986265,174.9280855001409,176.54678344726562,24763400,0.0,0.0
2018-08-06 00:00:00-04:00,177.7285155745118,184.5011984696972,177.14261194478343,184.4019012451172,49716200,0.0,0.0
2018-08-07 00:00:00-04:00,185.20628503395105,186.9938018074944,182.4455705765114,182.53494262695312,33398600,0.0,0.0
2018-08-08 00:00:00-04:00,183.46840640325328,185.55384495940547,182.48526848627748,183.89541625976562,22205200,0.0,0.0
2018-08-09 00:00:00-04:00,184.5608105491563,185.27581729935966,181.2141771021664,181.8199462890625,19732100,0.0,0.0
2018-08-10 00:00:00-04:00,180.77723395677305,180.83683048241875,178.17541299581015,179.00958251953125,21500400,0.0,0.0
2018-08-13 00:00:00-04:00,178.8506815793249,181.34326466147064,177.65899366229235,178.801025390625,17423300,0.0,0.0
2018-08-14 00:00:00-04:00,179.4564490129401,180.7275686363112,177.38093550731628,179.85366821289062,19102000,0.0,0.0
2018-08-15 00:00:00-04:00,178.09595301619566,179.61533852013596,173.5675871885351,178.28463745117188,33020200,0.0,0.0
2018-08-16 00:00:00-04:00,179.16845107229676,179.2478979423693,172.80291266655718,173.48812866210938,31351800,0.0,0.0
2018-08-17 00:00:00-04:00,173.2895167731226,174.99758657475485,170.84657479773762,172.59437561035156,24893200,0.0,0.0
2018-08-20 00:00:00-04:00,172.83268566598335,173.3590230204813,169.72440863946534,171.30337524414062,21518000,0.0,0.0
2018-08-21 00:00:00-04:00,171.61124607457785,172.96181260835425,170.201098174346,171.4225616455078,19578500,0.0,0.0
2018-08-22 00:00:00-04:00,171.01539766673457,173.03131448323677,170.9359508029143,172.4354705810547,16894100,0.0,0.0
2018-08-23 00:00:00-04:00,171.88930699253675,174.33224915089332,171.63111601358116,171.70062255859375,18053600,0.0,0.0
2018-08-24 00:00:00-04:00,172.4950544058899,173.60729536232932,171.72046641374712,173.43846130371094,14631600,0.0,0.0
2018-08-27 00:00:00-04:00,174.76919977537796,177.43060190465033,174.57057501103293,176.22900390625,17921900,0.0,0.0
2018-08-28 00:00:00-04:00,176.86455547628944,177.00358371305845,174.61029785237488,175.0373077392578,15910700,0.0,0.0
2018-08-29 00:00:00-04:00,175.0770286457498,175.56361986988395,173.53777780062114,174.67979431152344,18494100,0.0,0.0
2018-08-30 00:00:00-04:00,174.67980994689418,178.54282516949394,174.48120033847394,176.40774536132812,24216500,0.0,0.0
2018-08-31 00:00:00-04:00,175.9211342088032,176.38787511015445,173.76618895187613,174.510986328125,18065200,0.0,0.0
2018-09-04 00:00:00-04:00,172.29645082499624,172.6837448345659,167.6290572049937,169.97268676757812,29809000,0.0,0.0
2018-09-05 00:00:00-04:00,168.3142828503275,169.9429058498989,165.51383742566972,166.02029418945312,31226700,0.0,0.0
2018-09-06 00:00:00-04:00,165.82166981524483,165.82166981524483,158.8900937195526,161.4025421142578,41514800,0.0,0.0
2018-09-07 00:00:00-04:00,159.1979236351636,163.48796297505538,159.04897024958618,161.9089813232422,24300600,0.0,0.0
2018-09-10 00:00:00-04:00,162.37574146260647,163.8653361074386,161.03511537402179,163.0410919189453,20197700,0.0,0.0
2018-09-11 00:00:00-04:00,162.80276843626777,166.03022353897816,162.58429334015673,164.7888946533203,20457100,0.0,0.0
2018-09-12 00:00:00-04:00,162.1175341900484,163.34893776085312,160.67759587560968,160.87620544433594,24078100,0.0,0.0
2018-09-13 00:00:00-04:00,160.8762060764893,162.1870565105232,159.7441148620686,160.2406463623047,25453800,0.0,0.0
2018-09-14 00:00:00-04:00,160.59815635778963,161.7103821158427,159.22772451094605,161.19400024414062,21770400,0.0,0.0
2018-09-17 00:00:00-04:00,160.7967960595179,160.9358243053203,158.66171618049336,159.46609497070312,21005300,0.0,0.0
2018-09-18 00:00:00-04:00,158.28432773636385,160.6378824468161,157.76793067882136,159.18801879882812,22465200,0.0,0.0
2018-09-19 00:00:00-04:00,158.96953978752828,162.3062323450229,158.3736958778921,161.92886352539062,19629000,0.0,0.0
2018-09-20 00:00:00-04:00,163.358871829392,165.29534174754156,163.32908115010815,164.8683319091797,18936000,0.0,0.0
2018-09-21 00:00:00-04:00,165.4840451786803,166.08981431533522,161.68061143908528,161.79977416992188,45994800,0.0,0.0
2018-09-24 00:00:00-04:00,159.91295195607822,164.55055487781118,159.76399855022814,164.2625732421875,19222800,0.0,0.0
2018-09-25 00:00:00-04:00,160.86630958600753,164.44132793341424,160.03212500063188,163.76605224609375,27622800,0.0,0.0
2018-09-26 00:00:00-04:00,163.16025914427155,168.1255743029351,163.07088710812104,165.7918701171875,25252200,0.0,0.0
2018-09-27 00:00:00-04:00,166.38773267835091,170.57846035500611,166.05009484635943,167.6687774658203,27266900,0.0,0.0
2018-09-28 00:00:00-04:00,167.16233315079896,167.6191337450119,161.43235414537662,163.31918334960938,34265600,0.0,0.0
2018-10-01 00:00:00-04:00,161.89909028958493,164.72932643590048,160.14136420441187,161.3131866455078,26407700,0.0,0.0
2018-10-02 00:00:00-04:00,160.4591386955215,161.1542798400418,157.56932141657936,158.22474670410156,36031000,0.0,0.0
2018-10-03 00:00:00-04:00,158.89010176785146,162.52471648249687,158.42336088167312,161.30323791503906,23109500,0.0,0.0
2018-10-04 00:00:00-04:00,160.33998816463247,160.33998816463247,156.25849787714444,157.7480926513672,25739600,0.0,0.0
2018-10-05 00:00:00-04:00,158.1056112738916,159.78387548647305,155.11648110703086,156.2386474609375,25744000,0.0,0.0
2018-10-08 00:00:00-04:00,154.4610199479161,157.24159951523148,153.31900350293603,156.15916442871094,24046000,0.0,0.0
2018-10-09 00:00:00-04:00,156.59613745615854,159.47601465702692,156.3280061510065,156.80467224121094,18844400,0.0,0.0
2018-10-10 00:00:00-04:00,155.7321606394569,156.5961206765539,150.26037333000198,150.32989501953125,30610000,0.0,0.0
2018-10-11 00:00:00-04:00,149.08859001745896,153.73611873677723,148.12531745630287,152.2862548828125,35338900,0.0,0.0
2018-10-12 00:00:00-04:00,155.6427874078182,155.80168115276192,150.25046163291145,152.6735382080078,25293500,0.0,0.0
2018-10-15 00:00:00-04:00,152.25643802289184,154.49082994296967,151.49177521186425,152.45504760742188,15433500,0.0,0.0
2018-10-16 00:00:00-04:00,154.32200021109145,158.3538491394675,153.93470620687327,157.67855834960938,19180100,0.0,0.0
2018-10-17 00:00:00-04:00,158.4531303872005,159.37668685982757,156.85429834571826,158.31410217285156,17592000,0.0,0.0
2018-10-18 00:00:00-04:00,157.41044549475907,157.55941406947483,152.2167290987112,153.84535217285156,21675100,0.0,0.0
2018-10-19 00:00:00-04:00,154.77882618949516,156.25849576696672,152.4848526926415,152.98138427734375,19761300,0.0,0.0
2018-10-22 00:00:00-04:00,153.6864333241518,156.24853783086309,153.3885265292526,153.706298828125,15424700,0.0,0.0
2018-10-23 00:00:00-04:00,150.1710221555881,153.69639963630817,149.80359361113565,153.31903076171875,19095000,0.0,0.0
2018-10-24 00:00:00-04:00,153.20976122855268,153.57718969632913,144.58998150438737,145.02691650390625,27744600,0.0,0.0
2018-10-25 00:00:00-04:00,146.7052132876706,151.15414706069078,145.9802814389943,149.9028778076172,22105700,0.0,0.0
2018-10-26 00:00:00-04:00,144.80847807125647,147.9664116642357,142.80248623405868,144.36158752441406,31303300,0.0,0.0
2018-10-29 00:00:00-04:00,147.46987803922033,147.7975906976604,138.0655687796354,141.10433959960938,31336800,0.0,0.0
2018-10-30 00:00:00-04:00,138.96926799063732,145.62278846507476,138.77065837928467,145.20570373535156,50528300,0.0,0.0
2018-10-31 00:00:00-04:00,153.92476900962825,155.31505118466853,147.92667500067535,150.73703002929688,60101300,0.0,0.0
2018-11-01 00:00:00-04:00,150.46892638810752,151.69038976829566,148.31398126179784,150.69732666015625,25640800,0.0,0.0
2018-11-02 00:00:00-04:00,150.74700657395633,153.06084579847578,147.92671053962727,149.30706787109375,24708700,0.0,0.0
2018-11-05 00:00:00-05:00,149.05878360099314,149.1481556470227,146.41723200788547,147.64862060546875,15971200,0.0,0.0
2018-11-06 00:00:00-05:00,148.27425246853886,149.92274088940104,146.97334220189796,148.89988708496094,16667100,0.0,0.0
2018-11-07 00:00:00-05:00,150.51858232826675,151.94858047318192,148.79064706786775,150.47885131835938,21877400,0.0,0.0
2018-11-08 00:00:00-05:00,149.4460739521334,149.8929493242543,145.72208726289136,146.84423828125,24145800,0.0,0.0
2018-11-09 00:00:00-05:00,145.7320290293817,146.73501743680745,143.0706268459031,143.95445251464844,17326900,0.0,0.0
2018-11-12 00:00:00-05:00,143.47776789856263,144.03388086998876,139.51545540068048,140.56809997558594,18542100,0.0,0.0
2018-11-13 00:00:00-05:00,141.0149649045714,143.87499157692912,140.6375960650406,141.17385864257812,15141700,0.0,0.0
2018-11-14 00:00:00-05:00,142.70319207855792,144.5701559170975,140.5681120612059,143.21958923339844,22068400,0.0,0.0
2018-11-15 00:00:00-05:00,141.34268208049227,143.8352651693663,139.853087333122,142.85214233398438,30320300,0.0,0.0
2018-11-16 00:00:00-05:00,140.09142904305526,140.78657023334137,136.81431754263056,138.56210327148438,37250600,0.0,0.0
2018-11-19 00:00:00-05:00,136.65539504899544,136.79442325780417,130.29979814211308,130.63743591308594,44362700,0.0,0.0
2018-11-20 00:00:00-05:00,126.14880267400333,133.22934733014625,125.97005101536298,131.51133728027344,41939500,0.0,0.0
2018-11-21 00:00:00-05:00,133.4676810270502,136.23833569555546,133.19956488721374,133.88478088378906,25469700,0.0,0.0
2018-11-23 00:00:00-05:00,132.72288736464,133.56699712512034,130.3494669809507,130.8162078857422,11886100,0.0,0.0
2018-11-26 00:00:00-05:00,132.077416478328,136.04966960549575,131.85894134409833,135.43397521972656,24263600,0.0,0.0
2018-11-27 00:00:00-05:00,134.80831968519422,135.66235458176686,132.78247757047865,134.0635223388672,20750300,0.0,0.0
2018-11-28 00:00:00-05:00,135.33465895445758,135.8411157586073,130.93539601552456,135.8113250732422,29847500,0.0,0.0
2018-11-29 00:00:00-05:00,134.97713828744196,139.01891248426867,134.71894732970262,137.71798706054688,24238700,0.0,0.0
2018-11-30 00:00:00-05:00,137.3008935210369,139.99210108682033,136.40714282625675,139.6345977783203,25732600,0.0,0.0
2018-12-03 00:00:00-05:00,142.0080212197644,142.68329684446113,139.78355445329146,140.11126708984375,24819200,0.0,0.0
2018-12-04 00:00:00-05:00,139.75377010342598,142.39532166709137,136.2085426072989,136.9731903076172,30307400,0.0,0.0
2018-12-06 00:00:00-05:00,132.8917132022535,138.730914009161,132.74274464337415,138.66140747070312,28218100,0.0,0.0
2018-12-07 00:00:00-05:00,138.2840277551847,139.89278502447317,135.71199812879553,136.4667205810547,21195500,0.0,0.0
2018-12-10 00:00:00-05:00,138.6316355233642,142.05770069939848,138.04571669063287,140.86602783203125,26422200,0.0,0.0
2018-12-11 00:00:00-05:00,142.88193817873068,142.88193817873068,140.12122369276744,141.09442138671875,20300300,0.0,0.0
2018-12-12 00:00:00-05:00,142.08747182876053,146.16896182363112,141.52141858172638,143.49761962890625,23696900,0.0,0.0
2018-12-13 00:00:00-05:00,144.5602174766294,144.83827396073877,142.19672220875788,144.00408935546875,18148600,0.0,0.0
2018-12-14 00:00:00-05:00,142.34567747768756,144.99715444108023,141.52143319160083,143.06068420410156,21785800,0.0,0.0
2018-12-17 00:00:00-05:00,142.0874812741174,143.9147138842566,137.45980322964053,139.217529296875,24334000,0.0,0.0
2018-12-18 00:00:00-05:00,140.1013624528026,144.91771003155802,138.86003341400857,142.66346740722656,24709100,0.0,0.0
2018-12-19 00:00:00-05:00,140.23044910001016,143.9047795939674,131.58086270331356,132.31573486328125,57404900,0.0,0.0
2018-12-20 00:00:00-05:00,129.79334207816916,134.62956960236468,129.09820094979673,132.474609375,40297900,0.0,0.0
2018-12-21 00:00:00-05:00,132.46470019094187,133.96422017409824,122.56385883366804,124.08324432373047,56901500,0.0,0.0
2018-12-24 00:00:00-05:00,122.24606978922786,128.84001594286272,122.16662292047397,123.19940948486328,22066000,0.0,0.0
2018-12-26 00:00:00-05:00,125.12594289951123,133.30878779498192,125.0167053591163,133.2491912841797,39723400,0.0,0.0
2018-12-27 00:00:00-05:00,131.52129497498996,134.05360921068126,128.77050561917207,133.5868682861328,31202500,0.0,0.0
2018-12-28 00:00:00-05:00,134.40113988584127,134.97711823177687,131.28292273918214,132.27598571777344,22627600,0.0,0.0
2018-12-31 00:00:00-05:00,133.51731039931215,133.705994784003,129.04852713092578,130.1806182861328,24625300,0.0,0.0
2019-01-02 00:00:00-05:00,128.09520584026163,136.55609195535607,127.66818085734813,134.73878479003906,28146200,0.0,0.0
2019-01-03 00:00:00-05:00,133.7556589409655,136.21845095741136,130.21041672981713,130.8261260986328,22717900,0.0,0.0
2019-01-04 00:00:00-05:00,133.08040087450107,137.0427287029277,132.8222098841781,136.99307250976562,29002100,0.0,0.0
2019-01-07 00:00:00-05:00,136.6057550851361,137.90666529760657,134.96720706161565,137.0923614501953,20089300,0.0,0.0
2019-01-08 00:00:00-05:00,138.91961913603413,142.14707473802136,138.57204093310452,141.5413055419922,26263800,0.0,0.0
2019-01-09 00:00:00-05:00,141.95835745939883,143.69621776620173,140.2900188382789,143.22947692871094,22205900,0.0,0.0
2019-01-10 00:00:00-05:00,142.08748112242944,143.55721038093398,139.86301415184678,143.19970703125,16125000,0.0,0.0
2019-01-11 00:00:00-05:00,142.15697487711634,144.35165096720868,141.58101162110495,142.80247497558594,12908000,0.0,0.0
2019-01-14 00:00:00-05:00,141.01498581223325,145.55329227692698,140.2900538603888,144.3814697265625,20520300,0.0,0.0
2019-01-15 00:00:00-05:00,144.99712510475769,149.63472755812845,144.97727475460945,147.91673278808594,24069000,0.0,0.0
2019-01-16 00:00:00-05:00,147.96641949302634,148.6119045235976,145.98029305687834,146.51654052734375,18025700,0.0,0.0
2019-01-17 00:00:00-05:00,145.93061429493838,147.966396607713,145.48373894650976,147.27125549316406,15787900,0.0,0.0
2019-01-18 00:00:00-05:00,148.71117917372496,151.37258064946704,147.5195066449906,148.99916076660156,31029600,0.0,0.0
2019-01-22 00:00:00-05:00,148.16502362395156,150.47886265480508,145.35465300243268,146.5463409423828,22378700,0.0,0.0
2019-01-23 00:00:00-05:00,147.25139820480075,147.76779526996606,142.06760750674863,143.29901123046875,20098400,0.0,0.0
2019-01-24 00:00:00-05:00,143.63664241010645,145.42415897380562,141.53135354227183,144.81838989257812,20955500,0.0,0.0
2019-01-25 00:00:00-05:00,146.4569784244563,148.79068335509498,145.52349645220085,147.9763641357422,22237200,0.0,0.0
2019-01-28 00:00:00-05:00,147.02298460125706,147.92667559513444,145.19575226302138,146.44700622558594,15508500,0.0,0.0
2019-01-29 00:00:00-05:00,147.06271366266958,147.07265399174207,142.43503589121408,143.1897735595703,17632100,0.0,0.0
2019-01-30 00:00:00-05:00,145.20569421963796,149.90287865090156,144.68929714160828,149.37655639648438,44613200,0.0,0.0
2019-01-31 00:00:00-05:00,164.4512562584447,170.4890666025974,163.85541233423493,165.53369140625,77233600,0.0,0.0
2019-02-01 00:00:00-05:00,164.6895890040111,167.92698456784095,164.5108449105914,164.5605010986328,30806500,0.0,0.0
2019-02-04 00:00:00-05:00,164.55055073949134,168.12558391938973,162.48497769698787,168.075927734375,20036000,0.0,0.0
2019-02-05 00:00:00-05:00,167.97662020423076,170.7869906441095,167.5198196559899,169.97268676757812,22557000,0.0,0.0
2019-02-06 00:00:00-05:00,170.01239356044348,171.27358789480058,168.0957891199487,169.3073272705078,13281200,0.0,0.0
2019-02-07 00:00:00-05:00,167.03319689457643,168.0659909207822,164.10366401684539,165.225830078125,17517600,0.0,0.0
2019-02-08 00:00:00-05:00,163.32910441163853,166.20898160745864,163.07091343675992,166.1692657470703,12561400,0.0,0.0
2019-02-11 00:00:00-05:00,166.73528682263577,167.13252115057335,163.93485678714177,164.63992309570312,12811200,0.0,0.0
2019-02-12 00:00:00-05:00,165.7025084470035,167.17223758308776,163.35887893938468,163.89512634277344,16292300,0.0,0.0
2019-02-13 00:00:00-05:00,164.23279511932705,165.06696456175467,162.59423176497805,162.931884765625,14205100,0.0,0.0
2019-02-14 00:00:00-05:00,162.057960646752,163.72629928800146,161.12447896050742,162.81268310546875,12755200,0.0,0.0
2019-02-15 00:00:00-05:00,163.36880837362978,163.55749279085117,159.74413404774924,161.3727569580078,15504400,0.0,0.0
2019-02-19 00:00:00-05:00,159.3866386820332,163.01131318901503,159.21781976159522,161.16421508789062,14345400,0.0,0.0
2019-02-20 00:00:00-05:00,161.12446491923993,162.58426867958767,160.13140196134015,161.43231201171875,11770700,0.0,0.0
2019-02-21 00:00:00-05:00,160.80669819619362,161.11456048123455,158.4829342123294,158.9298095703125,15607800,0.0,0.0
2019-02-22 00:00:00-05:00,159.46608794412768,161.28339538964576,159.19795664155836,160.76699829101562,15858500,0.0,0.0
2019-02-25 00:00:00-05:00,161.93882203567452,164.91801161246232,161.76998795840112,163.47805786132812,18737100,0.0,0.0
2019-02-26 00:00:00-05:00,163.19997456980633,165.08680341690865,162.66372720137176,162.99143981933594,13784100,0.0,0.0
2019-02-27 00:00:00-05:00,161.7699903380451,162.79284422888645,159.29727265082016,161.6806182861328,12697500,0.0,0.0
2019-02-28 00:00:00-05:00,161.24364857022354,162.3658147073559,159.74412876407033,160.3300323486328,11114200,0.0,0.0
2019-03-01 00:00:00-05:00,161.47205379858158,161.99837598918054,160.56836280984027,161.15426635742188,11097800,0.0,0.0
2019-03-04 00:00:00-05:00,162.76305382891104,166.33808744105988,162.69354728383865,166.208984375,18894700,0.0,0.0
2019-03-05 00:00:00-05:00,166.2089908008867,170.68771574272483,165.3946868178796,170.07200622558594,28187900,0.0,0.0
2019-03-06 00:00:00-05:00,171.70061800925208,172.36598367540338,170.08193532751034,171.31332397460938,21531700,0.0,0.0
2019-03-07 00:00:00-05:00,170.31032661728906,170.54866722329905,166.44731165173755,167.95677185058594,18306500,0.0,0.0
2019-03-08 00:00:00-05:00,165.04709901417928,168.44337330288468,164.81869872348736,168.42352294921875,13184800,0.0,0.0
2019-03-11 00:00:00-04:00,170.40963242614907,173.09089974046447,170.38976692151172,170.87637329101562,18884000,0.0,0.0
2019-03-12 00:00:00-04:00,170.89625118525132,172.59439601133246,170.03229100603852,170.72743225097656,12155300,0.0,0.0
2019-03-13 00:00:00-04:00,171.12465418342126,172.82278373291857,170.92602942537857,172.1673583984375,11973300,0.0,0.0
2019-03-14 00:00:00-04:00,168.58240343942427,169.96276068181822,166.99351141060052,168.98956298828125,18037400,0.0,0.0
2019-03-15 00:00:00-04:00,166.00043564853922,166.41752034277886,161.38268302450012,164.82861328125,37135400,0.0,0.0
2019-03-18 00:00:00-04:00,162.43531270497616,162.76301014126815,158.17506419792468,159.3568115234375,37524200,0.0,0.0
2019-03-19 00:00:00-04:00,160.3598315511945,162.68361081425897,159.704421395247,160.44921875,25611500,0.0,0.0
2019-03-20 00:00:00-04:00,160.37970233371666,164.96764934100926,160.12151136396588,164.29237365722656,20211500,0.0,0.0
2019-03-21 00:00:00-04:00,163.74618514501432,165.23577989682886,162.61409373975295,164.9279327392578,16223000,0.0,0.0
2019-03-22 00:00:00-04:00,164.50090727031096,166.25863331571065,162.95173115691787,163.1999969482422,16389200,0.0,0.0
2019-03-25 00:00:00-04:00,161.86928835717367,165.38472513027486,160.87622523841802,165.13645935058594,12631200,0.0,0.0
2019-03-26 00:00:00-04:00,166.18913292225227,168.27455655476712,165.19606972021415,166.51683044433594,15437900,0.0,0.0
2019-03-27 00:00:00-04:00,166.68566694789587,167.76810221715652,163.64688077698563,164.71939086914062,10620300,0.0,0.0
2019-03-28 00:00:00-04:00,163.42842882982748,165.56350878886235,162.1970249259016,164.40162658691406,10443000,0.0,0.0
2019-03-29 00:00:00-04:00,165.23576944414512,166.03022295877798,163.66672791980383,165.53369140625,13455500,0.0,0.0
2019-04-01 00:00:00-04:00,166.66580970522065,167.72837952001763,166.11962187848255,167.52976989746094,10381500,0.0,0.0
2019-04-02 00:00:00-04:00,168.95975856603962,173.6867335603725,168.37385496216956,172.99159240722656,23946500,0.0,0.0
2019-04-03 00:00:00-04:00,173.2895289831275,176.72553433398426,171.75027798735945,172.336181640625,27391100,0.0,0.0
2019-04-04 00:00:00-04:00,174.79898071289062,176.76524151614555,174.3123743120851,174.79898071289062,17847700,0.0,0.0
2019-04-05 00:00:00-04:00,175.65299435413797,175.7721570693122,173.88534336533712,174.50103759765625,9594100,0.0,0.0
2019-04-08 00:00:00-04:00,173.99460911096867,174.28259077030327,173.02139626948363,173.71653747558594,7297400,0.0,0.0
2019-04-09 00:00:00-04:00,174.40173421648885,177.9469767049302,174.33222768003674,176.34814453125,19751000,0.0,0.0
2019-04-10 00:00:00-04:00,176.94394440440448,177.54971339374944,175.31532181627114,176.58645629882812,11701500,0.0,0.0
2019-04-11 00:00:00-04:00,177.00358778319563,177.16246637676977,175.77218397711053,176.2786407470703,8071000,0.0,0.0
2019-04-12 00:00:00-04:00,176.7652446884336,178.38394250839818,176.71558849922496,177.8576202392578,12329800,0.0,0.0
2019-04-15 00:00:00-04:00,177.26176158372732,179.24788776393714,175.64306389791543,178.40377807617188,10834800,0.0,0.0
2019-04-16 00:00:00-04:00,177.7583144919515,178.92019662865758,177.06317327592333,177.62921142578125,11215200,0.0,0.0
2019-04-17 00:00:00-04:00,178.35415980948073,179.48625127058503,177.12275596551345,177.5398406982422,9973700,0.0,0.0
2019-04-18 00:00:00-04:00,177.55968624210274,177.6391331088724,176.1098074412026,177.0432891845703,11655600,0.0,0.0
2019-04-22 00:00:00-04:00,177.01349234688985,180.40976623022775,177.01349234688985,180.18136596679688,13389900,0.0,0.0
2019-04-23 00:00:00-04:00,181.47236321612658,182.94209241691908,180.22109396489566,182.50514221191406,19954800,0.0,0.0
2019-04-24 00:00:00-04:00,183.21021544768485,183.85570039683563,180.38990474786817,181.31346130371094,37289900,0.0,0.0
2019-04-25 00:00:00-04:00,195.61358411899766,197.1031789131023,190.78729637998094,191.9193878173828,54148800,0.0,0.0
2019-04-26 00:00:00-04:00,191.16463985107282,191.56185901556145,187.77829116557683,190.16165161132812,22075000,0.0,0.0
2019-04-29 00:00:00-04:00,189.62539944563179,194.05446762140403,189.3274774794958,193.4288330078125,19641300,0.0,0.0
2019-04-30 00:00:00-04:00,192.8429390329577,196.02073814020946,190.94618474522846,192.05841064453125,23494700,0.0,0.0
2019-05-01 00:00:00-04:00,193.42885491689998,194.81913737908678,191.67112875525197,191.6909942626953,15996600,0.0,0.0
2019-05-02 00:00:00-04:00,191.66118363124153,192.65424675886453,188.43372846646673,191.19444274902344,13209500,0.0,0.0
2019-05-03 00:00:00-04:00,193.03162422743932,194.79927546141104,192.3662737205346,194.1140594482422,14575400,0.0,0.0
2019-05-06 00:00:00-04:00,189.91340901177026,192.93231442778696,189.22819298944282,192.53509521484375,13994900,0.0,0.0
2019-05-07 00:00:00-04:00,191.20438751649928,191.56189088519184,186.54693369920378,188.45361328125,16253000,0.0,0.0
2019-05-08 00:00:00-04:00,188.07622054586224,189.39699629173043,187.24205117571614,188.2251739501953,12505700,0.0,0.0
2019-05-09 00:00:00-04:00,185.90141585485125,188.4535953853974,184.96793408341324,187.3413543701172,12967000,0.0,0.0
2019-05-10 00:00:00-04:00,186.94413625481548,188.68199675120817,183.30952152279687,187.03350830078125,12578500,0.0,0.0
2019-05-13 00:00:00-04:00,182.22708052722422,184.14368505445333,179.5855290202056,180.28067016601562,16833300,0.0,0.0
2019-05-14 00:00:00-04:00,181.25386384693192,182.21713617365302,176.86452718484318,179.4762725830078,17628100,0.0,0.0
2019-05-15 00:00:00-04:00,179.16844934373407,185.98086306908414,178.77123015014467,184.97787475585938,16746900,0.0,0.0
2019-05-16 00:00:00-04:00,183.76632629086865,187.271837756876,183.76632629086865,185.69287109375,12953100,0.0,0.0
2019-05-17 00:00:00-04:00,183.5578021708729,186.27880085203446,183.0016891914687,184.01461791992188,10485400,0.0,0.0
2019-05-20 00:00:00-04:00,180.61831479442765,182.95200390132163,180.11184293428423,181.45248413085938,10352000,0.0,0.0
2019-05-21 00:00:00-04:00,183.28968280743672,184.4118339237832,182.614391949291,183.53794860839844,7502800,0.0,0.0
2019-05-22 00:00:00-04:00,183.44855083175287,185.44461745433554,182.33632495648288,184.0344696044922,9213800,0.0,0.0
2019-05-23 00:00:00-04:00,181.15457683084898,182.6243060405023,178.4236531860441,179.61532592773438,12768800,0.0,0.0
2019-05-24 00:00:00-04:00,181.06521058886167,182.35619574746875,179.5756158257631,179.80401611328125,8807700,0.0,0.0
2019-05-28 00:00:00-04:00,180.280674501749,183.4286979680207,180.1913024564827,183.03146362304688,14843300,0.0,0.0
2019-05-29 00:00:00-04:00,182.22710365088653,183.27974825567972,180.09202375648093,180.9261932373047,12797700,0.0,0.0
2019-05-30 00:00:00-04:00,181.81001547297282,182.20723469834743,179.63520460463263,181.74049377441406,8581500,0.0,0.0
2019-05-31 00:00:00-04:00,179.02941170398958,179.28760265096253,175.93105972855378,176.23890686035156,15226500,0.0,0.0
2019-06-03 00:00:00-04:00,173.7860315192772,173.83568770172775,159.89307417304937,163.01129150390625,56059600,0.0,0.0
2019-06-04 00:00:00-04:00,162.57437114738372,167.11266175709775,159.7242696696142,166.33807373046875,46044300,0.0,0.0
2019-06-05 00:00:00-04:00,166.31821720860052,167.5496210073409,163.48799623625894,167.00343322753906,19758300,0.0,0.0
2019-06-06 00:00:00-04:00,167.13251705950924,168.52279929090898,166.06993230534383,167.1623077392578,12446400,0.0,0.0
2019-06-07 00:00:00-04:00,168.98954297241914,172.6638733479888,167.66876725401505,172.14749145507812,16917300,0.0,0.0
2019-06-10 00:00:00-04:00,173.5377933663984,176.6262205096806,172.5943863615185,173.60731506347656,14767900,0.0,0.0
2019-06-11 00:00:00-04:00,177.2419167024295,178.73151151091156,175.5636374604023,176.86456298828125,15266600,0.0,0.0
2019-06-12 00:00:00-04:00,177.14260218714344,178.0264277478102,171.68075508903763,173.8257598876953,17699800,0.0,0.0
2019-06-13 00:00:00-04:00,174.3123620514931,176.79501976333336,173.3987458318887,176.23890686035156,12253600,0.0,0.0
2019-06-14 00:00:00-04:00,179.2578093051124,180.57858500652443,178.75135259448638,180.07212829589844,16773700,0.0,0.0
2019-06-17 00:00:00-04:00,183.72661504396743,188.1854742152614,183.13078622264982,187.69886779785156,29459900,0.0,0.0
2019-06-18 00:00:00-04:00,192.65423521058455,193.18055742444014,185.98085018074562,187.16259765625,37571400,0.0,0.0
2019-06-19 00:00:00-04:00,185.70282303067978,186.795198639096,183.2698211605989,186.1794891357422,21417100,0.0,0.0
2019-06-20 00:00:00-04:00,189.6254189510527,189.83396889468216,186.33838211519756,188.21527099609375,14635700,0.0,0.0
2019-06-21 00:00:00-04:00,187.44066662882705,190.66812181581346,187.44066662882705,189.8140869140625,22751200,0.0,0.0
2019-06-24 00:00:00-04:00,191.08521779649487,192.6343939532484,190.2411231741314,191.26397705078125,15509000,0.0,0.0
2019-06-25 00:00:00-04:00,191.542043815578,191.80023480458402,186.82499339515329,187.53005981445312,16750300,0.0,0.0
2019-06-26 00:00:00-04:00,188.2251789710033,189.43671720169758,186.01065243418444,186.3582305908203,12808600,0.0,0.0
2019-06-27 00:00:00-04:00,188.56283943432734,197.50040795796585,186.9640071256477,188.1854705810547,11159000,0.0,0.0
2019-06-28 00:00:00-04:00,189.22819208587794,191.8598034531795,188.62242293962004,191.66119384765625,16378900,0.0,0.0
2019-07-01 00:00:00-04:00,193.8558701439833,193.92537668709272,190.59860897104744,191.66119384765625,14181800,0.0,0.0
2019-07-02 00:00:00-04:00,191.66118211012622,193.64730834960938,191.37320047269503,193.64730834960938,9050000,0.0,0.0
2019-07-03 00:00:00-04:00,192.81314125620622,196.03065610450858,192.81314125620622,195.83204650878906,10246100,0.0,0.0
2019-07-05 00:00:00-04:00,194.8191225498302,195.70296330494557,192.82307106256712,195.03759765625,11164100,0.0,0.0
2019-07-08 00:00:00-04:00,193.83598523868974,195.31563953175632,192.2967344322831,194.4020233154297,9723900,0.0,0.0
2019-07-09 00:00:00-04:00,193.61753161396024,198.07639079781725,193.5380847403057,197.828125,14698600,0.0,0.0
2019-07-10 00:00:00-04:00,198.61262658235708,201.55210012306995,198.2849139301433,201.3236846923828,20571700,0.0,0.0
2019-07-11 00:00:00-04:00,201.85002355885814,202.3862861804278,198.82119287646694,199.8341064453125,13678500,0.0,0.0
2019-07-12 00:00:00-04:00,198.29485211662364,203.87587759376112,197.7784701637469,203.4488525390625,15366300,0.0,0.0
2019-07-15 00:00:00-04:00,202.83316704014817,203.90567715912974,200.4200306371466,202.4955291748047,16030300,0.0,0.0
2019-07-16 00:00:00-04:00,202.47563580007818,204.0446773237711,201.69112261470192,202.4259796142578,12132700,0.0,0.0
2019-07-17 00:00:00-04:00,202.76362647482506,202.94238572116157,200.19159655580592,200.400146484375,12083700,0.0,0.0
2019-07-18 00:00:00-04:00,198.76160285418737,201.06551686096802,197.99695506400712,199.38723754882812,11937900,0.0,0.0
2019-07-19 00:00:00-04:00,200.77748662357317,200.92645517762105,196.69601190381832,196.98399353027344,12098300,0.0,0.0
2019-07-22 00:00:00-04:00,198.5232487070883,201.16480019976527,197.43087323178867,200.91653442382812,13589000,0.0,0.0
2019-07-23 00:00:00-04:00,201.43290381032404,202.8232011609412,199.56595559529106,200.95623779296875,14583700,0.0,0.0
2019-07-24 00:00:00-04:00,196.25907784210779,203.3892640822867,195.85191830838625,203.2403106689453,32532500,0.0,0.0
2019-07-25 00:00:00-04:00,205.26615728544672,207.21256779511856,196.88470158053417,199.31771850585938,39889900,0.0,0.0
2019-07-26 00:00:00-04:00,198.8012995429999,201.47264164102467,194.8886286003867,198.36434936523438,24434000,0.0,0.0
2019-07-29 00:00:00-04:00,197.6195815880292,198.24521626812881,193.94525068959402,194.580810546875,16530800,0.0,0.0
2019-07-30 00:00:00-04:00,194.03459346818443,197.33157014804775,192.15770486400248,195.6731414794922,11903600,0.0,0.0
2019-07-31 00:00:00-04:00,195.58376206685807,197.3812037389929,191.34337865690586,192.88262939453125,14593500,0.0,0.0
2019-08-01 00:00:00-04:00,192.82306446676884,197.09323891944084,189.5558934646079,191.39305114746094,17777000,0.0,0.0
2019-08-02 00:00:00-04:00,189.7743744444367,191.28381952564587,186.7653943055402,187.70880126953125,15297000,0.0,0.0
2019-08-05 00:00:00-04:00,183.4088339158982,184.38203155114934,178.09594005094718,180.4693603515625,23086700,0.0,0.0
2019-08-06 00:00:00-04:00,182.41575294628024,184.50117624656727,181.81990905880423,183.2300567626953,18035700,0.0,0.0
2019-08-07 00:00:00-04:00,182.32638025466036,185.07715396609052,179.96288536987828,183.86561584472656,15833200,0.0,0.0
2019-08-08 00:00:00-04:00,185.3254145390614,189.01961015770186,182.77325047653008,188.8408660888672,14828900,0.0,0.0
2019-08-09 00:00:00-04:00,188.6820159438704,189.65521367802012,185.82198895851644,186.54693603515625,11058800,0.0,0.0
2019-08-12 00:00:00-04:00,185.55386615955348,186.28872323433745,183.18044570259855,184.08412170410156,10930900,0.0,0.0
2019-08-13 00:00:00-04:00,184.2330481976095,190.05239786353218,184.08407965892303,187.14271545410156,13577000,0.0,0.0
2019-08-14 00:00:00-04:00,184.51114541042787,184.69982984271434,178.0661597936618,178.46339416503906,18903700,0.0,0.0
2019-08-15 00:00:00-04:00,179.694771834787,181.92916389583752,178.7811555659548,181.32339477539062,12925900,0.0,0.0
2019-08-16 00:00:00-04:00,182.4753306202536,183.81597176353728,181.09497362331183,182.42567443847656,12654600,0.0,0.0
2019-08-19 00:00:00-04:00,184.71966156532704,186.1993310376985,183.56771988687515,184.87855529785156,9691200,0.0,0.0
2019-08-20 00:00:00-04:00,184.1635656533056,184.70975343868577,181.12479471475274,182.53494262695312,10083400,0.0,0.0
2019-08-21 00:00:00-04:00,183.71668722924588,184.6104380248602,181.86958911909363,182.27674865722656,8398200,0.0,0.0
2019-08-22 00:00:00-04:00,182.15756357237575,182.8328543836781,178.66199224743258,180.77720642089844,10821400,0.0,0.0
2019-08-23 00:00:00-04:00,179.58552914612656,181.85965215329884,175.43453262042144,176.5169677734375,17323400,0.0,0.0
2019-08-26 00:00:00-04:00,178.15552416270623,179.24789969571253,177.00358241773918,179.10887145996094,8773600,0.0,0.0
2019-08-27 00:00:00-04:00,180.6679779007347,182.76334182635685,179.75436158925638,180.0423583984375,14399600,0.0,0.0
2019-08-28 00:00:00-04:00,179.27771243579306,180.68786047275591,177.67887995146492,180.49917602539062,9386100,0.0,0.0
2019-08-29 00:00:00-04:00,182.49521345933883,184.7891868377205,182.19729149331533,184.28273010253906,10128700,0.0,0.0
2019-08-30 00:00:00-04:00,185.48433501071017,185.50420051664787,182.18737321329252,184.3820343017578,10774500,0.0,0.0
2019-09-03 00:00:00-04:00,182.72361864622525,184.3820322797158,180.84672990863982,181.12478637695312,9779400,0.0,0.0
2019-09-04 00:00:00-04:00,183.3691098814042,186.4476117964774,182.61438732066918,185.8418426513672,11308000,0.0,0.0
2019-09-05 00:00:00-04:00,187.2221748006599,190.03254503844983,186.63627124038027,189.5757293701172,13876700,0.0,0.0
2019-09-06 00:00:00-04:00,188.89054021135885,188.89054021135885,185.05731601300062,186.1894073486328,15226800,0.0,0.0
2019-09-09 00:00:00-04:00,186.42775339899964,187.66908241967977,184.5608048558974,187.4506072998047,14722400,0.0,0.0
2019-09-10 00:00:00-04:00,186.13974967623687,186.79517495819528,183.26979792662678,184.87855529785156,15455900,0.0,0.0
2019-09-11 00:00:00-04:00,185.16653267365547,188.12585615527195,184.7891638866993,187.1824493408203,11761700,0.0,0.0
2019-09-12 00:00:00-04:00,188.54294515274668,189.60551470219175,185.93118456717056,186.16952514648438,11419800,0.0,0.0
2019-09-13 00:00:00-04:00,186.03052298681473,186.66608280106655,185.24599460727404,185.89149475097656,11441100,0.0,0.0
2019-09-16 00:00:00-04:00,185.6332890133977,186.48732393614006,184.48134726534857,184.92822265625,8444800,0.0,0.0
2019-09-17 00:00:00-04:00,185.36516651218918,187.01365493606576,184.25292550841158,186.7753143310547,9671100,0.0,0.0
2019-09-18 00:00:00-04:00,186.7852589691307,187.76839702018006,184.71968563597014,186.8349151611328,9681900,0.0,0.0
2019-09-19 00:00:00-04:00,187.35130042111714,189.7743769691644,186.84482850888054,188.82102966308594,10392700,0.0,0.0
2019-09-20 00:00:00-04:00,189.33740420994047,191.76048046950308,186.81501558448514,188.61245727539062,19934200,0.0,0.0
2019-09-23 00:00:00-04:00,188.0265713133327,188.781308997705,183.92523084864314,185.52406311035156,13327600,0.0,0.0
2019-09-24 00:00:00-04:00,186.6760275309446,186.73560890212448,179.13868101783225,180.0225067138672,18546600,0.0,0.0
2019-09-25 00:00:00-04:00,180.19129540719746,182.1476309149545,176.6361277117034,181.5319366455078,18068300,0.0,0.0
2019-09-26 00:00:00-04:00,180.0721185362703,180.14162506787224,176.43750426046725,178.86058044433594,16083300,0.0,0.0
2019-09-27 00:00:00-04:00,179.2379739614707,179.5060901026951,174.44147711355396,175.87149047851562,14656200,0.0,0.0
2019-09-30 00:00:00-04:00,176.63613086533923,177.43058438545017,175.62321740131483,176.8446807861328,10740000,0.0,0.0
2019-10-01 00:00:00-04:00,177.90725074682496,178.59246671970473,173.6668821617138,174.59042358398438,17073000,0.0,0.0
2019-10-02 00:00:00-04:00,173.62713463081562,175.30541355764294,171.88927434730977,173.38880920410156,16151700,0.0,0.0
2019-10-03 00:00:00-04:00,174.35211279570194,178.5924817373818,172.42556776877498,178.13568115234375,16086300,0.0,0.0
2019-10-04 00:00:00-04:00,178.30449141467102,179.72456444417904,176.8645528793616,179.1982421875,10430200,0.0,0.0
2019-10-07 00:00:00-04:00,178.7513506848282,179.92315782146213,176.85459660474476,178.43356323242188,9178300,0.0,0.0
2019-10-08 00:00:00-04:00,177.02342450439554,179.11878827226818,176.48717709237766,176.5169677734375,9466900,0.0,0.0
2019-10-09 00:00:00-04:00,177.91718578091115,179.4663617676093,176.7056476060954,178.60240173339844,7556900,0.0,0.0
2019-10-10 00:00:00-04:00,179.069155247645,180.35020004933247,177.92712352849358,178.78115844726562,8605000,0.0,0.0
2019-10-11 00:00:00-04:00,180.88642020687212,185.19632516259693,180.8764950318852,182.9122772216797,14930500,0.0,0.0
2019-10-14 00:00:00-04:00,182.92222220172795,183.33930689041946,181.30353963315056,182.00860595703125,7006000,0.0,0.0
2019-10-15 00:00:00-04:00,182.52502373686787,189.05938157397676,182.3859954915227,187.5797119140625,15039100,0.0,0.0
2019-10-16 00:00:00-04:00,187.0136744115679,188.384091362509,185.60351129290802,188.23513793945312,10516900,0.0,0.0
2019-10-17 00:00:00-04:00,188.97993336703115,189.51618083731768,187.46054785612014,189.06930541992188,9603000,0.0,0.0
2019-10-18 00:00:00-04:00,188.91039727390913,190.16166653080458,182.6441712718929,184.560791015625,16874200,0.0,0.0
2019-10-21 00:00:00-04:00,185.74250139491366,188.59260257860936,185.45451978516436,188.44363403320312,8122600,0.0,0.0
2019-10-22 00:00:00-04:00,188.68200177508743,189.32748677261512,180.24096485357035,181.07513427734375,19537600,0.0,0.0
2019-10-23 00:00:00-04:00,180.7474226827228,185.08711905321445,180.73749750605063,184.85870361328125,12300400,0.0,0.0
2019-10-24 00:00:00-04:00,183.33932672147424,185.43469072058065,181.53195954164897,185.08712768554688,11413500,0.0,0.0
2019-10-25 00:00:00-04:00,184.54093168761338,187.68894013501702,183.80605948281945,186.58663940429688,8061200,0.0,0.0
2019-10-28 00:00:00-04:00,185.9014152634276,188.21525417913656,183.79612627271422,188.08615112304688,13657900,0.0,0.0
2019-10-29 00:00:00-04:00,190.36026006434327,191.19442939658495,187.16259580447706,187.99676513671875,13574900,0.0,0.0
2019-10-30 00:00:00-04:00,188.24504787238885,189.1288734678127,184.68987998491397,186.9441375732422,28734600,0.0,0.0
2019-10-31 00:00:00-04:00,195.33551318146772,196.71587031574032,186.94413282623037,190.32054138183594,42286500,0.0,0.0
2019-11-01 00:00:00-04:00,191.51225345421105,192.76350769173777,188.59264508037276,192.2769012451172,21711800,0.0,0.0
2019-11-04 00:00:00-05:00,193.20042852840683,196.00085858207677,192.46555638165782,193.36924743652344,16371300,0.0,0.0
2019-11-05 00:00:00-05:00,194.01475012312136,194.39211898337143,192.2570391910909,192.9720458984375,9942000,0.0,0.0
2019-11-06 00:00:00-05:00,192.68406030613477,193.02169817288805,190.02265808169003,190.2212677001953,10973000,0.0,0.0
2019-11-07 00:00:00-05:00,190.57876018241166,192.0981456489056,188.1556835774839,189.09909057617188,13473000,0.0,0.0
2019-11-08 00:00:00-05:00,188.681974495658,191.00573833432017,188.38405255797176,189.51614379882812,10760800,0.0,0.0
2019-11-11 00:00:00-05:00,188.61248058679345,188.76144915404416,187.23212338674205,188.29470825195312,8631200,0.0,0.0
2019-11-12 00:00:00-05:00,188.6820084699735,193.70690585001896,188.4238174923895,193.12100219726562,17615500,0.0,0.0
2019-11-13 00:00:00-05:00,193.34937326967508,194.3424363220647,191.4029781726376,191.849853515625,10860700,0.0,0.0
2019-11-14 00:00:00-05:00,191.5916597898336,192.68403527914217,190.12193062026077,191.8101348876953,9040500,0.0,0.0
2019-11-15 00:00:00-05:00,192.91244324029518,193.94523740824005,192.03855796696632,193.7466278076172,11524300,0.0,0.0
2019-11-18 00:00:00-05:00,193.21035926758856,197.2521334616759,191.71083940318275,196.03065490722656,16167200,0.0,0.0
2019-11-19 00:00:00-05:00,196.03063778436965,198.61260774624662,195.49439041074814,197.9373321533203,19056800,0.0,0.0
2019-11-20 00:00:00-05:00,197.2024467135416,198.20543485977365,194.07428926132008,196.13986206054688,12355400,0.0,0.0
2019-11-21 00:00:00-05:00,196.0505195815734,197.7089331757313,195.4944066581361,196.55697631835938,12131000,0.0,0.0
2019-11-22 00:00:00-05:00,197.0038609724258,197.91747719840004,196.24912332488253,197.44081115722656,9959800,0.0,0.0
2019-11-25 00:00:00-05:00,198.1359671072724,199.57590566726876,197.86783580965027,198.40408325195312,15272300,0.0,0.0
2019-11-26 00:00:00-05:00,198.61263658100057,198.76158999725968,196.66622607521245,197.58978271484375,11735500,0.0,0.0
2019-11-27 00:00:00-05:00,198.51333132152686,201.73086160459985,198.03666521945973,200.59877014160156,12736600,0.0,0.0
2019-11-29 00:00:00-05:00,200.20154085441672,202.3862767947864,199.81424682477365,200.2412567138672,7985200,0.0,0.0
2019-12-02 00:00:00-05:00,200.72784846873833,200.77748950119235,196.67614921819447,198.314697265625,11503400,0.0,0.0
2019-12-03 00:00:00-05:00,196.2292729731663,197.55003355048652,193.72674973936017,197.44081115722656,11595300,0.0,0.0
2019-12-04 00:00:00-05:00,198.61263356431277,198.6424242471121,196.676163417649,197.3315887451172,8456300,0.0,0.0
2019-12-05 00:00:00-05:00,198.47359760463056,199.89367060595066,196.83504950265495,197.97706604003906,9740400,0.0,0.0
2019-12-06 00:00:00-05:00,199.1091467502347,200.17173151503118,198.67219657229742,199.65533447265625,12270600,0.0,0.0
2019-12-09 00:00:00-05:00,199.25809766024378,201.7308301437912,198.82116264070712,199.9433135986328,11954800,0.0,0.0
2019-12-10 00:00:00-05:00,200.2611060844321,200.64840008286976,198.7615711227595,199.47657775878906,9475700,0.0,0.0
2019-12-11 00:00:00-05:00,198.89068804281123,201.2243925249452,198.89068804281123,200.85694885253906,8036800,0.0,0.0
2019-12-12 00:00:00-05:00,200.9463530876869,202.24726351028667,192.7535813408685,195.38519287109375,23734800,0.0,0.0
2019-12-13 00:00:00-05:00,195.03761215591953,195.43484653936943,191.8300221683909,192.7635040283203,18798000,0.0,0.0
2019-12-16 00:00:00-05:00,193.91546185654877,197.7387462139196,193.45864610182485,196.5470733642578,14911500,0.0,0.0
2019-12-17 00:00:00-05:00,197.46066932365696,197.6195630613166,194.76947672439846,197.0137939453125,10175700,0.0,0.0
2019-12-18 00:00:00-05:00,198.70199019346893,202.88279247286235,198.70199019346893,201.09527587890625,23274400,0.0,0.0
2019-12-19 00:00:00-05:00,201.37333888533922,204.86892532139404,201.10520759928502,204.63058471679688,16514600,0.0,0.0
2019-12-20 00:00:00-05:00,206.04073422338502,206.26914965368377,202.01882551134253,204.86892700195312,27306900,0.0,0.0
2019-12-23 00:00:00-05:00,205.2661529474263,207.1430417210786,204.2532242774253,204.749755859375,13348900,0.0,0.0
2019-12-24 00:00:00-05:00,204.86893545986018,205.35552671636611,203.57795030538406,203.69711303710938,6046300,0.0,0.0
2019-12-26 00:00:00-05:00,204.14400076498254,206.37839287159358,203.88579464589174,206.3485870361328,9350700,0.0,0.0
2019-12-27 00:00:00-05:00,207.222486482387,207.48067744731281,205.15691330415703,206.6564483642578,10284200,0.0,0.0
2019-12-30 00:00:00-05:00,206.41808411090483,206.45779996521347,202.4855478050136,202.9920196533203,10524300,0.0,0.0
2019-12-31 00:00:00-05:00,202.58488867663291,204.1340648126306,202.18766946589457,203.8262176513672,8953500,0.0,0.0
2020-01-02 00:00:00-05:00,205.31581827566228,208.3347237610063,204.83915217859575,208.32479858398438,12077100,0.0,0.0
2020-01-03 00:00:00-05:00,205.77259436694098,208.9404526618874,205.51438828470637,207.2224578857422,11188400,0.0,0.0
2020-01-06 00:00:00-05:00,205.2661472847003,211.30397297299496,205.08740319354132,211.12522888183594,17058900,0.0,0.0
2020-01-07 00:00:00-05:00,211.34370579308143,213.09149147322898,210.28112095451584,211.58203125,14912400,0.0,0.0
2020-01-08 00:00:00-05:00,211.52244939225042,214.73997942961384,211.13515537272028,213.72705078125,13475000,0.0,0.0
2020-01-09 00:00:00-05:00,216.03096781571867,216.86515244294927,214.77971360428623,216.78570556640625,12642800,0.0,0.0
2020-01-10 00:00:00-05:00,217.6794547456841,218.35474561466597,215.91180342670702,216.54736328125,12119400,0.0,0.0
2020-01-13 00:00:00-05:00,218.07666265158258,220.43021734781135,217.68936864900138,220.37063598632812,14463400,0.0,0.0
2020-01-14 00:00:00-05:00,220.0727192673675,220.83738211480784,217.113395404011,217.5404052734375,13288900,0.0,0.0
2020-01-15 00:00:00-05:00,219.07965833729054,220.1422280098775,218.6129174526304,219.61590576171875,10036500,0.0,0.0
2020-01-16 00:00:00-05:00,221.02606668863191,221.0856480515762,218.86118119969814,220.2316131591797,10015300,0.0,0.0
2020-01-17 00:00:00-05:00,220.48982249977456,220.7480134783736,219.00022769020822,220.59906005859375,15905900,0.0,0.0
2020-01-21 00:00:00-05:00,220.61892211491747,220.82745689934762,217.6000015291001,219.90391540527344,14275800,0.0,0.0
2020-01-22 00:00:00-05:00,220.7678670861368,221.20481729786243,219.74501325093416,219.7847442626953,12212800,0.0,0.0
2020-01-23 00:00:00-05:00,219.21867256169566,219.95354468808202,217.74894346186284,218.23553466796875,11195000,0.0,0.0
2020-01-24 00:00:00-05:00,219.26833798403877,220.2415355901936,214.61086956802987,216.4281768798828,11905800,0.0,0.0
2020-01-27 00:00:00-05:00,211.6217599875433,214.56121837952216,211.02591604576713,213.3794708251953,13810700,0.0,0.0
2020-01-28 00:00:00-05:00,214.64067241586744,217.22264271252638,212.03885176597643,216.2792205810547,13413800,0.0,0.0
2020-01-29 00:00:00-05:00,219.9039116233613,222.64476052789837,216.93464727874002,221.68148803710938,33181300,0.0,0.0
2020-01-30 00:00:00-05:00,205.0973333453647,209.96333677110164,203.3296821317416,208.07652282714844,48775500,0.0,0.0
2020-01-31 00:00:00-05:00,206.9841607315126,207.24236686791832,199.66528961156146,200.5093994140625,31359900,0.0,0.0
2020-02-03 00:00:00-05:00,202.02877743792925,203.71698182733147,201.09529561652263,202.77357482910156,15495600,0.0,0.0
2020-02-04 00:00:00-05:00,205.18668113015724,209.13908295207702,203.77653342721328,208.37442016601562,19628900,0.0,0.0
2020-02-05 00:00:00-05:00,211.03584180570505,211.25431690809782,207.2622140071557,208.65249633789062,12538200,0.0,0.0
2020-02-06 00:00:00-05:00,209.0099755628519,209.7249821513043,207.8878094984593,209.38734436035156,10567500,0.0,0.0
2020-02-07 00:00:00-05:00,208.84118444877097,211.34370784125605,208.47374077755876,210.8571014404297,12242500,0.0,0.0
2020-02-10 00:00:00-05:00,210.0527206739885,212.31690343236147,209.19868576316776,211.58203125,11856400,0.0,0.0
2020-02-11 00:00:00-05:00,208.731966848272,209.39731740712023,205.07748621038232,205.75277709960938,25030800,0.0,0.0
2020-02-12 00:00:00-05:00,206.40815647811726,209.75477403430105,205.9612659930638,209.29795837402344,13813700,0.0,0.0
2020-02-13 00:00:00-05:00,208.06659993280633,212.84323136318875,207.72894693826518,211.66148376464844,15396600,0.0,0.0
2020-02-14 00:00:00-05:00,212.51553079471378,213.43907232335326,211.17488937571974,212.69427490234375,10741700,0.0,0.0
2020-02-18 00:00:00-05:00,212.06865068574763,216.46791341520296,211.9196821130727,216.28916931152344,15609200,0.0,0.0
2020-02-19 00:00:00-05:00,216.4778395538806,216.80555220875178,214.6108759999265,215.98130798339844,12135100,0.0,0.0
2020-02-20 00:00:00-05:00,215.01802123029682,217.25241314892705,211.47277877932567,213.0914764404297,13109200,0.0,0.0
2020-02-21 00:00:00-05:00,211.999126960116,212.75386468738904,207.3813891572602,208.72201538085938,14092300,0.0,0.0
2020-02-24 00:00:00-05:00,200.40013139841906,202.23728899387257,196.79530759023532,199.32762145996094,23080100,0.0,0.0
2020-02-25 00:00:00-05:00,200.84701081049937,202.0883396783022,194.590710286185,195.405029296875,21433500,0.0,0.0
2020-02-26 00:00:00-05:00,195.8221213325324,199.8142393641403,194.13391703950523,195.83204650878906,16524500,0.0,0.0
2020-02-27 00:00:00-05:00,190.48937905519435,194.52121298477465,188.1854652937536,188.43373107910156,21682600,0.0,0.0
2020-02-28 00:00:00-05:00,181.43261190740742,191.40297317891805,180.55872674810323,191.1348419189453,32568900,0.0,0.0
2020-03-02 00:00:00-05:00,192.68404566651745,195.20643460401246,187.53998571923182,195.07733154296875,24949000,0.0,0.0
2020-03-03 00:00:00-05:00,194.85886998016431,195.8717987268272,182.6938453017058,184.60052490234375,27984100,0.0,0.0
2020-03-04 00:00:00-05:00,187.85774920031216,190.499300744771,185.09703493000848,190.42977905273438,23062500,0.0,0.0
2020-03-05 00:00:00-05:00,185.4843302930154,187.6790064786015,182.61437845213564,183.885498046875,19333400,0.0,0.0
2020-03-06 00:00:00-05:00,177.09295244472247,182.5051435537278,175.03730446141012,179.83380126953125,24559600,0.0,0.0
2020-03-09 00:00:00-04:00,168.4235005993396,173.78603504822317,164.04408887941884,168.32418823242188,29949000,0.0,0.0
2020-03-10 00:00:00-04:00,173.45834701525177,177.05323094387748,168.32421209879206,176.9539337158203,24517800,0.0,0.0
2020-03-11 00:00:00-04:00,172.80290373103875,174.6599420229584,166.49696216863526,169.05906677246094,20373900,0.0,0.0
2020-03-12 00:00:00-04:00,158.43329037500783,165.44432903502332,153.26936495743283,153.39846801757812,43266300,0.0,0.0
2020-03-13 00:00:00-04:00,162.39560939830452,169.60524213215632,156.5067524209944,169.09878540039062,35028600,0.0,0.0
2020-03-16 00:00:00-04:00,151.26340379575458,158.02616220582382,142.10735928036794,144.99716186523438,39120400,0.0,0.0
2020-03-17 00:00:00-04:00,149.6943344283049,152.87213325995907,139.0288314730961,148.38348388671875,34255600,0.0,0.0
2020-03-18 00:00:00-04:00,138.78058955655547,147.15210550290516,136.14897799823436,145.94058227539062,37553100,0.0,0.0
2020-03-19 00:00:00-04:00,145.602898898625,158.8205656112444,143.79553203514052,152.0677490234375,39862300,0.0,0.0
2020-03-20 00:00:00-04:00,154.93772108236993,158.16517640687016,146.9733501618565,148.69134521484375,32568400,0.0,0.0
2020-03-23 00:00:00-04:00,148.6218539023494,151.2534655292916,141.263251371694,147.0726776123047,29830800,0.0,0.0
2020-03-24 00:00:00-04:00,154.13333322747383,160.1910091561147,151.51164720180952,159.86329650878906,30440400,0.0,0.0
2020-03-25 00:00:00-04:00,157.81761202597167,161.8593867820573,151.99826069541558,155.1264190673828,35184300,0.0,0.0
2020-03-26 00:00:00-04:00,157.15225163830672,162.86236504696558,155.93078814327822,162.20693969726562,26556800,0.0,0.0
2020-03-27 00:00:00-04:00,157.10256931971438,158.9794578522951,153.67650487490062,155.7023468017578,24879900,0.0,0.0
2020-03-30 00:00:00-04:00,158.07578629902892,165.59328168240037,156.96356041043316,164.798828125,22515200,0.0,0.0
2020-03-31 00:00:00-04:00,164.33207850408797,169.74426940008115,163.06095894090598,165.64292907714844,23676300,0.0,0.0
2020-04-01 00:00:00-04:00,160.49888156735202,163.01133043947013,156.94371322647484,158.49290466308594,19507600,0.0,0.0
2020-04-02 00:00:00-04:00,157.99634240851967,160.23073434303583,154.83839392820795,157.0926513671875,20886300,0.0,0.0
2020-04-03 00:00:00-04:00,156.0598569333392,156.81459457188794,149.78370614837337,153.11045837402344,25983300,0.0,0.0
2020-04-06 00:00:00-04:00,159.03907586298791,165.0471116481266,157.4104527141532,164.40162658691406,28453600,0.0,0.0
2020-04-07 00:00:00-04:00,170.59833331963438,172.18724062057575,164.85842880322176,167.65887451171875,31411900,0.0,0.0
2020-04-08 00:00:00-04:00,170.0620497899859,173.7860362817374,166.57640388876482,173.07102966308594,21664200,0.0,0.0
2020-04-09 00:00:00-04:00,174.67981309966032,175.85163557049088,170.37986272210367,173.97474670410156,23534300,0.0,0.0
2020-04-13 00:00:00-04:00,172.46524320093454,173.78601876187741,168.27451627912734,173.5774688720703,19355400,0.0,0.0
2020-04-14 00:00:00-04:00,177.73844553201988,179.97283770987997,175.39481579712452,176.93406677246094,21011800,0.0,0.0
2020-04-15 00:00:00-04:00,173.97471957427308,176.95390874859473,171.6211649754997,175.74237060546875,17423000,0.0,0.0
2020-04-16 00:00:00-04:00,176.71557853489006,176.81489090770748,171.3133127571394,175.02737426757812,23593200,0.0,0.0
2020-04-17 00:00:00-04:00,177.95692731045364,179.02943741434424,175.43455338028036,177.9966583251953,20974800,0.0,0.0
2020-04-20 00:00:00-04:00,176.1793111861331,179.24787223195824,175.54375146965535,177.00355529785156,16110700,0.0,0.0
2020-04-21 00:00:00-04:00,174.03431657376942,174.16341963186656,167.17224658884817,169.6151885986328,24850500,0.0,0.0
2020-04-22 00:00:00-04:00,177.21212998372891,183.49822203453158,176.90428280755842,181.01556396484375,33242000,0.0,0.0
2020-04-23 00:00:00-04:00,182.80306011709644,185.7524587823264,181.87950354016493,183.8457794189453,21426600,0.0,0.0
2020-04-24 00:00:00-04:00,181.95894750241217,189.08914843728576,179.57560212447592,188.7515106201172,28792000,0.0,0.0
2020-04-27 00:00:00-04:00,191.32356599510462,192.40600128173827,186.10998402488977,186.19935607910156,29197800,0.0,0.0
2020-04-28 00:00:00-04:00,187.35128711181537,187.88753451574266,181.29359617203133,181.64117431640625,21731000,0.0,0.0
2020-04-29 00:00:00-04:00,189.60556062320833,195.54408981762919,188.68201906645348,192.84295654296875,45954500,0.0,0.0
2020-04-30 00:00:00-04:00,205.48462382999278,208.2354129802487,200.17174510415327,203.2899627685547,46230100,0.0,0.0
2020-05-01 00:00:00-04:00,200.20153184952505,205.8421231201503,197.66921785286402,200.86688232421875,30415600,0.0,0.0
2020-05-04 00:00:00-04:00,198.8112387706745,204.48163600083174,197.38122541616488,203.8361358642578,19250700,0.0,0.0
2020-05-05 00:00:00-04:00,205.5839497659938,208.9206427542864,205.0675526545001,205.63360595703125,21071200,0.0,0.0
2020-05-06 00:00:00-04:00,206.6762866014675,210.13215708417445,205.2264229675792,207.02386474609375,21857000,0.0,0.0
2020-05-07 00:00:00-04:00,209.69521266717027,210.1321628657145,207.58990854263362,209.7945098876953,15152000,0.0,0.0
2020-05-08 00:00:00-04:00,210.767715579033,211.73098798812205,209.38735849068996,210.876953125,12506000,0.0,0.0
2020-05-11 00:00:00-04:00,209.4270943674289,213.50858466173128,208.91069726867917,211.70120239257812,12911900,0.0,0.0
2020-05-12 00:00:00-04:00,211.81043690954013,213.78663807334254,208.54326574680115,208.642578125,14704600,0.0,0.0
2020-05-13 00:00:00-04:00,207.9771959446382,209.31783717911497,200.7079819956033,203.67724609375,20684600,0.0,0.0
2020-05-14 00:00:00-04:00,201.15487815397768,205.49455946285534,199.29785483012236,205.37539672851562,17178900,0.0,0.0
2020-05-15 00:00:00-04:00,203.8460603538928,209.8739453013441,202.70402873312935,209.41714477539062,19383200,0.0,0.0
2020-05-18 00:00:00-04:00,210.6783265158623,213.15105904194039,209.47672867382445,211.71112060546875,20151900,0.0,0.0
2020-05-19 00:00:00-04:00,211.7905605877719,218.96047700988436,211.3536104219794,215.37551879882812,31843200,0.0,0.0
2020-05-20 00:00:00-04:00,221.94959095802795,229.7352016081723,221.64174383799275,228.3747100830078,50162900,0.0,0.0
2020-05-21 00:00:00-04:00,233.09179917687288,235.55459170872658,229.596212415152,229.78489685058594,47782600,0.0,0.0
2020-05-22 00:00:00-04:00,229.90404794790888,234.35298183865513,227.15327389009346,233.2804718017578,33925600,0.0,0.0
2020-05-26 00:00:00-04:00,238.10677510581746,239.22892625268702,230.06295687468494,230.5892791748047,33178300,0.0,0.0
2020-05-27 00:00:00-04:00,227.48100004563142,228.9606545518371,219.59607562084886,227.55050659179688,34697600,0.0,0.0
2020-05-28 00:00:00-04:00,222.74406970958594,230.02322448717675,222.44614773114347,223.89602661132812,29377200,0.0,0.0
2020-05-29 00:00:00-04:00,223.63781726400154,225.91194035211126,221.33391864671273,223.52857971191406,23241500,0.0,0.0
2020-06-01 00:00:00-04:00,223.03205506808072,230.82760706110014,221.94961984291297,230.30128479003906,18223800,0.0,0.0
2020-06-02 00:00:00-04:00,229.33798556164643,231.3836930413182,224.98836450875305,231.1056365966797,20919000,0.0,0.0
2020-06-03 00:00:00-04:00,230.49988561626694,231.03613304360687,226.94471776311875,228.56341552734375,15380300,0.0,0.0
2020-06-04 00:00:00-04:00,227.9675814656623,230.02322952428327,223.05192174901174,224.7202606201172,17041500,0.0,0.0
2020-06-05 00:00:00-04:00,225.1373554519171,229.74516790371774,223.7470579375046,229.169189453125,16750400,0.0,0.0
2020-06-08 00:00:00-04:00,227.4412450602746,229.9437683643857,225.83248765553066,229.7947998046875,15466500,0.0,0.0
2020-06-09 00:00:00-04:00,229.9139637084158,238.10673394680185,228.81166310658807,237.0143585205078,27462900,0.0,0.0
2020-06-10 00:00:00-04:00,239.28852858608514,239.53679439982892,233.6479214182966,235.08786010742188,20720700,0.0,0.0
2020-06-11 00:00:00-04:00,228.34494129684717,231.27447453517047,221.9992684255599,222.87315368652344,26708200,0.0,0.0
2020-06-12 00:00:00-04:00,228.30522029098816,230.05302119539456,222.9426851503306,226.994384765625,22091400,0.0,0.0
2020-06-15 00:00:00-04:00,223.52857512227231,232.14837092497856,223.24059348337713,230.88717651367188,15340300,0.0,0.0
2020-06-16 00:00:00-04:00,235.49500469382681,236.80585538039534,231.38372368595373,234.0153350830078,15236700,0.0,0.0
2020-06-17 00:00:00-04:00,233.36984167994,235.94187161749386,230.122520916719,233.8961639404297,19578100,0.0,0.0
2020-06-18 00:00:00-04:00,233.35990727858544,234.50192380176196,230.53959651055766,234.30331420898438,15782500,0.0,0.0
2020-06-19 00:00:00-04:00,236.14048176349664,239.15940225061397,233.9160299866115,237.133544921875,30081300,0.0,0.0
2020-06-22 00:00:00-04:00,236.90512161745414,239.0302759637582,235.2665736265292,237.560546875,18917800,0.0,0.0
2020-06-23 00:00:00-04:00,239.60625362629182,243.48913382308788,238.19610590108232,240.55960083007812,24017900,0.0,0.0
2020-06-24 00:00:00-04:00,239.52682293334746,241.53281469046254,231.06592085796711,232.39663696289062,20834900,0.0,0.0
2020-06-25 00:00:00-04:00,232.99246051513478,235.6538775122826,231.12551218438674,234.04510498046875,18704300,0.0,0.0
2020-06-26 00:00:00-04:00,231.0261919581322,231.47306730896577,213.90577917927885,214.58106994628906,76343900,0.0,0.0
2020-06-29 00:00:00-04:00,208.2950087770541,219.21870411220354,205.6733225027359,219.10946655273438,58514300,0.0,0.0
2020-06-30 00:00:00-04:00,219.0597976361702,225.92186767115152,216.95450859736263,225.49485778808594,33927100,0.0,0.0
2020-07-01 00:00:00-04:00,226.91490651029025,237.34206851623358,225.98142482052594,235.90213012695312,43399700,0.0,0.0
2020-07-02 00:00:00-04:00,237.34207502928766,238.335138104724,230.99640258336697,231.80078125,30633600,0.0,0.0
2020-07-06 00:00:00-04:00,232.1384143343745,238.73235241495195,230.65876007997042,238.61318969726562,26206200,0.0,0.0
2020-07-07 00:00:00-04:00,237.74925517175492,245.9320859260207,237.16335154307643,239.18919372558594,27887800,0.0,0.0
2020-07-08 00:00:00-04:00,236.45824835678053,245.27665327302586,234.9487882465809,241.8903045654297,29791300,0.0,0.0
2020-07-09 00:00:00-04:00,243.3004713936086,244.8198567986477,237.58043311304624,242.80393981933594,22174900,0.0,0.0
2020-07-10 00:00:00-04:00,241.99957828468985,243.7870951096416,237.6598968662049,243.37001037597656,22982700,0.0,0.0
2020-07-13 00:00:00-04:00,245.29651696540154,248.41473457069335,236.76610836134074,237.3420867919922,24674900,0.0,0.0
2020-07-14 00:00:00-04:00,235.117617934241,238.66286053245312,230.42043363748257,238.0670166015625,23378100,0.0,0.0
2020-07-15 00:00:00-04:00,239.8743840202247,243.12170445363407,236.39866332693666,238.61318969726562,19133600,0.0,0.0
2020-07-16 00:00:00-04:00,236.34902975302458,240.08294174280346,234.69061611050546,239.25869750976562,18880700,0.0,0.0
2020-07-17 00:00:00-04:00,239.32820518737046,242.46628819499767,236.20998768440782,240.35105895996094,18152400,0.0,0.0
2020-07-20 00:00:00-04:00,238.39474065095692,244.34319445651906,234.00540328579996,243.71755981445312,20872200,0.0,0.0
2020-07-21 00:00:00-04:00,244.51200673910438,245.197222727922,238.41459968566969,240.07301330566406,19364200,0.0,0.0
2020-07-22 00:00:00-04:00,238.59334871272105,240.22197168454048,236.46819416226228,238.2060546875,15427900,0.0,0.0
2020-07-23 00:00:00-04:00,237.96774446079624,240.73838417966815,230.14240143157087,230.98651123046875,21771800,0.0,0.0
2020-07-24 00:00:00-04:00,228.59319158139837,231.87030275837787,225.3260055801071,229.10958862304688,18325800,0.0,0.0
2020-07-27 00:00:00-04:00,229.8543917086879,233.32017222853034,229.22875710697724,231.88023376464844,13163100,0.0,0.0
2020-07-28 00:00:00-04:00,233.00240603548232,233.33011868532122,228.23570000146154,228.523681640625,14170100,0.0,0.0
2020-07-29 00:00:00-04:00,229.53659709915772,232.07883613062532,228.71235293376256,231.6716766357422,13588300,0.0,0.0
2020-07-30 00:00:00-04:00,228.6229972484639,233.26060029280399,227.4114590057178,232.87330627441406,20615300,0.0,0.0
2020-07-31 00:00:00-04:00,254.04541893258948,254.07520961445857,247.27272106612182,251.9103240966797,53005100,0.0,0.0
2020-08-03 00:00:00-04:00,250.89737423990724,253.62829763522876,248.59347583683734,250.21217346191406,23124900,0.0,0.0
2020-08-04 00:00:00-04:00,249.81494925379172,251.0463529441859,245.7135938307086,248.09695434570312,17183500,0.0,0.0
2020-08-05 00:00:00-04:00,248.4544610179766,250.52003409766883,246.05125011880963,247.39187622070312,13050100,0.0,0.0
2020-08-06 00:00:00-04:00,247.3124666036528,264.7506701072526,246.94503804787936,263.4398193359375,45241600,0.0,0.0
2020-08-07 00:00:00-04:00,262.2480796396627,276.95537144468835,261.60259471161845,266.5778503417969,72766400,0.0,0.0
2020-08-10 00:00:00-04:00,266.1806447086891,271.96024898116696,257.8885616722018,261.17559814453125,30248800,0.0,0.0
2020-08-11 00:00:00-04:00,258.3851054810181,264.0753682859589,253.3602083264652,254.353271484375,28238300,0.0,0.0
2020-08-12 00:00:00-04:00,257.17358772555446,262.06938221107424,256.3195375825832,258.08721923828125,21415700,0.0,0.0
2020-08-13 00:00:00-04:00,259.73566203468766,263.3206358656525,257.7694163383827,259.4873962402344,17374000,0.0,0.0
2020-08-14 00:00:00-04:00,260.4903802041066,260.82801802252544,256.8855562901596,259.42779541015625,14792700,0.0,0.0
2020-08-17 00:00:00-04:00,260.6790590475865,262.26796604010025,257.6005574319438,259.3483581542969,13351100,0.0,0.0
2020-08-18 00:00:00-04:00,259.1398301580622,263.31067702818365,257.46155108105154,260.5201721191406,18690400,0.0,0.0
2020-08-19 00:00:00-04:00,259.5767750952255,266.05153551827203,259.5370440860627,260.7684326171875,23291500,0.0,0.0
2020-08-20 00:00:00-04:00,259.68606646458505,267.7596763626938,259.64633544486907,267.14398193359375,20299700,0.0,0.0
2020-08-21 00:00:00-04:00,266.8261452466396,268.61364682810836,264.57190276360427,265.1578063964844,15538600,0.0,0.0
2020-08-24 00:00:00-04:00,269.1896282983901,275.32675113135093,266.9055649296417,269.5074157714844,23685600,0.0,0.0
2020-08-25 00:00:00-04:00,270.52034430293725,281.1262517841795,268.3852645286732,278.87200927734375,42127200,0.0,0.0
2020-08-26 00:00:00-04:00,282.02992833374987,302.5565565227695,282.02992833374987,301.80181884765625,69015200,0.0,0.0
2020-08-27 00:00:00-04:00,298.0778347134501,299.1404195430055,289.99428623484147,291.18597412109375,30301300,0.0,0.0
2020-08-28 00:00:00-04:00,292.9536564300212,295.16819837010235,288.9615531067545,291.6229553222656,17157400,0.0,0.0
2020-08-31 00:00:00-04:00,291.9109350833743,294.8206029393237,289.5275591968699,291.1661376953125,17345100,0.0,0.0
2020-09-01 00:00:00-04:00,292.66561699351473,299.3985835826731,290.6794907984133,293.39056396484375,17295900,0.0,0.0
2020-09-02 00:00:00-04:00,296.8067576252848,301.494017513592,291.01718173841675,300.4016418457031,24341400,0.0,0.0
2020-09-03 00:00:00-04:00,293.93676837981997,295.53561589909145,281.6625217116018,289.1005554199219,32294100,0.0,0.0
2020-09-04 00:00:00-04:00,285.2573410353525,286.9952012505374,269.2591109726712,280.7687072753906,30333700,0.0,0.0
2020-09-08 00:00:00-04:00,269.3981849524166,277.3625409438043,267.55110193854256,269.2790222167969,24864000,0.0,0.0
2020-09-09 00:00:00-04:00,273.8569952231671,276.5482179957205,269.4676733718574,271.82122802734375,22918800,0.0,0.0
2020-09-10 00:00:00-04:00,273.5987645342312,277.223437995225,265.1775803780918,266.230224609375,24814700,0.0,0.0
2020-09-11 00:00:00-04:00,268.1866082526648,269.50739909717294,260.8180972997023,264.7605285644531,18913900,0.0,0.0
2020-09-14 00:00:00-04:00,269.070524716776,274.72105755889703,263.8569421697352,264.3038024902344,24093800,0.0,0.0
2020-09-15 00:00:00-04:00,268.7923826241494,272.61565103014607,267.43186082137817,270.5302429199219,18478500,0.0,0.0
2020-09-16 00:00:00-04:00,265.43585349381885,270.5501225712264,259.974006258438,261.6919860839844,29183400,0.0,0.0
2020-09-17 00:00:00-04:00,256.48834283374737,259.6860073099909,248.45446578541365,253.05235290527344,31281400,0.0,0.0
2020-09-18 00:00:00-04:00,256.60752004517167,257.4019887739225,248.31545157119356,250.7782440185547,28130800,0.0,0.0
2020-09-21 00:00:00-04:00,245.82283502413392,248.21612075050732,242.43650134295507,246.42860412597656,24709400,0.0,0.0
2020-09-22 00:00:00-04:00,251.55282052218462,253.54888712316094,246.49813279732368,252.9828338623047,30293100,0.0,0.0
2020-09-23 00:00:00-04:00,253.4892915738525,256.20034970229335,246.42861204477177,247.29258728027344,19641300,0.0,0.0
2020-09-24 00:00:00-04:00,244.7900466012825,250.4902340745614,243.9161462512905,247.7990264892578,20006800,0.0,0.0
2020-09-25 00:00:00-04:00,247.66993743064677,253.9758943385475,244.8992979778838,253.05235290527344,18351300,0.0,0.0
2020-09-28 00:00:00-04:00,257.6005568183182,257.7991815566143,253.0523412477856,255.03846740722656,18826300,0.0,0.0
2020-09-29 00:00:00-04:00,256.021596951166,261.50329438654944,255.1179058879375,259.9739990234375,20200200,0.0,0.0
2020-09-30 00:00:00-04:00,260.16265292842894,264.2341869411325,258.29568965901973,260.08319091796875,20142500,0.0,0.0
2020-10-01 00:00:00-04:00,263.5093368079426,266.4686458675195,262.9631338423851,264.78045654296875,20009800,0.0,0.0
2020-10-02 00:00:00-04:00,259.39802012625506,263.31069140999944,257.38210311911837,258.1368408203125,16367600,0.0,0.0
2020-10-05 00:00:00-04:00,260.3811614952056,263.03262304727406,259.03057989653223,262.81414794921875,12822300,0.0,0.0
2020-10-06 00:00:00-04:00,259.9640440055981,263.8469241676368,256.4485923231029,256.8656921386719,18696900,0.0,0.0
2020-10-07 00:00:00-04:00,257.41193366880844,258.37520629761667,253.0524014703911,256.3294982910156,23133400,0.0,0.0
2020-10-08 00:00:00-04:00,257.9481958171852,262.7844093075298,257.3523517675946,261.9303894042969,16312800,0.0,0.0
2020-10-09 00:00:00-04:00,262.6850309328334,262.9134463478037,260.3513569757719,262.61553955078125,14107800,0.0,0.0
2020-10-12 00:00:00-04:00,268.32566995185175,278.2364205973103,266.01181588676553,273.837158203125,31019300,0.0,0.0
2020-10-13 00:00:00-04:00,275.6544397582597,277.163915053948,271.49353328395597,274.2244567871094,18063300,0.0,0.0
2020-10-14 00:00:00-04:00,275.6941715525807,276.8163376987398,269.6166302608354,269.9344177246094,15577800,0.0,0.0
2020-10-15 00:00:00-04:00,265.7436818389125,267.17369507474285,261.8409512729869,264.8697814941406,15416100,0.0,0.0
2020-10-16 00:00:00-04:00,265.5251890641235,269.4875007254265,263.4596010584705,264.0852355957031,16622700,0.0,0.0
2020-10-19 00:00:00-04:00,263.6880250837842,266.68706452358686,258.0772250267341,259.586669921875,13587000,0.0,0.0
2020-10-20 00:00:00-04:00,261.23516522032673,267.82911846235703,261.0564211435665,265.7039489746094,18763200,0.0,0.0
2020-10-21 00:00:00-04:00,277.620768495529,281.08654964937955,274.4528942037137,276.7965393066406,28998600,0.0,0.0
2020-10-22 00:00:00-04:00,277.9285954791895,280.49071552993775,273.1321135138718,276.19073486328125,16720000,0.0,0.0
2020-10-23 00:00:00-04:00,276.8660143313567,283.2613439092059,274.8997685464257,282.8144836425781,17535200,0.0,0.0
2020-10-26 00:00:00-04:00,281.19579501896726,283.25144323093497,272.3575381076125,275.187744140625,21322900,0.0,0.0
2020-10-27 00:00:00-04:00,276.82631492945694,282.5364284862138,274.39329790031104,281.32489013671875,16287200,0.0,0.0
2020-10-28 00:00:00-04:00,276.85612182423597,276.85612182423597,265.40610335572995,265.8132629394531,23121800,0.0,0.0
2020-10-29 00:00:00-04:00,274.63161817036763,281.63273197336537,271.88084399312066,278.8819274902344,32368100,0.0,0.0
2020-10-30 00:00:00-04:00,272.59582393637925,274.7805749026662,257.3026580900136,261.2848205566406,47247800,0.0,0.0
2020-11-02 00:00:00-05:00,262.76454261571706,268.5938190576868,255.55489370624662,259.5469970703125,27165700,0.0,0.0
2020-11-03 00:00:00-05:00,261.3345162653245,268.17670597826356,259.0703333736183,263.45965576171875,17961900,0.0,0.0
2020-11-04 00:00:00-05:00,279.05072726940637,286.9356505996386,276.68723227490966,285.386474609375,35364400,0.0,0.0
2020-11-05 00:00:00-05:00,289.8751497008854,295.31714709122343,286.94563136677965,292.6358642578125,23823600,0.0,0.0
2020-11-06 00:00:00-05:00,291.9109268966528,292.5564118870269,286.0617703596247,291.3746643066406,13891000,0.0,0.0
2020-11-09 00:00:00-05:00,287.8592195324994,290.5504122683435,276.59788669255886,276.8362121582031,25117700,0.0,0.0
2020-11-10 00:00:00-05:00,271.2055573077003,272.09930809794037,262.16867641553375,270.5401916503906,29067700,0.0,0.0
2020-11-11 00:00:00-05:00,271.57297357212764,276.4687674971447,270.58985077783035,274.5621032714844,14957000,0.0,0.0
2020-11-12 00:00:00-05:00,275.25719126203853,277.8093704101734,272.5262680497848,273.1717529296875,12899500,0.0,0.0
2020-11-13 00:00:00-05:00,275.7934867922257,275.83321780208087,271.2055400950786,275.0288391113281,10391200,0.0,0.0
2020-11-16 00:00:00-05:00,273.14205167706405,277.4718234738111,272.7249820575746,277.0249328613281,12970400,0.0,0.0
2020-11-17 00:00:00-05:00,275.7537787794999,275.7537787794999,271.39424714309587,273.0923767089844,15040300,0.0,0.0
2020-11-18 00:00:00-05:00,272.6156728201886,275.4657893900018,269.95427097077754,270.0833740234375,12152900,0.0,0.0
2020-11-19 00:00:00-05:00,269.13996677472807,271.5729836396384,267.3226745261001,271.0466613769531,12963700,0.0,0.0
2020-11-20 00:00:00-05:00,270.6692780192734,271.1062282108236,267.5411352934016,267.8291320800781,18114700,0.0,0.0
2020-11-23 00:00:00-05:00,269.0108584829948,269.07043984026683,262.69496185925465,266.5679016113281,20990800,0.0,0.0
2020-11-24 00:00:00-05:00,266.62750877747334,275.89280470654967,266.01181448881255,274.9990539550781,16930400,0.0,0.0
2020-11-25 00:00:00-05:00,276.2106130353077,278.23644014336827,270.75867545850764,273.67828369140625,12467000,0.0,0.0
2020-11-27 00:00:00-05:00,275.46577350859377,277.1936935147158,272.91359420110894,275.8828430175781,7808400,0.0,0.0
2020-11-30 00:00:00-05:00,274.1152242550069,275.7736530753407,269.13005807623745,275.0487060546875,16693300,0.0,0.0
2020-12-01 00:00:00-05:00,277.2234749024687,287.2931181154526,277.02485017711865,284.56219482421875,20738900,0.0,0.0
2020-12-02 00:00:00-05:00,283.3804926041417,289.7559715117229,278.88191764104107,285.5255126953125,17361600,0.0,0.0
2020-12-03 00:00:00-05:00,284.2643079363783,284.66152710899985,279.1202484321112,279.89483642578125,12921700,0.0,0.0
2020-12-04 00:00:00-05:00,278.3555792498037,281.4936623325887,277.36251613395586,277.759765625,10880300,0.0,0.0
2020-12-07 00:00:00-05:00,277.2533105694201,286.4887859851163,276.2701877229296,283.5989685058594,13007700,0.0,0.0
2020-12-08 00:00:00-05:00,284.0259617338094,284.44303122751927,279.5968788804657,281.4340515136719,10747700,0.0,0.0
2020-12-09 00:00:00-05:00,281.69226815135886,285.63472966861826,269.86488359958065,275.9920959472656,25189700,0.0,0.0
2020-12-10 00:00:00-05:00,273.628575183602,276.7964484354165,269.97408047570417,275.1976013183594,20065100,0.0,0.0
2020-12-11 00:00:00-05:00,272.6256175544194,274.56210276384803,268.37530860630324,271.65240478515625,14391400,0.0,0.0
2020-12-14 00:00:00-05:00,271.4736753078326,275.29697459285813,269.67623338550675,272.2879943847656,16376900,0.0,0.0
2020-12-15 00:00:00-05:00,272.92354309585454,274.16487208300316,265.6146125663476,273.6385498046875,23979500,0.0,0.0
2020-12-16 00:00:00-05:00,272.8540298801992,275.93250127738247,270.6196378820546,273.7577209472656,15885000,0.0,0.0
2020-12-17 00:00:00-05:00,275.1480187332912,278.49463675445423,271.7119983579931,272.57598876953125,16377800,0.0,0.0
2020-12-18 00:00:00-05:00,273.8569704464479,276.07151182915015,269.2591142495398,274.48260498046875,26693200,0.0,0.0
2020-12-21 00:00:00-05:00,271.0863895010287,272.7646686484044,265.932389329885,270.897705078125,16553700,0.0,0.0
2020-12-22 00:00:00-05:00,269.6166559548355,269.6166559548355,262.7943166917705,265.23724365234375,17312900,0.0,0.0
2020-12-23 00:00:00-05:00,265.03864461128967,270.2820169489827,264.38321928084264,266.2501525878906,14329000,0.0,0.0
2020-12-24 00:00:00-05:00,267.0147881164967,268.52423298801807,264.35338651175715,265.5450439453125,6702000,0.0,0.0
2020-12-28 00:00:00-05:00,266.87577993398537,275.37639803213443,263.81715878146275,275.0784912109375,23299700,0.0,0.0
2020-12-29 00:00:00-05:00,275.02881940193726,278.5641213786778,274.3634538345385,274.8599853515625,16383000,0.0,0.0
2020-12-30 00:00:00-05:00,276.02191065990667,276.15098341059274,269.8251760858184,269.98406982421875,11803800,0.0,0.0
2020-12-31 00:00:00-05:00,270.1131798151852,275.1678676684032,267.9383690679379,271.26513671875,12900400,0.0,0.0
2021-01-04 00:00:00-05:00,272.8739181053437,273.09239323216485,263.3603855229727,267.0744323730469,15106100,0.0,0.0
2021-01-05 00:00:00-05:00,266.4289299730203,270.51040511016924,266.34946794704973,269.09033203125,9871600,0.0,0.0
2021-01-06 00:00:00-05:00,260.18254915137,265.89266234839437,258.2063631514997,261.48345947265625,24354100,0.0,0.0
2021-01-07 00:00:00-05:00,264.0554674234832,269.7258491356457,262.94324162066465,266.8757629394531,15789800,0.0,0.0
2021-01-08 00:00:00-05:00,266.44878529422607,267.0843602903066,261.3543662192144,265.71392822265625,18528300,0.0,0.0
2021-01-11 00:00:00-05:00,258.6731142177774,261.6423634990481,254.12486777339785,255.058349609375,30412300,0.0,0.0
2021-01-12 00:00:00-05:00,254.8497991205477,257.9183605943093,248.56370760987795,249.3482208251953,26383500,0.0,0.0
2021-01-13 00:00:00-05:00,249.8050218800193,252.18836722110376,247.4713175707965,249.89439392089844,19528900,0.0,0.0
2021-01-14 00:00:00-05:00,251.64221559963207,253.2609135081913,242.91319650371236,243.93605041503906,29739400,0.0,0.0
2021-01-15 00:00:00-05:00,246.1803582278421,252.09902149522745,245.44550116665312,249.61636352539062,24942900,0.0,0.0
2021-01-19 00:00:00-05:00,255.11794062364515,260.38119398595995,250.96694354850732,259.288818359375,28028500,0.0,0.0
2021-01-20 00:00:00-05:00,267.0644656201047,268.4448379452422,261.7714523659061,265.6245422363281,25199900,0.0,0.0
2021-01-21 00:00:00-05:00,267.39219883730624,271.70208935816214,265.6344576307383,270.9771423339844,20838700,0.0,0.0
2021-01-22 00:00:00-05:00,270.12307749493203,276.53825601700265,270.1131371670082,272.5957946777344,21954000,0.0,0.0
2021-01-25 00:00:00-05:00,276.21064604914125,278.1570416684203,269.6266313962863,276.08154296875,19087000,0.0,0.0
2021-01-26 00:00:00-05:00,276.21056454490656,283.41027148201056,275.88283677509816,280.0934143066406,19373600,0.0,0.0
2021-01-27 00:00:00-05:00,280.57013844262696,281.4837699008926,266.26009441224045,270.2522277832031,35346200,0.0,0.0
2021-01-28 00:00:00-05:00,275.25724544437986,284.800598380068,262.8638363318904,263.1617431640625,37758800,0.0,0.0
2021-01-29 00:00:00-05:00,263.45964586527754,264.71091515254716,253.08215396222317,256.5379943847656,30389500,0.0,0.0
2021-02-01 00:00:00-05:00,257.7197266207836,262.3374943130789,253.14172024429632,260.1924743652344,22914300,0.0,0.0
2021-02-02 00:00:00-05:00,262.16864356397065,266.9850053875906,261.4436966318781,265.2272644042969,17320800,0.0,0.0
2021-02-03 00:00:00-05:00,263.777378298146,267.33256066235367,262.0097274435118,264.80023193359375,14223400,0.0,0.0
2021-02-04 00:00:00-05:00,265.157769593735,266.2997860181599,262.168640172673,264.641357421875,16060000,0.0,0.0
2021-02-05 00:00:00-05:00,264.94923410714415,267.3028192101267,263.82709821386266,266.240234375,12454400,0.0,0.0
2021-02-08 00:00:00-05:00,266.8857036335244,267.98798910915104,263.1617170711961,264.7307434082031,13755200,0.0,0.0
2021-02-09 00:00:00-05:00,264.5917418731132,271.4935427252664,263.9065258912956,267.58087158203125,14613400,0.0,0.0
2021-02-10 00:00:00-05:00,270.5600634141554,271.900674402498,265.86286387269195,269.98406982421875,14687200,0.0,0.0
2021-02-11 00:00:00-05:00,270.0039992694149,271.6822483903936,266.62755975361455,268.514404296875,12828600,0.0,0.0
2021-02-12 00:00:00-05:00,268.64338550566526,269.2988107068922,266.47851549020095,268.62353515625,9097600,0.0,0.0
2021-02-16 00:00:00-05:00,268.9214954462222,274.68128004000954,268.17669806558547,272.06951904296875,15417200,0.0,0.0
2021-02-17 00:00:00-05:00,269.3584178007569,272.0694908959175,267.7099294654533,271.6722717285156,12763200,0.0,0.0
2021-02-18 00:00:00-05:00,267.7000453662894,270.0635405541446,264.1845932672995,267.52130126953125,15249100,0.0,0.0
2021-02-19 00:00:00-05:00,267.9879863347758,268.3951458314142,258.3453523815268,259.7455749511719,25622600,0.0,0.0
2021-02-22 00:00:00-05:00,256.1606743548885,261.24515328431704,255.7435744603547,258.5241394042969,17434900,0.0,0.0
2021-02-23 00:00:00-05:00,257.69985037363546,265.60462342546225,253.191350988149,264.0157165527344,21924600,0.0,0.0
2021-02-24 00:00:00-05:00,260.5102256472287,264.53214932336675,256.5975849753341,262.47650146484375,15736100,0.0,0.0
2021-02-25 00:00:00-05:00,260.4804283677124,265.08825551031765,252.2777329518293,252.92323303222656,19053100,0.0,0.0
2021-02-26 00:00:00-05:00,254.69089973234236,263.7078995320883,254.69089973234236,255.83291625976562,26619500,0.0,0.0
2021-03-01 00:00:00-05:00,259.0107326162491,264.8002773245595,256.11097494456624,263.0723571777344,22157300,0.0,0.0
2021-03-02 00:00:00-05:00,263.9362738003962,264.8598150850479,256.8557300063131,257.20330810546875,15191700,0.0,0.0
2021-03-03 00:00:00-05:00,258.4844284037407,259.1795544591081,253.33042797944327,253.63827514648438,15513500,0.0,0.0
2021-03-04 00:00:00-05:00,254.6909012693047,264.64138288685854,251.74150257132257,255.85279846191406,31626500,0.0,0.0
2021-03-05 00:00:00-05:00,258.8618031452885,263.60864412929794,253.8368905187001,262.4467468261719,26820100,0.0,0.0
2021-03-08 00:00:00-05:00,263.7078811170442,263.7376717963443,253.28073423265133,253.53892517089844,18391800,0.0,0.0
2021-03-09 00:00:00-05:00,259.3682106602773,266.6672304354155,258.00771907545925,263.8965759277344,22039700,0.0,0.0
2021-03-10 00:00:00-05:00,266.77648503964184,267.1041825272053,261.04649157172383,263.0624084472656,14210300,0.0,0.0
2021-03-11 00:00:00-05:00,266.2501394394714,275.9722359021643,265.96217295395087,271.9801330566406,21834000,0.0,0.0
2021-03-12 00:00:00-05:00,267.2730037197899,267.86881730485464,262.18849544883045,266.5381164550781,20600200,0.0,0.0
2021-03-15 00:00:00-04:00,267.2134253470967,274.0457048286008,266.63746204114943,271.8510437011719,16844800,0.0,0.0
2021-03-16 00:00:00-04:00,274.16489777509577,280.1828891501532,272.8937779853738,277.34271240234375,22437700,0.0,0.0
2021-03-17 00:00:00-04:00,273.7974438086778,284.24448797008944,273.49953697383603,282.0398864746094,21315000,0.0,0.0
2021-03-18 00:00:00-04:00,277.92861547763636,283.211719403557,276.3496484982736,276.6872863769531,18728300,0.0,0.0
2021-03-19 00:00:00-04:00,279.26921858795276,290.76887646170974,279.2493682351889,288.0975341796875,38930500,0.0,0.0
2021-03-22 00:00:00-04:00,288.4352224866444,297.6309672357557,284.7608764742998,291.5037841796875,28273100,0.0,0.0
2021-03-23 00:00:00-04:00,291.11646090364803,295.9328233174748,287.79963356760106,288.61395263671875,23000900,0.0,0.0
2021-03-24 00:00:00-04:00,288.9813865930339,289.6963932978706,279.20964849752187,280.182861328125,18675000,0.0,0.0
2021-03-25 00:00:00-04:00,279.0308476549715,286.06172023452035,275.8232433122774,276.8063659667969,24505600,0.0,0.0
2021-03-26 00:00:00-04:00,276.36950273310305,282.526507281271,275.8431803992609,281.0567626953125,17629200,0.0,0.0
2021-03-29 00:00:00-04:00,283.78765555297224,291.1462573927489,282.72510097717293,288.8026428222656,21718800,0.0,0.0
2021-03-30 00:00:00-04:00,287.819489559495,290.44119091458725,284.7112272475432,286.002197265625,17474500,0.0,0.0
2021-03-31 00:00:00-04:00,287.9783924701882,294.44324370782823,286.60796038240426,292.4869079589844,19498200,0.0,0.0
2021-04-01 00:00:00-04:00,296.33008119890394,300.30233437933396,294.5425793900651,296.5882873535156,17616000,0.0,0.0
2021-04-05 00:00:00-04:00,298.80276535214335,308.614203147411,298.5942002846461,306.7671203613281,28237000,0.0,0.0
2021-04-06 00:00:00-04:00,306.697587369966,309.1901853123323,303.132494672926,304.135498046875,17335200,0.0,0.0
2021-04-07 00:00:00-04:00,304.21491557490424,312.07004753622874,303.380746292181,310.9180908203125,22855200,0.0,0.0
2021-04-08 00:00:00-04:00,312.6659554448147,313.6888093314046,307.8992338881179,310.8486328125,20894100,0.0,0.0
2021-04-09 00:00:00-04:00,309.23986644593833,312.55669381171714,308.177281575922,310.2925109863281,15988600,0.0,0.0
2021-04-12 00:00:00-04:00,308.8922237530333,309.9845990778734,305.7938721450335,309.37884521484375,10881900,0.0,0.0
2021-04-13 00:00:00-04:00,310.04422299179186,312.2488242933257,307.17428638234855,307.6112365722656,14036900,0.0,0.0
2021-04-14 00:00:00-04:00,305.1682324548387,305.89317931855436,299.8553699163051,300.7193298339844,17421400,0.0,0.0
2021-04-15 00:00:00-04:00,304.2149784475269,307.98863680837684,301.99052656720033,305.6847229003906,14558300,0.0,0.0
2021-04-16 00:00:00-04:00,306.03227702070234,306.8068650471184,302.4969444090367,304.0560607910156,13059200,0.0,0.0
2021-04-19 00:00:00-04:00,302.8942064698286,305.56554881533964,298.4750632513306,300.1434020996094,14553500,0.0,0.0
2021-04-20 00:00:00-04:00,299.89514228651615,302.9835845586107,295.1483014626396,300.5505676269531,16796400,0.0,0.0
2021-04-21 00:00:00-04:00,299.8554348915821,299.8852255743065,295.3270692821806,299.3787536621094,14863500,0.0,0.0
2021-04-22 00:00:00-04:00,299.2397360604261,300.8187332985432,293.9864532833794,294.4631042480469,16375400,0.0,0.0
2021-04-23 00:00:00-04:00,296.68755239289857,300.49097087154496,295.0887049838903,299.0411071777344,17536800,0.0,0.0
2021-04-26 00:00:00-04:00,301.235742486538,303.6786691082406,299.4680914666265,300.9378356933594,16172600,0.0,0.0
2021-04-27 00:00:00-04:00,302.1692386782204,303.2218831391314,299.0212153184825,301.46417236328125,15309300,0.0,0.0
2021-04-28 00:00:00-04:00,305.2278718530595,308.7632045092743,303.25168590435214,304.9696960449219,33907200,0.0,0.0
2021-04-29 00:00:00-04:00,327.82999712931587,329.50827625117904,319.3790201563974,327.2242431640625,56526800,0.0,0.0
2021-04-30 00:00:00-04:00,323.87765659537024,327.532122010799,322.24901835025764,322.8249816894531,26332400,0.0,0.0
2021-05-03 00:00:00-04:00,323.907408395523,326.27087314382874,319.60742815166054,320.34228515625,18719500,0.0,0.0
2021-05-04 00:00:00-04:00,317.8000386565058,319.9549988930355,310.9479094073585,316.15155029296875,24032600,0.0,0.0
2021-05-05 00:00:00-04:00,315.98277088195334,318.83285731643707,312.30842504926153,312.8347473144531,15577600,0.0,0.0
2021-05-06 00:00:00-04:00,312.33820166682153,318.0185239268124,311.09687276652534,317.800048828125,19012200,0.0,0.0
2021-05-07 00:00:00-04:00,320.143703732976,320.69981667352516,316.5388796429248,316.8665771484375,15916700,0.0,0.0
2021-05-10 00:00:00-04:00,312.1693768985715,312.3977620050916,302.7153972344073,303.8475036621094,24239200,0.0,0.0
2021-05-11 00:00:00-04:00,298.66372208325555,304.71147261940786,297.6110776402006,304.40362548828125,18920100,0.0,0.0
2021-05-12 00:00:00-04:00,299.04106988573005,302.84448789007007,296.1214622037027,300.4512023925781,24645500,0.0,0.0
2021-05-13 00:00:00-04:00,303.9567753757269,306.71748989994825,300.66973856002795,303.1424865722656,18079200,0.0,0.0
2021-05-14 00:00:00-04:00,307.3927842966852,314.65207369614257,306.9359534150257,313.7483825683594,19245700,0.0,0.0
2021-05-17 00:00:00-04:00,311.37497404625395,313.490203645759,309.4186382055632,313.271728515625,15401300,0.0,0.0
2021-05-18 00:00:00-04:00,313.4007953447419,314.304486446428,307.66089155963004,307.8098449707031,14522400,0.0,0.0
2021-05-19 00:00:00-04:00,302.0798556016258,312.4772270849574,301.4641613514185,311.4146423339844,19106200,0.0,0.0
2021-05-20 00:00:00-04:00,311.4047347873846,317.0354162827345,310.9876652282522,316.39984130859375,17320200,0.0,0.0
2021-05-21 00:00:00-04:00,317.07511701397885,317.71066162154136,313.6192466103653,314.0363464355469,13600900,0.0,0.0
2021-05-24 00:00:00-04:00,316.002603774066,323.68893285411247,315.82385968766243,322.3780822753906,16445400,0.0,0.0
2021-05-25 00:00:00-04:00,324.8111081200431,326.8965469654158,322.5469251665803,325.5162048339844,16437000,0.0,0.0
2021-05-26 00:00:00-04:00,326.07227039727064,327.54198436900356,323.5598220015561,325.3870544433594,9686900,0.0,0.0
2021-05-27 00:00:00-04:00,325.72475244764274,331.46465693402735,324.493363691151,330.4418029785156,20477700,0.0,0.0
2021-05-28 00:00:00-04:00,328.7039190666391,330.5609424009443,326.05242698912605,326.4496765136719,12037400,0.0,0.0
2021-06-01 00:00:00-04:00,327.859776244359,329.12098577650926,324.3741453730533,326.84686279296875,11765900,0.0,0.0
2021-06-02 00:00:00-04:00,328.0882083208523,329.56786271635684,324.85081275421754,326.8667297363281,11654300,0.0,0.0
2021-06-03 00:00:00-04:00,323.520083700462,325.1089906636587,321.23605077615906,323.7782897949219,12610800,0.0,0.0
2021-06-04 00:00:00-04:00,323.63926759923044,330.1537592993756,322.92426093429344,328.05841064453125,13289400,0.0,0.0
2021-06-07 00:00:00-04:00,327.19442430172865,335.3474634485492,326.6482214412393,334.2451477050781,20136700,0.0,0.0
2021-06-08 00:00:00-04:00,334.36436543557863,335.95324218671897,329.93528208942485,331.36529541015625,14580500,0.0,0.0
2021-06-09 00:00:00-04:00,333.4109514103885,334.4635957327307,327.71077966798356,327.95904541015625,13727900,0.0,0.0
2021-06-10 00:00:00-04:00,328.49537952813114,331.6235225004314,326.2708973852136,330.1537780761719,13240200,0.0,0.0
2021-06-11 00:00:00-04:00,330.27294808646184,330.52121388823963,326.64827344168265,328.9621276855469,13587900,0.0,0.0
2021-06-14 00:00:00-04:00,329.59765568348803,334.483539749573,327.52215732246464,334.4338684082031,12250800,0.0,0.0
2021-06-15 00:00:00-04:00,334.65235745209895,337.5620556551971,332.7059620693409,334.4140319824219,15795200,0.0,0.0
2021-06-16 00:00:00-04:00,334.36433436395004,335.20841369484964,326.4396804734715,328.7832946777344,17232200,0.0,0.0
2021-06-17 00:00:00-04:00,328.197430149362,335.6354937373488,327.8597923156813,334.1756896972656,17794100,0.0,0.0
2021-06-18 00:00:00-04:00,332.20941212190775,333.81816956514166,326.71777415159494,327.3731994628906,23039500,0.0,0.0
2021-06-21 00:00:00-04:00,328.7932669596741,330.61058945270315,325.3771273795917,329.9849548339844,11337500,0.0,0.0
2021-06-22 00:00:00-04:00,330.3821755239405,337.56203287221103,330.29280347884355,336.6781921386719,15345300,0.0,0.0
2021-06-23 00:00:00-04:00,336.995997823339,341.0377722588904,335.85398122199473,338.2273864746094,14817800,0.0,0.0
2021-06-24 00:00:00-04:00,339.4785864922204,342.507416465276,339.4190051377646,340.7993469238281,12329100,0.0,0.0
2021-06-25 00:00:00-04:00,340.2135219727783,341.7329074740562,337.32370439076266,339.0019836425781,14594400,0.0,0.0
2021-06-28 00:00:00-04:00,340.0843202357848,355.6555699059655,339.3991043942214,353.17291259765625,29156100,0.0,0.0
2021-06-29 00:00:00-04:00,353.79856535373204,354.2653062040058,346.62864885077636,349.448974609375,21417300,0.0,0.0
2021-06-30 00:00:00-04:00,349.7270879370843,350.47188535296834,344.7617718311909,345.2980041503906,15107500,0.0,0.0
2021-07-01 00:00:00-04:00,344.41417567697727,352.2097276177686,344.0963881893645,351.9316711425781,17137000,0.0,0.0
2021-07-02 00:00:00-04:00,352.63675169325717,353.9674527570495,350.17394402400754,352.2395324707031,11521300,0.0,0.0
2021-07-06 00:00:00-04:00,354.02699008079225,356.30111303287634,346.7577610194668,350.3327941894531,13488500,0.0,0.0
2021-07-07 00:00:00-04:00,352.79561580909495,354.0170640582016,347.57209406891997,348.0586853027344,14218900,0.0,0.0
2021-07-08 00:00:00-04:00,343.331720320965,345.9136601651972,340.1836969240964,343.25225830078125,14406500,0.0,0.0
2021-07-09 00:00:00-04:00,342.92456873238206,348.2771632659908,342.8748973921492,347.98919677734375,13018700,0.0,0.0
2021-07-12 00:00:00-04:00,348.7935700152841,351.7330283603502,347.21460329360013,350.7101745605469,10018600,0.0,0.0
2021-07-13 00:00:00-04:00,349.0616794159111,356.00318078237416,346.38039692535693,349.6475830078125,11456000,0.0,0.0
2021-07-14 00:00:00-04:00,352.1004565076469,352.73603144965426,344.3247856324014,345.2185363769531,13894200,0.0,0.0
2021-07-15 00:00:00-04:00,346.80742583126903,346.80742583126903,337.85991789887277,342.07049560546875,14781600,0.0,0.0
2021-07-16 00:00:00-04:00,342.5174133110356,343.5899081740883,337.7805130149065,338.7934265136719,11026100,0.0,0.0
2021-07-19 00:00:00-04:00,335.2283652584028,337.43296686382087,332.2193848529158,334.6126708984375,14372300,0.0,0.0
2021-07-20 00:00:00-04:00,336.4498015039066,341.067569648738,332.1796418476506,339.28997802734375,11024300,0.0,0.0
2021-07-21 00:00:00-04:00,339.1310778108753,344.11624409141785,338.88281201452764,343.8282775878906,9279700,0.0,0.0
2021-07-22 00:00:00-04:00,344.2751207728499,349.1014233736785,342.8153167504496,348.75384521484375,12385400,0.0,0.0
2021-07-23 00:00:00-04:00,358.4064473473775,372.7264018878384,354.7122509878652,367.224853515625,33694300,0.0,0.0
2021-07-26 00:00:00-04:00,367.0162853811016,371.8425883087263,365.6657339712904,369.8763122558594,14925200,0.0,0.0
2021-07-27 00:00:00-04:00,369.33010978819533,370.5614983630885,362.0211494423419,365.258544921875,15705400,0.0,0.0
2021-07-28 00:00:00-04:00,371.9617017952176,374.93095068238745,364.38462570750005,370.6905822753906,29676900,0.0,0.0
2021-07-29 00:00:00-04:00,358.4957829668107,362.984417317109,354.26532441729825,355.8343811035156,33413200,0.0,0.0
2021-07-30 00:00:00-04:00,351.5443361411562,358.22766169034094,350.491691683396,353.828369140625,15976200,0.0,0.0
2021-08-02 00:00:00-04:00,355.615876484558,356.9068462989572,348.3069168374361,349.508544921875,13180400,0.0,0.0
2021-08-03 00:00:00-04:00,350.28321268932035,351.3159766538201,345.2881057311439,348.80352783203125,12406100,0.0,0.0
2021-08-04 00:00:00-04:00,349.97529641844375,357.97938224565,349.0716053984844,356.4302062988281,14180600,0.0,0.0
2021-08-05 00:00:00-04:00,357.14523110122803,361.3756593379675,354.4242175743126,360.4521179199219,10247200,0.0,0.0
2021-08-06 00:00:00-04:00,358.893024268515,362.6170111631922,358.893024268515,360.9884033203125,8925000,0.0,0.0
2021-08-09 00:00:00-04:00,361.2366418858136,363.24261843176544,358.2475122657697,359.1015319824219,7798900,0.0,0.0
2021-08-10 00:00:00-04:00,359.3200650614363,361.574338051319,356.54944039375164,358.62493896484375,7469900,0.0,0.0
2021-08-11 00:00:00-04:00,359.5881517418357,359.8463275378054,355.3279025907099,357.4629821777344,8400300,0.0,0.0
2021-08-12 00:00:00-04:00,355.96346124829,360.4818859888844,354.6327300964026,360.1343078613281,7170700,0.0,0.0
2021-08-13 00:00:00-04:00,360.4521707685684,362.13045009347235,358.97251621695744,360.66070556640625,7195700,0.0,0.0
2021-08-16 00:00:00-04:00,360.00522845589376,364.4045210745695,354.90089981921847,364.0172119140625,11222100,0.0,0.0
2021-08-17 00:00:00-04:00,360.462075868413,362.1403550292865,352.60694265481555,355.9635009765625,12328700,0.0,0.0
2021-08-18 00:00:00-04:00,353.77875237413787,357.3636958513721,352.68637683194646,352.98431396484375,10042400,0.0,0.0
2021-08-19 00:00:00-04:00,348.9126880907285,355.08954110949225,348.56510998256186,352.6565246582031,12004500,0.0,0.0
2021-08-20 00:00:00-04:00,352.14020531327213,357.49280002789834,350.85914534134406,356.8771057128906,8697700,0.0,0.0
2021-08-23 00:00:00-04:00,356.94661777356487,363.1532624039116,356.6089799423798,360.8294982910156,10942000,0.0,0.0
2021-08-24 00:00:00-04:00,361.1373753161005,365.4075350526847,359.3299929768121,362.97454833984375,9235100,0.0,0.0
2021-08-25 00:00:00-04:00,363.0638488420155,368.2873397576155,362.86522411420407,365.8345031738281,9684500,0.0,0.0
2021-08-26 00:00:00-04:00,365.82463941522815,366.87728402002136,361.6041206658207,361.8523864746094,7888700,0.0,0.0
2021-08-27 00:00:00-04:00,362.5673710076073,371.14742107472495,361.5544271740296,370.0451354980469,11219100,0.0,0.0
2021-08-30 00:00:00-04:00,369.97556201483116,378.84360764683936,367.94970493712964,378.0193786621094,13547300,0.0,0.0
2021-08-31 00:00:00-04:00,377.3143442669874,380.10484920750287,376.17229743518845,376.748291015625,12345400,0.0,0.0
2021-09-01 00:00:00-04:00,376.9568533074591,381.66396313831876,376.18226523015454,379.3997802734375,11567200,0.0,0.0
2021-09-02 00:00:00-04:00,378.8535501039873,379.1018158642127,371.46515865520854,372.67669677734375,14832900,0.0,0.0
2021-09-03 00:00:00-04:00,372.1503674826965,374.543653002346,370.5217295798465,373.64990234375,7509600,0.0,0.0
2021-09-07 00:00:00-04:00,373.2725538548956,380.303427098371,370.56148074730555,379.5288391113281,10793800,0.0,0.0
2021-09-08 00:00:00-04:00,377.5228659344318,378.22793223895627,372.19012201827695,374.9508361816406,11067200,0.0,0.0
2021-09-09 00:00:00-04:00,375.0203499786024,377.1951302070215,373.9577652268733,375.3778381347656,9098900,0.0,0.0
2021-09-10 00:00:00-04:00,378.7145106920506,381.1276769391466,375.6360394777638,376.06304931640625,11549600,0.0,0.0
2021-09-13 00:00:00-04:00,379.03237443176556,379.1018961327597,371.75323413530566,373.89825439453125,13026300,0.0,0.0
2021-09-14 00:00:00-04:00,374.7820203796107,375.9637679324981,372.5078973191111,373.9180603027344,8711600,0.0,0.0
2021-09-15 00:00:00-04:00,374.3847621539605,374.9408750260584,365.11949742250874,371.3261413574219,17940300,0.0,0.0
2021-09-16 00:00:00-04:00,370.2040213099669,370.9686690276953,367.14536982728856,370.4721374511719,11934200,0.0,0.0
2021-09-17 00:00:00-04:00,368.83359750741874,368.83359750741874,359.08170985434447,362.19000244140625,26299000,0.0,0.0
2021-09-20 00:00:00-04:00,356.8075775570263,358.5255877160873,347.3734776350834,353.2325744628906,19822800,0.0,0.0
2021-09-21 00:00:00-04:00,356.0131270912646,357.54245277557396,352.7260906017265,355.0002136230469,11751900,0.0,0.0
2021-09-22 00:00:00-04:00,344.82126459921614,347.41314439369233,338.326624315838,340.8291320800781,43692900,0.0,0.0
2021-09-23 00:00:00-04:00,342.9642756764454,347.24440574358306,340.6206611842172,343.56011962890625,21806300,0.0,0.0
2021-09-24 00:00:00-04:00,340.8589909880195,351.8919385080049,339.9950308835849,350.5115661621094,18801900,0.0,0.0
2021-09-27 00:00:00-04:00,347.3834211027895,352.6863747332731,344.67234776955803,351.12725830078125,15205800,0.0,0.0
2021-09-28 00:00:00-04:00,345.55615516237805,347.17485280362484,336.5689465667117,338.28692626953125,21710300,0.0,0.0
2021-09-29 00:00:00-04:00,340.769633143772,342.8352215839474,336.5292641634484,337.2541809082031,14452200,0.0,0.0
2021-09-30 00:00:00-04:00,338.08838065803866,340.42205494779716,335.8043171003503,337.0357360839844,16547100,0.0,0.0
2021-10-01 00:00:00-04:00,339.24033291368795,342.62668233898466,336.29096406243747,340.6306457519531,14905300,0.0,0.0
2021-10-04 00:00:00-04:00,333.2024545158559,333.6096140159672,320.46146851508894,323.96697998046875,42885000,0.0,0.0
2021-10-05 00:00:00-04:00,326.3006776114081,332.85490048506125,323.8974817514608,330.6502990722656,35377900,0.0,0.0
2021-10-06 00:00:00-04:00,327.4526216500832,332.0604490478025,323.53995055480846,331.3255920410156,26443000,0.0,0.0
2021-10-07 00:00:00-04:00,334.66227881082483,336.4895113551633,326.6979233231299,326.9362487792969,28307500,0.0,0.0
2021-10-08 00:00:00-04:00,329.21036149099893,331.087235010964,326.42976659780624,327.7604675292969,15946100,0.0,0.0
2021-10-11 00:00:00-04:00,325.35731443923436,328.1676700761693,323.0534004471165,323.19244384765625,14708200,0.0,0.0
2021-10-12 00:00:00-04:00,320.7891603644766,322.1298015621059,315.16841978530687,321.5240173339844,31658700,0.0,0.0
2021-10-13 00:00:00-04:00,324.70183226875514,324.7316229485336,320.42173287393445,322.2886962890625,14761500,0.0,0.0
2021-10-14 00:00:00-04:00,326.08220352646043,328.22722358123883,324.8309645572515,326.25103759765625,14302200,0.0,0.0
2021-10-15 00:00:00-04:00,326.3999927716936,326.78730195164854,320.27281003421854,322.5072021484375,21596400,0.0,0.0
2021-10-18 00:00:00-04:00,326.6681361594644,333.5599968627541,325.22818246588844,333.0137939453125,21585000,0.0,0.0
2021-10-19 00:00:00-04:00,337.2938929273335,340.0843979551159,334.94033811013963,337.63153076171875,18786300,0.0,0.0
2021-10-20 00:00:00-04:00,341.0675687432612,341.5938910279222,337.0953159364956,338.41607666015625,13639500,0.0,0.0
2021-10-21 00:00:00-04:00,337.9195461799882,339.93546327387196,335.4567385215077,339.5084533691406,16354400,0.0,0.0
2021-10-22 00:00:00-04:00,324.08616582509086,327.34341175250825,318.8824942988653,322.35821533203125,35224500,0.0,0.0
2021-10-25 00:00:00-04:00,318.07818738604294,327.2739639507641,317.5022239622362,326.4100036621094,38409000,0.0,0.0
2021-10-26 00:00:00-04:00,325.982878988023,327.9193337074258,307.4523192648189,313.6192321777344,65654000,0.0,0.0
2021-10-27 00:00:00-04:00,312.0105042608327,317.0354012261963,309.8952749651828,310.0541687011719,29971800,0.0,0.0
2021-10-28 00:00:00-04:00,310.81879676750776,323.26187566968946,305.9726441964319,314.7215576171875,50806800,0.0,0.0
2021-10-29 00:00:00-04:00,317.9689114736582,323.73860629637124,317.3830078167604,321.3254699707031,37059400,0.0,0.0
2021-11-01 00:00:00-04:00,323.77830788954685,331.1369092399776,323.73857687912965,327.69097900390625,31518900,0.0,0.0
2021-11-02 00:00:00-04:00,329.08129551893205,332.467644744342,321.55385932113387,325.8041687011719,28353000,0.0,0.0
2021-11-03 00:00:00-04:00,325.2182246298572,329.84590230841843,320.95800575490676,329.319580078125,20786500,0.0,0.0
2021-11-04 00:00:00-04:00,331.69303111979514,334.9303963680135,330.34244948206873,333.520263671875,22495300,0.0,0.0
2021-11-05 00:00:00-04:00,337.9493222910368,344.3843824919673,337.28398694368224,338.7636413574219,26872800,0.0,0.0
2021-11-08 00:00:00-05:00,342.03081085258987,342.3982393556077,335.99297015181077,336.2710266113281,18342500,0.0,0.0
2021-11-09 00:00:00-05:00,337.6414662706003,338.94237655440764,332.14982834025784,333.0435791015625,17556700,0.0,0.0
2021-11-10 00:00:00-05:00,330.1835809161458,330.87873729375485,323.2520190237952,325.36724853515625,21872600,0.0,0.0
2021-11-11 00:00:00-05:00,327.53211063613753,330.1537817149823,324.7316651495095,325.4665222167969,12376600,0.0,0.0
2021-11-12 00:00:00-05:00,327.8895713138474,339.48854119804446,327.49235212990004,338.5252990722656,25414300,0.0,0.0
2021-11-15 00:00:00-05:00,341.9513830937844,351.19679918142634,340.8193067901365,345.1490478515625,25076600,0.0,0.0
2021-11-16 00:00:00-05:00,341.4448621218174,344.24530725343476,338.5054039194174,340.5809020996094,18181100,0.0,0.0
2021-11-17 00:00:00-05:00,341.85205836625045,344.8908292635212,337.7407925723655,338.4061279296875,13602800,0.0,0.0
2021-11-18 00:00:00-05:00,337.3633994408119,340.0843826522268,332.9740471795485,336.3405456542969,17487200,0.0,0.0
2021-11-19 00:00:00-05:00,339.8261918393417,349.6575100890898,337.5421286138821,342.9046630859375,26488500,0.0,0.0
2021-11-22 00:00:00-05:00,346.62864478297394,351.3754849401914,338.1479081732643,338.6444396972656,27116800,0.0,0.0
2021-11-23 00:00:00-05:00,336.5789224948041,339.031789952363,331.18659628153375,334.91058349609375,17225000,0.0,0.0
2021-11-24 00:00:00-05:00,333.6692551638559,339.4091595910464,330.5013809418473,338.69415283203125,13566200,0.0,0.0
2021-11-26 00:00:00-05:00,333.47060617009134,335.4070915076629,329.5976658008317,330.8092041015625,14750700,0.0,0.0
2021-11-29 00:00:00-05:00,334.55304345009216,338.30682076869596,332.98398677543236,335.68511962890625,16650900,0.0,0.0
2021-11-30 00:00:00-05:00,332.6761530506527,333.4805317723644,321.1864052077006,322.2092590332031,25390000,0.0,0.0
2021-12-01 00:00:00-05:00,327.998883765536,328.2074185715671,308.13761789131104,308.4454650878906,30329600,0.0,0.0
2021-12-02 00:00:00-05:00,309.23985058811394,312.41766470557803,305.0690036530589,308.23687744140625,24396200,0.0,0.0
2021-12-03 00:00:00-05:00,311.5537063209336,311.573556673393,297.4224070874301,304.71148681640625,27471000,0.0,0.0
2021-12-06 00:00:00-05:00,305.99258224552244,317.87955048932594,304.2149905529818,315.6650085449219,21758300,0.0,0.0
2021-12-07 00:00:00-05:00,319.3392902346361,324.27481477403893,318.7732370263186,320.5706787109375,18794000,0.0,0.0
2021-12-08 00:00:00-05:00,322.7455088217183,330.4417478782362,320.82890430428074,328.2669372558594,19937700,0.0,0.0
2021-12-09 00:00:00-05:00,327.2540480147095,333.79833071804273,325.7247222356388,327.5321044921875,16879200,0.0,0.0
2021-12-10 00:00:00-05:00,330.2531521315372,332.7060198693722,324.10608744250726,327.462646484375,14528000,0.0,0.0
2021-12-13 00:00:00-05:00,328.65422586839105,338.7238693550957,327.3036443722298,332.1696472167969,22948700,0.0,0.0
2021-12-14 00:00:00-05:00,325.77436431738806,333.3713218947086,325.3771451062712,331.4248962402344,20461000,0.0,0.0
2021-12-15 00:00:00-05:00,330.18357510906884,339.7368382857609,321.7326278482403,339.28997802734375,24681300,0.0,0.0
2021-12-16 00:00:00-05:00,336.62855788973843,342.07052456232094,331.4248863696693,332.57684326171875,22635000,0.0,0.0
2021-12-17 00:00:00-05:00,330.4914256670543,334.77152569712786,328.4556581996595,331.4745788574219,40012600,0.0,0.0
2021-12-20 00:00:00-05:00,327.49239434582324,327.6115570857802,320.2926858498686,323.19244384765625,17901800,0.0,0.0
2021-12-21 00:00:00-05:00,324.1457435126229,333.6692153987566,321.50419192067693,331.8817138671875,16116800,0.0,0.0
2021-12-22 00:00:00-05:00,331.48442117053827,332.18951772905075,325.9828739061611,328.1576843261719,16764600,0.0,0.0
2021-12-23 00:00:00-05:00,327.8101307259051,334.33456247386124,326.08218034839234,332.9144592285156,13987700,0.0,0.0
2021-12-27 00:00:00-05:00,336.49945539510196,345.45687412344387,335.6652859834369,343.7785949707031,17795000,0.0,0.0
2021-12-28 00:00:00-05:00,344.2254578364717,350.26326798561126,342.80538491551954,343.81829833984375,16637600,0.0,0.0
2021-12-29 00:00:00-05:00,344.5035583071662,347.264272790598,339.27012615391544,340.56109619140625,10747000,0.0,0.0
2021-12-30 00:00:00-05:00,341.6137032403792,344.8213079338288,340.8391152417787,341.97119140625,10593300,0.0,0.0
2021-12-31 00:00:00-05:00,340.64046754852063,341.0575673531457,333.9372921371866,334.0167541503906,12870500,0.0,0.0
2022-01-03 00:00:00-05:00,335.9532336041818,338.71394780170056,334.850948113297,336.19158935546875,14537900,0.0,0.0
2022-01-04 00:00:00-05:00,337.5918461106454,340.710048791719,329.5678785035941,334.195556640625,15998000,0.0,0.0
2022-01-05 00:00:00-05:00,330.70987981234885,333.43089345554057,321.5935673547167,321.9212951660156,20564500,0.0,0.0
2022-01-06 00:00:00-05:00,320.58066472960667,336.8172538693063,320.4813523499069,330.1537780761719,27962800,0.0,0.0
2022-01-07 00:00:00-05:00,330.4318562598737,334.66231540471273,326.59864665992654,329.48846435546875,14722000,0.0,0.0
2022-01-10 00:00:00-05:00,323.05338636520554,326.0623666414972,313.2419171246315,325.79425048828125,24942400,0.0,0.0
2022-01-11 00:00:00-05:00,324.5131910632039,332.30874323908233,323.02359626421634,332.050537109375,16226800,0.0,0.0
2022-01-12 00:00:00-05:00,332.85487581183287,334.03662330125775,327.74060701207145,330.9482116699219,14104900,0.0,0.0
2022-01-13 00:00:00-05:00,332.65630784591855,333.30179283796394,323.50026430952033,324.21527099609375,14797100,0.0,0.0
2022-01-14 00:00:00-05:00,319.5578022642355,330.4219156428618,318.9818086610025,329.59765625,16868500,0.0,0.0
2022-01-18 00:00:00-05:00,321.04738263480675,321.9609837284619,315.4365821014618,315.9430236816406,22645600,0.0,0.0
2022-01-19 00:00:00-05:00,317.3631065456677,324.83096079185947,317.1148407594168,317.373046875,20814700,0.0,0.0
2022-01-20 00:00:00-05:00,321.6531859641485,325.54600730349057,313.78814186461847,314.3641052246094,16925000,0.0,0.0
2022-01-21 00:00:00-05:00,312.6261943760006,316.10191525145456,300.9378525135199,301.06695556640625,28710700,0.0,0.0
2022-01-24 00:00:00-05:00,295.77392053287866,307.38283100711567,287.00518638419567,306.5685119628906,38878100,0.0,0.0
2022-01-25 00:00:00-05:00,297.8693376599705,304.10577373520374,295.5157522712907,298.06793212890625,25108500,0.0,0.0
2022-01-26 00:00:00-05:00,304.8803074843086,305.37683902690725,288.83240439081436,292.586181640625,28348800,0.0,0.0
2022-01-27 00:00:00-05:00,295.68454210791685,299.6170635525719,292.218761538942,292.59613037109375,21629900,0.0,0.0
2022-01-28 00:00:00-05:00,293.5693146659942,299.8057498469455,290.9972848220705,299.6170654296875,21871600,0.0,0.0
2022-01-31 00:00:00-05:00,298.5941942856098,311.6132667908384,297.24364306776437,311.0869445800781,21579500,0.0,0.0
2022-02-01 00:00:00-05:00,312.3779070582883,317.4425346173089,309.9548308191628,316.787109375,18023800,0.0,0.0
2022-02-02 00:00:00-05:00,325.54600207276366,325.7247461844524,314.67194735675173,320.7594299316406,58458300,0.0,0.0
2022-02-03 00:00:00-05:00,242.95287599915073,246.27964337200504,234.11462066512175,236.1106719970703,188119900,0.0,0.0
2022-02-04 00:00:00-05:00,233.3400237042917,240.9270247232297,228.51373672412043,235.4453125,89342200,0.0,0.0
2022-02-07 00:00:00-05:00,236.05110936639238,236.64695332171354,222.4560723238542,223.34983825683594,88613800,0.0,0.0
2022-02-08 00:00:00-05:00,219.31799930165315,224.20386810473175,214.65059044744515,218.6526336669922,94729700,0.0,0.0
2022-02-09 00:00:00-05:00,222.6447597583816,231.75114721199498,220.6685737472987,230.39065551757812,86563300,0.0,0.0
2022-02-10 00:00:00-05:00,226.68655517855632,233.36986669250052,225.12743858298535,226.48794555664062,49310400,0.0,0.0
2022-02-11 00:00:00-05:00,226.87521985005384,228.82161518931338,217.2524352504062,218.0270233154297,46156900,0.0,0.0
2022-02-14 00:00:00-05:00,217.78868216906557,219.46696135685332,213.2901072050722,216.18984985351562,38184000,0.0,0.0
2022-02-15 00:00:00-05:00,218.9406424438585,219.6159181388209,213.56816695582089,219.4669647216797,42685500,0.0,0.0
2022-02-16 00:00:00-05:00,210.93653210494622,215.95150368110467,210.8868759204417,215.03787231445312,45817500,0.0,0.0
2022-02-17 00:00:00-05:00,212.5353757176675,215.99123117362203,205.72296202717726,206.26914978027344,38747500,0.0,0.0
2022-02-18 00:00:00-05:00,207.93749393051652,209.28806043075434,203.75669137039452,204.7299041748047,37128400,0.0,0.0
2022-02-22 00:00:00-05:00,200.93639836684068,206.04074245924153,198.67221554938297,200.67820739746094,39852400,0.0,0.0
2022-02-23 00:00:00-05:00,202.74377678275914,205.50449113354318,196.67616031691193,197.07337951660156,44481400,0.0,0.0
2022-02-24 00:00:00-05:00,189.73463943279745,206.90470945781502,188.90047003925045,206.159912109375,49957200,0.0,0.0
2022-02-25 00:00:00-05:00,203.5183647840356,209.8541125423845,201.77056393873042,209.01992797851562,37627600,0.0,0.0
2022-02-28 00:00:00-05:00,206.23934870344502,211.67140537212006,205.39525411367887,209.5661163330078,34239800,0.0,0.0
2022-03-01 00:00:00-05:00,208.41414716725657,210.28111063720308,200.81722054189382,202.0784149169922,27094900,0.0,0.0
2022-03-02 00:00:00-05:00,203.3594795827409,207.6991608900357,200.61863062333498,206.6663818359375,29452100,0.0,0.0
2022-03-03 00:00:00-05:00,207.57006201226622,207.62964337626647,200.02277607812186,201.56202697753906,27263500,0.0,0.0
2022-03-04 00:00:00-05:00,200.96616870266408,204.46175495320406,197.41100109237203,198.6721954345703,32130900,0.0,0.0
2022-03-07 00:00:00-05:00,199.3971166631485,199.49642902609736,185.980840748645,186.16952514648438,38560600,0.0,0.0
2022-03-08 00:00:00-05:00,186.54692452981288,195.3355245860247,184.81898914057544,188.96998596191406,37508100,0.0,0.0
2022-03-09 00:00:00-05:00,194.38218282814248,197.718875556328,192.57480065527747,197.12303161621094,31894700,0.0,0.0
2022-03-10 00:00:00-05:00,193.48842180655208,194.9184351766103,189.74458461606886,193.85586547851562,24853000,0.0,0.0
2022-03-11 00:00:00-05:00,191.30368493188337,192.21730121306823,185.37509670416912,186.30857849121094,34694500,0.0,0.0
2022-03-14 00:00:00-04:00,185.73260739881346,190.95611432836714,184.53100942336172,185.33538818359375,31010500,0.0,0.0
2022-03-15 00:00:00-04:00,189.47645828108818,190.94618754859334,184.62037992402477,190.6979217529297,31721700,0.0,0.0
2022-03-16 00:00:00-04:00,193.34939124128513,202.31675022563442,193.17064714865197,202.2174530029297,40640300,0.0,0.0
2022-03-17 00:00:00-04:00,200.3008320695021,206.5968487329181,199.71492845430384,206.3982391357422,29499700,0.0,0.0
2022-03-18 00:00:00-04:00,205.26615383037955,215.2960978900843,204.57101264324805,214.98825073242188,52128000,0.0,0.0
2022-03-21 00:00:00-04:00,213.01204862783814,213.22059855952324,206.18970954170595,210.02293395996094,30142300,0.0,0.0
2022-03-22 00:00:00-04:00,209.9037381409255,217.93762996556708,208.72199065254847,215.14710998535156,31998800,0.0,0.0
2022-03-23 00:00:00-04:00,211.85019074826147,215.29612153245952,210.68830853226413,211.9792938232422,23717300,0.0,0.0
2022-03-24 00:00:00-04:00,213.5085543588696,219.1392199973298,213.30000445243496,218.04685974121094,31502300,0.0,0.0
2022-03-25 00:00:00-04:00,218.98035503124117,223.9357457242786,217.37159753839384,220.28128051757812,40039000,0.0,0.0
2022-03-28 00:00:00-04:00,220.58912249182504,222.48586159323668,218.01707741553452,222.0389862060547,26224100,0.0,0.0
2022-03-29 00:00:00-04:00,224.50180014859438,229.28835679181603,223.7271969282728,228.2655029296875,31417900,0.0,0.0
2022-03-30 00:00:00-04:00,227.32206885833335,229.5465204163885,225.13733315541214,226.26942443847656,25588000,0.0,0.0
2022-03-31 00:00:00-04:00,226.86527101996631,226.9050020311638,220.7182077665488,220.81752014160156,24192300,0.0,0.0
2022-04-01 00:00:00-04:00,222.99233071349855,225.7033888379623,221.15515784665132,223.29025268554688,19544800,0.0,0.0
2022-04-04 00:00:00-04:00,224.41239943888382,232.72434805076864,224.29323671351824,232.2675323486328,28054800,0.0,0.0
2022-04-05 00:00:00-04:00,232.45621733585187,235.2169316018234,229.4174466080516,230.23175048828125,29727200,0.0,0.0
2022-04-06 00:00:00-04:00,225.3359501951381,227.40152324808412,219.8741031805888,221.75099182128906,28995100,0.0,0.0
2022-04-07 00:00:00-04:00,222.3766247719894,223.95560670287298,217.04388048466566,221.40342712402344,21037200,0.0,0.0
2022-04-08 00:00:00-04:00,220.83739117412068,223.56831487406782,218.50368667844387,220.78773498535156,18375700,0.0,0.0
2022-04-11 00:00:00-04:00,216.90487634713529,219.07968732019336,213.7270769322996,214.95848083496094,20516600,0.0,0.0
2022-04-12 00:00:00-04:00,218.71226364112488,220.48984025639913,211.65158306904763,212.65457153320312,20128800,0.0,0.0
2022-04-13 00:00:00-04:00,210.35066381723541,215.10743009321757,209.864057372154,213.49867248535156,19231800,0.0,0.0
2022-04-14 00:00:00-04:00,213.3993497039803,213.49866208481365,208.54327127888956,208.72201538085938,18379500,0.0,0.0
2022-04-18 00:00:00-04:00,208.543274705327,211.89983321381135,206.85507027401516,209.3079376220703,16580800,0.0,0.0
2022-04-19 00:00:00-04:00,209.0596591305934,216.91477715151493,207.5501988958004,215.80255126953125,20089900,0.0,0.0
2022-04-20 00:00:00-04:00,212.1282301137777,212.67441790270703,197.5401293256184,199.02972412109375,43036500,0.0,0.0
2022-04-21 00:00:00-04:00,200.20152312891832,201.56201470052716,184.2926483333906,186.765380859375,49954100,0.0,0.0
2022-04-22 00:00:00-04:00,189.04942502299562,191.3831294620627,181.99868582411173,182.83285522460938,36426800,0.0,0.0
2022-04-25 00:00:00-04:00,181.46241266801752,185.88154035079478,180.39984305017538,185.69287109375,29281100,0.0,0.0
2022-04-26 00:00:00-04:00,185.33536941679247,185.89148232296554,178.2548247330513,179.69476318359375,31747400,0.0,0.0
2022-04-27 00:00:00-04:00,173.21999209687453,179.95297396586366,167.8276666489614,173.73638916015625,71062900,0.0,0.0
2022-04-28 00:00:00-04:00,201.51236675769346,207.08345147435523,191.5618700393527,204.30287170410156,100890600,0.0,0.0
2022-04-29 00:00:00-04:00,203.04168818781721,211.00604334340784,198.51330772123916,199.07936096191406,49193400,0.0,0.0
2022-05-02 00:00:00-04:00,199.77450522946864,210.4102178692344,199.59576114199825,209.66542053222656,49915300,0.0,0.0
2022-05-03 00:00:00-04:00,208.99013202513237,213.4092599092411,206.64650243953506,210.55917358398438,41556300,0.0,0.0
2022-05-04 00:00:00-04:00,209.188763488015,222.74408567898038,205.52437289516442,221.86026000976562,41375900,0.0,0.0
2022-05-05 00:00:00-04:00,217.22265296779887,218.64272609094522,204.72991591258807,206.835205078125,41129200,0.0,0.0
2022-05-06 00:00:00-04:00,205.90170328237653,207.9275605290676,199.62555225514092,202.35647583007812,34747200,0.0,0.0
2022-05-09 00:00:00-04:00,198.4537315749027,201.16480482052688,194.22328811081877,194.8489227294922,36303200,0.0,0.0
2022-05-10 00:00:00-04:00,198.12601337505205,201.55209318806584,192.84292556927107,196.27891540527344,34452500,0.0,0.0
2022-05-11 00:00:00-04:00,194.96808586619244,199.27797620782732,186.9639994737446,187.4307403564453,31153400,0.0,0.0
2022-05-12 00:00:00-04:00,185.7623795104132,196.67614834334174,183.49819687355438,189.91339111328125,38262200,0.0,0.0
2022-05-13 00:00:00-04:00,191.24409306072036,198.50338187615907,189.95310800388307,197.2421875,24549800,0.0,0.0
2022-05-16 00:00:00-04:00,195.68307963018455,203.9453564363125,194.57083869542402,198.65232849121094,27112600,0.0,0.0
2022-05-17 00:00:00-04:00,200.71793067646036,204.0347733061677,196.98401847084506,201.21446228027344,24872700,0.0,0.0
2022-05-18 00:00:00-04:00,198.61262813981287,199.60569128051193,190.3006945011028,190.90646362304688,23960000,0.0,0.0
2022-05-19 00:00:00-04:00,189.87368641774594,193.93531138900886,188.2847943425797,189.9630584716797,24446900,0.0,0.0
2022-05-20 00:00:00-04:00,193.6175216415817,196.5371296980073,186.56676728554785,192.1974334716797,31465600,0.0,0.0
2022-05-23 00:00:00-04:00,193.83599542267453,195.62351209328918,189.91339907653796,194.8687744140625,25059200,0.0,0.0
2022-05-24 00:00:00-04:00,179.29757477627385,182.40585247871965,174.88837147364822,180.0225067138672,50406300,0.0,0.0
2022-05-25 00:00:00-04:00,179.14856497229243,184.1635363161786,178.07607023195584,182.55477905273438,28030200,0.0,0.0
2022-05-26 00:00:00-04:00,181.61140199755528,191.4923777597748,180.99569251249545,190.3007049560547,23056500,0.0,0.0
2022-05-27 00:00:00-04:00,190.0325756934649,193.97503783325445,188.4833995166801,193.77642822265625,22562700,0.0,0.0
2022-05-31 00:00:00-04:00,193.53808190056003,196.22928977670594,190.67805510272842,192.2967529296875,26131100,0.0,0.0
2022-06-01 00:00:00-04:00,195.1468225764307,198.1458773543672,183.7166718529617,187.3314208984375,36623500,0.0,0.0
2022-06-02 00:00:00-04:00,187.14273921918476,199.54610286315108,186.42773257091963,197.48052978515625,31951600,0.0,0.0
2022-06-03 00:00:00-04:00,194.6205298291933,195.24616452028906,188.46354076239172,189.45660400390625,19465000,0.0,0.0
2022-06-06 00:00:00-04:00,192.64432063982002,195.55398831610356,187.09308626734085,192.9025115966797,30574200,0.0,0.0
2022-06-07 00:00:00-04:00,190.5986047413895,195.16670133175938,190.1616696801112,194.2928009033203,18828700,0.0,0.0
2022-06-08 00:00:00-04:00,193.3196042963057,200.62854978866102,193.06141332875293,195.27593994140625,22267200,0.0,0.0
2022-06-09 00:00:00-04:00,192.9323054091504,198.0664400188012,182.40583007585803,182.72361755371094,23501600,0.0,0.0
2022-06-10 00:00:00-04:00,181.7702799166873,181.82987643665223,173.8059240304574,174.35211181640625,27450800,0.0,0.0
2022-06-13 00:00:00-04:00,169.40662002400506,171.38282092477996,162.89212891887655,163.1205291748047,31749300,0.0,0.0
2022-06-14 00:00:00-04:00,164.87825579282412,165.5932623959142,160.2406532010484,162.59420776367188,27244300,0.0,0.0
2022-06-15 00:00:00-04:00,166.04013730521538,170.96573665232683,162.8424731032596,168.17523193359375,30008300,0.0,0.0
2022-06-16 00:00:00-04:00,162.584294783492,163.93486122919495,158.50280476509815,159.75405883789062,26944100,0.0,0.0
2022-06-17 00:00:00-04:00,160.5584488585028,164.7491767213856,158.7907975972423,162.6041717529297,31374200,0.0,0.0
2022-06-21 00:00:00-04:00,164.77896178821595,166.59626917748903,154.88806126492062,155.9605712890625,50724900,0.0,0.0
2022-06-22 00:00:00-04:00,157.28135432111557,159.6746251146912,154.3617460913147,154.76890563964844,47267800,0.0,0.0
2022-06-23 00:00:00-04:00,155.18598085338266,158.64183633158527,153.1799890713429,157.64877319335938,40499200,0.0,0.0
2022-06-24 00:00:00-04:00,160.60809926890386,169.0690015635416,160.18108938711842,168.97962951660156,68736000,0.0,0.0
2022-06-27 00:00:00-04:00,170.13157730813595,170.55858716707883,166.84452572363676,168.31427001953125,29174600,0.0,0.0
2022-06-28 00:00:00-04:00,168.72142760981015,170.11172514854024,159.49587736831415,159.5653839111328,27744500,0.0,0.0
2022-06-29 00:00:00-04:00,162.4353516237137,165.17620054541592,159.20789628875934,162.8027801513672,28595200,0.0,0.0
2022-06-30 00:00:00-04:00,161.0251746738575,164.08381082254584,157.39057526508302,160.1314239501953,35250600,0.0,0.0
2022-07-01 00:00:00-04:00,159.19794782136924,159.50579496695804,153.9247850296623,158.91989135742188,31423900,0.0,0.0
2022-07-05 00:00:00-04:00,157.0430120915462,167.08288153776365,155.930786168884,167.02330017089844,28618600,0.0,0.0
2022-07-06 00:00:00-04:00,167.033214553339,170.39969794014357,164.31223128939016,168.5923309326172,23085900,0.0,0.0
2022-07-07 00:00:00-04:00,168.27456099198946,171.5218819911062,166.61614721920827,170.9955596923828,24083400,0.0,0.0
2022-07-08 00:00:00-04:00,168.80085998074657,171.20407084283283,166.98355270569803,169.6946258544922,19249200,0.0,0.0
2022-07-11 00:00:00-04:00,165.91105887075022,166.328143553091,160.7868496540944,161.7501220703125,21885600,0.0,0.0
2022-07-12 00:00:00-04:00,163.65680602324343,164.75910669806157,160.9755386164519,162.13742065429688,16639700,0.0,0.0
2022-07-13 00:00:00-04:00,159.0489939667087,163.83555035660143,158.50280621658072,162.35589599609375,16555100,0.0,0.0
2022-07-14 00:00:00-04:00,160.10165236475422,161.46214411722048,156.18898088222045,156.95364379882812,23765200,0.0,0.0
2022-07-15 00:00:00-04:00,159.42636371697952,163.8355668671646,158.71137213459764,163.55751037597656,23342800,0.0,0.0
2022-07-18 00:00:00-04:00,165.59328022000832,170.4990146042201,164.49097951767354,166.0699462890625,23574300,0.0,0.0
2022-07-19 00:00:00-04:00,169.18817796538053,175.2657352484484,168.33414297985146,174.56065368652344,25933700,0.0,0.0
2022-07-20 00:00:00-04:00,176.25880119663285,182.3264182430064,175.4742727457146,181.8199462890625,24784300,0.0,0.0
2022-07-21 00:00:00-04:00,179.37699465061837,182.57465908137436,177.6291938767748,181.8993682861328,27195800,0.0,0.0
2022-07-22 00:00:00-04:00,171.86943747705087,174.38188590031115,167.2417598081677,168.09579467773438,42583900,0.0,0.0
2022-07-25 00:00:00-04:00,167.827677310981,169.38679377598018,163.66674016501324,165.4939727783203,26166300,0.0,0.0
2022-07-26 00:00:00-04:00,164.788912991952,164.84849436062365,156.854332416764,158.04600524902344,28468400,0.0,0.0
2022-07-27 00:00:00-04:00,161.462138917526,169.68470084170153,160.89610078404186,168.40365600585938,43846600,0.0,0.0
2022-07-28 00:00:00-04:00,159.94274035613432,160.38961572025178,153.77582699484466,159.6051025390625,73214300,0.0,0.0
2022-07-29 00:00:00-04:00,156.5961153483285,159.0291167990866,154.09359221040665,157.996337890625,42065400,0.0,0.0
2022-08-01 00:00:00-04:00,156.15917010521343,164.04409342402658,154.15317843083196,158.82057189941406,40596700,0.0,0.0
2022-08-02 00:00:00-04:00,157.2118327223143,161.11457897672165,156.9139107318116,159.07879638671875,27374500,0.0,0.0
2022-08-03 00:00:00-04:00,161.56145723337113,168.36393117953668,160.4492312790305,167.6290740966797,31721900,0.0,0.0
2022-08-04 00:00:00-04:00,167.13252231139165,170.9558061443517,165.64292766539518,169.38677978515625,23938200,0.0,0.0
2022-08-05 00:00:00-04:00,165.83162767132987,170.41957476345786,164.6498800499171,165.95079040527344,25832700,0.0,0.0
2022-08-08 00:00:00-04:00,166.8346081704295,176.2786332135897,165.97064808420234,169.06900024414062,27299100,0.0,0.0
2022-08-09 00:00:00-04:00,167.77801610097995,168.35399454612372,165.44432679109218,167.36093139648438,18655100,0.0,0.0
2022-08-10 00:00:00-04:00,174.7691854949126,179.2280292454022,172.74332822648657,177.10287475585938,30262100,0.0,0.0
2022-08-11 00:00:00-04:00,178.46339053169922,181.82987410175613,175.14654799822966,176.2587890625,24079100,0.0,0.0
2022-08-12 00:00:00-04:00,179.5557414317746,180.20124155559793,177.6689275530866,179.24789428710938,21274000,0.0,0.0
2022-08-15 00:00:00-04:00,177.71857316609862,180.18136532983021,176.96383553717615,179.6351776123047,15878700,0.0,0.0
2022-08-16 00:00:00-04:00,178.19526119642512,179.73451217115374,175.8119004492171,178.2250518798828,21156700,0.0,0.0
2022-08-17 00:00:00-04:00,175.5338393460009,176.90427136073453,172.96180938893704,173.63710021972656,20118100,0.0,0.0
2022-08-18 00:00:00-04:00,173.13062255896347,174.54077038611848,170.66783023780124,173.4484100341797,18844500,0.0,0.0
2022-08-19 00:00:00-04:00,169.0193585513689,171.12466290092638,165.89121544108187,166.79490661621094,26240800,0.0,0.0
2022-08-22 00:00:00-04:00,164.34203724537224,164.34203724537224,161.13443214416858,161.91896057128906,19499700,0.0,0.0
2022-08-23 00:00:00-04:00,161.3528773706251,163.9050566390296,159.58522638399307,159.9923858642578,18111800,0.0,0.0
2022-08-24 00:00:00-04:00,159.48596568492076,164.3122537366885,158.66172136041752,162.12750244140625,20891500,0.0,0.0
2022-08-25 00:00:00-04:00,164.03415860747302,167.70850426753756,162.88221690647927,167.60919189453125,15550500,0.0,0.0
2022-08-26 00:00:00-04:00,167.3112650284955,169.734341390656,160.54850781539662,160.65774536132812,24023600,0.0,0.0
2022-08-29 00:00:00-04:00,159.54554185725544,161.91896236620752,157.90697843918662,158.0658721923828,20052700,0.0,0.0
2022-08-30 00:00:00-04:00,159.23769841502485,160.5386088498215,154.82849515456346,156.06982421875,19567900,0.0,0.0
2022-08-31 00:00:00-04:00,165.91107021908033,166.67571794587022,161.0152609370121,161.79977416992188,40953000,0.0,0.0
2022-09-01 00:00:00-04:00,162.4452699687775,166.19904741902297,159.2376802751425,164.21292114257812,30145700,0.0,0.0
2022-09-02 00:00:00-04:00,166.28841544244423,166.76508149443754,158.11551025538967,159.2078857421875,22634200,0.0,0.0
2022-09-06 00:00:00-04:00,158.9894072176834,160.56837389852208,156.59612152734138,157.44021606445312,19339800,0.0,0.0
2022-09-07 00:00:00-04:00,156.66564374082208,159.8434580781021,155.7222367388541,159.27740478515625,16831200,0.0,0.0
2022-09-08 00:00:00-04:00,157.60905392509943,161.104625185907,156.6457814896264,160.93580627441406,22530800,0.0,0.0
2022-09-09 00:00:00-04:00,162.11755708898195,168.36391755240584,161.88915681033242,167.97662353515625,22086800,0.0,0.0
2022-09-12 00:00:00-04:00,166.2288624967392,170.20111563259815,166.11962492938537,167.78797912597656,23220400,0.0,0.0
2022-09-13 00:00:00-04:00,160.41939772079658,160.50878491113568,151.61093335516279,152.0677490234375,44444100,0.0,0.0
2022-09-14 00:00:00-04:00,152.26634823345896,152.47488297319117,148.01603989989965,150.41925048828125,43064200,0.0,0.0
2022-09-15 00:00:00-04:00,148.76085427407986,153.1303258195217,147.6684788112493,148.51258850097656,34606300,0.0,0.0
2022-09-16 00:00:00-04:00,147.02299299091143,147.5493152145355,143.28906608768818,145.2751922607422,40122800,0.0,0.0
2022-09-19 00:00:00-04:00,144.23249552916624,147.54932277133344,144.09346729604968,146.9932098388672,22169500,0.0,0.0
2022-09-20 00:00:00-04:00,144.76873672743025,147.80750737262215,144.2126238188906,145.0765838623047,23217400,0.0,0.0
2022-09-21 00:00:00-04:00,145.37450849074926,148.56224775043975,141.01496203125282,141.13412475585938,38338600,0.0,0.0
2022-09-22 00:00:00-04:00,140.56807511655674,143.57705488927735,139.8927843757181,141.8292694091797,34418500,0.0,0.0
2022-09-23 00:00:00-04:00,140.4389929946804,141.63066577922177,137.92654436335064,139.43600463867188,31710700,0.0,0.0
2022-09-26 00:00:00-04:00,139.14799788660858,141.25330198021248,135.24526714438548,135.42401123046875,30497000,0.0,0.0
2022-09-27 00:00:00-04:00,136.96326843093527,138.45286316247478,133.18962541378022,133.46768188476562,30826500,0.0,0.0
2022-09-28 00:00:00-04:00,133.6861390564927,141.04473967982162,133.3385760908583,140.62765502929688,32658500,0.0,0.0
2022-09-29 00:00:00-04:00,138.39326272953332,138.86992873512628,134.26211693989015,135.46372985839844,38985400,0.0,0.0
2022-09-30 00:00:00-04:00,135.10622841555517,140.0119622137979,134.56004071784687,134.73878479003906,33166400,0.0,0.0
2022-10-03 00:00:00-04:00,136.18867923947806,138.65147159879163,135.15590023490822,137.6484832763672,27723100,0.0,0.0
2022-10-04 00:00:00-04:00,139.51543467540031,141.40224842715523,138.3734030652836,139.306884765625,34670700,0.0,0.0
2022-10-05 00:00:00-04:00,137.2810426926311,139.2373781305464,133.84503784216344,138.01589965820312,27979300,0.0,0.0
2022-10-06 00:00:00-04:00,136.76464446578143,140.46876539966271,135.65241869866074,138.10528564453125,36231100,0.0,0.0
2022-10-07 00:00:00-04:00,135.81132903212566,137.33071464180736,131.52130353212522,132.5242919921875,33214800,0.0,0.0
2022-10-10 00:00:00-04:00,132.62358250842252,135.1658216673534,130.9552285897862,132.86190795898438,24024000,0.0,0.0
2022-10-11 00:00:00-04:00,130.70696701014188,131.73976117223205,126.10908735119844,127.64833068847656,38481400,0.0,0.0
2022-10-12 00:00:00-04:00,127.4298738864634,128.77050008091746,125.37422584084904,126.61555480957031,34605200,0.0,0.0
2022-10-13 00:00:00-04:00,122.6730980553919,130.23030974729153,121.68003483781214,129.38619995117188,34325700,0.0,0.0
2022-10-14 00:00:00-04:00,130.09126942927062,130.87578263105397,125.64234329376768,125.88068389892578,23559400,0.0,0.0
2022-10-17 00:00:00-04:00,129.39613707206735,133.85498111053334,129.27695918491287,133.1101837158203,29612200,0.0,0.0
2022-10-18 00:00:00-04:00,136.13901825885176,136.88381559214864,130.4884867324357,131.8787841796875,25445000,0.0,0.0
2022-10-19 00:00:00-04:00,131.96814833194603,136.04963808047793,131.3027979056716,132.3057861328125,30691000,0.0,0.0
2022-10-20 00:00:00-04:00,132.00788188487778,135.82125603082707,130.39912437440867,130.6175994873047,26356300,0.0,0.0
2022-10-21 00:00:00-04:00,125.4337934650105,129.21736132269453,124.56983344637268,129.10812377929688,46348600,0.0,0.0
2022-10-24 00:00:00-04:00,126.36729258833617,132.55407210052488,123.70588290109863,128.82015991210938,63563400,0.0,0.0
2022-10-25 00:00:00-04:00,129.9721082704897,137.39029111902516,129.6841114749998,136.5561065673828,38433200,0.0,0.0
2022-10-26 00:00:00-04:00,130.76653152754133,134.60969572856067,127.63838906788622,128.91944885253906,82791500,0.0,0.0
2022-10-27 00:00:00-04:00,97.30032066005266,101.7889622979854,95.71141372398145,97.2605972290039,232316600,0.0,0.0
2022-10-28 00:00:00-04:00,98.88922490447071,100.15041170257088,96.83358459909144,98.51185607910156,95928300,0.0,0.0
2022-10-31 00:00:00-04:00,97.53866036503508,98.63102827621302,91.95764293134883,92.51376342773438,121361400,0.0,0.0
2022-11-01 00:00:00-04:00,93.6756441380607,96.81371959753587,92.90105613149628,94.53960418701172,110189600,0.0,0.0
2022-11-02 00:00:00-04:00,93.55647365415787,94.539604000825,89.85235253745208,89.91193389892578,71821100,0.0,0.0
2022-11-03 00:00:00-04:00,89.45510995135025,89.83247113468447,87.79669668775222,88.29322814941406,60664000,0.0,0.0
2022-11-04 00:00:00-04:00,89.72324423448461,90.75603070624835,87.47891964052742,90.16019439697266,55638100,0.0,0.0
2022-11-07 00:00:00-05:00,94.12252726626211,96.20795843512963,92.45418081587393,96.049072265625,81987300,0.0,0.0
2022-11-08 00:00:00-05:00,95.25463154206956,97.1215954268497,94.13247272146268,95.80081939697266,52088300,0.0,0.0
2022-11-09 00:00:00-05:00,101.01437905455495,104.17231999405277,100.04117388955267,100.76611328125,107677300,0.0,0.0
2022-11-10 00:00:00-05:00,106.37692154748625,111.96786404919858,103.88433105566673,111.0939712524414,80671000,0.0,0.0
2022-11-11 00:00:00-05:00,108.47228980898205,114.10295597850015,108.05519753324442,112.23599243164062,59961700,0.0,0.0
2022-11-14 00:00:00-05:00,110.22006864252444,115.46344046960432,110.03139181015474,113.42766571044922,53395000,0.0,0.0
2022-11-15 00:00:00-05:00,115.26484160335141,117.9163184434814,113.61636068428409,116.26783752441406,50670500,0.0,0.0
2022-11-16 00:00:00-05:00,113.7057364919192,115.27477816754063,111.87850383914812,112.44454956054688,33287800,0.0,0.0
2022-11-17 00:00:00-05:00,109.64410092220196,111.55078026305709,109.03833182279432,110.6768798828125,35093800,0.0,0.0
2022-11-18 00:00:00-05:00,113.01058846285041,113.52697796246153,109.85264737178989,111.2727279663086,33357700,0.0,0.0
2022-11-21 00:00:00-05:00,110.74638875445035,111.59049841385867,108.43255759035378,109.09790802001953,24351100,0.0,0.0
2022-11-22 00:00:00-05:00,109.09792004891445,110.84571334290337,107.56860186373298,110.66696166992188,29029000,0.0,0.0
2022-11-23 00:00:00-05:00,110.94502099638954,111.88842799797938,109.96189055795254,111.46141052246094,21343100,0.0,0.0
2022-11-25 00:00:00-05:00,110.52792371008826,111.94800421594746,110.24985968376664,110.63716125488281,12007600,0.0,0.0
2022-11-28 00:00:00-05:00,110.0115321403808,111.26279380344529,107.62817911717663,108.02540588378906,23309400,0.0,0.0
2022-11-29 00:00:00-05:00,108.78013045833187,110.17042028263462,107.78706738046849,108.70068359375,23899200,0.0,0.0
2022-11-30 00:00:00-05:00,108.75035251734901,117.34035066240172,108.6212494531627,117.28076171875,43348600,0.0,0.0
2022-12-01 00:00:00-05:00,118.37311900070078,120.35924520927946,117.57867306315146,119.60452270507812,36551400,0.0,0.0
2022-12-02 00:00:00-05:00,117.01263581110268,123.17955722302418,116.79416070021333,122.63336944580078,39950500,0.0,0.0
2022-12-05 00:00:00-05:00,120.90544335144975,123.80518604715203,120.50821656025758,121.58072662353516,35474900,0.0,0.0
2022-12-06 00:00:00-05:00,119.07820567486125,119.71376548325799,112.95100029556593,113.328369140625,43689200,0.0,0.0
2022-12-07 00:00:00-05:00,112.97086004692484,115.07614896382506,112.09695967254044,113.13967895507812,29461100,0.0,0.0
2022-12-08 00:00:00-05:00,115.58262041467984,116.52602738469093,113.79510369874546,114.52997589111328,30619400,0.0,0.0
2022-12-09 00:00:00-05:00,114.50018716954466,116.7246465613268,113.08010652547362,115.09602355957031,26033400,0.0,0.0
2022-12-12 00:00:00-05:00,114.38100936781183,114.91726435664589,112.3551597132621,113.91426849365234,24747100,0.0,0.0
2022-12-13 00:00:00-05:00,121.28279669381777,122.44468630785089,117.81700850997686,119.31653594970703,44701100,0.0,0.0
2022-12-14 00:00:00-05:00,118.5618080009239,123.27885792875243,118.5618080009239,120.74654388427734,36922000,0.0,0.0
2022-12-15 00:00:00-05:00,117.5091619839413,117.80707637704052,113.21912956566705,115.34428405761719,34531000,0.0,0.0
2022-12-16 00:00:00-05:00,119.39599321133228,122.454622143585,117.99577044689154,118.6015396118164,67064000,0.0,0.0
2022-12-19 00:00:00-05:00,116.01956408518664,116.98283650686149,113.53690632889901,113.68586730957031,29769900,0.0,0.0
2022-12-20 00:00:00-05:00,112.4743371697137,116.51610398343564,111.67988360020045,116.27776336669922,28742500,0.0,0.0
2022-12-21 00:00:00-05:00,115.8904666033582,119.50521586414342,114.81796415920795,118.92924499511719,20392800,0.0,0.0
2022-12-22 00:00:00-05:00,116.3869954443798,117.79715084272303,113.58655772952558,116.30755615234375,23618100,0.0,0.0
2022-12-23 00:00:00-05:00,115.22510957783174,117.36019674510064,114.73851078321191,117.2211685180664,17796600,0.0,0.0
2022-12-27 00:00:00-05:00,117.11192546801801,117.77727589133849,115.24496966667303,116.06920623779297,21392300,0.0,0.0
2022-12-28 00:00:00-05:00,115.44358969536862,117.33041117127519,114.70872509527865,114.81796264648438,19612500,0.0,0.0
2022-12-29 00:00:00-05:00,115.5925567337181,120.19043657200733,114.96692207560486,119.42578125,22366200,0.0,0.0
2022-12-30 00:00:00-05:00,117.34034806387496,119.58466537798836,116.92325577343314,119.50521850585938,19583800,0.0,0.0
2023-01-03 00:00:00-05:00,121.96800788854041,125.49338487353471,121.43175291305995,123.87468719482422,35528500,0.0,0.0
2023-01-04 00:00:00-05:00,126.49639063127337,128.1548119719727,124.97700511216185,126.48646545410156,32397100,0.0,0.0
2023-01-05 00:00:00-05:00,125.25504671628343,127.6284745077786,123.67608001591103,126.05943298339844,25447100,0.0,0.0
2023-01-06 00:00:00-05:00,128.07536832739842,129.4259349510134,125.1656927072315,129.1180877685547,27584500,0.0,0.0
2023-01-09 00:00:00-05:00,130.25017872090828,132.02775526038943,128.38321497323,128.5718994140625,26649100,0.0,0.0
2023-01-10 00:00:00-05:00,126.38715893557614,132.51436506456827,126.26799619221563,132.06748962402344,28684400,0.0,0.0
2023-01-11 00:00:00-05:00,130.05155039539636,132.9215021516353,129.4358409686768,131.96815490722656,25423000,0.0,0.0
2023-01-12 00:00:00-05:00,132.51436705069085,136.72494567726147,130.84601285392384,135.76168823242188,30757700,0.0,0.0
2023-01-13 00:00:00-05:00,134.03373369283793,136.43694468179817,133.90463063523947,136.02978515625,22423800,0.0,0.0
2023-01-17 00:00:00-05:00,135.23530901109694,135.80136218171825,133.31870473781115,134.42100524902344,21147600,0.0,0.0
2023-01-18 00:00:00-05:00,134.86789893919627,136.29791224625038,131.87878442440996,132.09725952148438,20215500,0.0,0.0
2023-01-19 00:00:00-05:00,131.57093643512005,136.49652095770875,131.2233582866692,135.20553588867188,28625200,0.0,0.0
2023-01-20 00:00:00-05:00,134.9473280480872,138.96923615667572,133.6762086430776,138.40318298339844,28688600,0.0,0.0
2023-01-23 00:00:00-05:00,138.32375154454283,142.76274478209868,137.6981321000071,142.27615356445312,27470100,0.0,0.0
2023-01-24 00:00:00-05:00,140.70711051189517,143.99414688881774,140.37939787648503,142.1470489501953,21970200,0.0,0.0
2023-01-25 00:00:00-05:00,140.2403761535725,142.17684622265583,139.33668507035335,140.5184326171875,26622000,0.0,0.0
2023-01-26 00:00:00-05:00,143.3983061489729,146.48673300837004,142.3059458263939,146.2781982421875,25482100,0.0,0.0
2023-01-27 00:00:00-05:00,147.21170231500102,152.12736239461694,146.36759248742518,150.6874237060547,35771900,0.0,0.0
2023-01-30 00:00:00-05:00,148.3735757881808,150.07170536811816,145.9306336581153,146.0398712158203,28040100,0.0,0.0
2023-01-31 00:00:00-05:00,146.92368635959087,148.84030607097574,146.4966764891175,147.93661499023438,29842100,0.0,0.0
2023-02-01 00:00:00-05:00,147.00315756148882,152.5146618498912,146.03988495824805,152.05784606933594,55661000,0.0,0.0
2023-02-02 00:00:00-05:00,182.1079160131573,195.79232431037187,178.91025162092004,187.4605255126953,150475700,0.0,0.0
2023-02-03 00:00:00-05:00,182.1972979017333,195.40504086784406,181.6213194546132,185.23606872558594,76809700,0.0,0.0
2023-02-06 00:00:00-05:00,185.23607379267708,189.37714543580742,184.2330854357221,184.7693328857422,42483800,0.0,0.0
2023-02-07 00:00:00-05:00,184.29264668049973,192.4357608385614,183.12082437626285,190.29074096679688,47080700,0.0,0.0
2023-02-08 00:00:00-05:00,188.68201008412757,189.50625436758497,181.65112073211336,182.15757751464844,36139100,0.0,0.0
2023-02-09 00:00:00-05:00,184.83884601456782,185.35522793422592,176.0403060395819,176.685791015625,37118800,0.0,0.0
2023-02-10 00:00:00-05:00,175.12667589321265,177.64904938681158,172.14748672680432,172.94192504882812,33433600,0.0,0.0
2023-02-13 00:00:00-05:00,176.98372003856966,179.74443444936884,174.60037448273806,178.18531799316406,31463200,0.0,0.0
2023-02-14 00:00:00-05:00,175.93107146205887,180.2508870770016,174.65995184105614,178.23497009277344,24034600,0.0,0.0
2023-02-15 00:00:00-05:00,175.1962038438669,176.95392990973855,174.1137686177919,175.9310760498047,25308900,0.0,0.0
2023-02-16 00:00:00-05:00,171.55165207094436,174.63015376986252,170.59830481905945,171.24380493164062,25827500,0.0,0.0
2023-02-17 00:00:00-05:00,169.03921912517762,171.97867771168566,168.5228220183266,171.68077087402344,24171300,0.0,0.0
2023-02-21 00:00:00-05:00,173.10084877617902,176.93407344078165,170.68771240655548,170.88632202148438,34592600,0.0,0.0
2023-02-22 00:00:00-05:00,169.88332710252644,171.5615911643237,168.51289505206418,169.93296813964844,22433200,0.0,0.0
2023-02-23 00:00:00-05:00,170.80684176314054,172.48512071423704,168.20502146429376,170.8465576171875,20017800,0.0,0.0
2023-02-24 00:00:00-05:00,167.4701777271182,169.53575100498932,166.49698003228437,169.20803833007812,19791300,0.0,0.0
2023-02-27 00:00:00-05:00,170.68767049982438,171.91905890182207,167.88722561217432,168.3638916015625,19277000,0.0,0.0
2023-02-28 00:00:00-05:00,170.70755046716732,176.31836639072463,170.67775978472054,173.72647094726562,46051100,0.0,0.0
2023-03-01 00:00:00-05:00,173.3789079326183,176.61630380219518,171.84959720592275,172.21702575683594,30998400,0.0,0.0
2023-03-02 00:00:00-05:00,171.1842257694203,173.7959714755196,170.24080368144263,173.31930541992188,17352000,0.0,0.0
2023-03-03 00:00:00-05:00,177.67884419711405,185.32542687141702,175.82182108915276,183.96493530273438,45877700,0.0,0.0
2023-03-06 00:00:00-05:00,186.6958724355289,188.34436090331448,183.35917964120182,183.61737060546875,33209400,0.0,0.0
2023-03-07 00:00:00-05:00,187.68891528456678,189.03948163029818,182.73352524077848,183.2300567626953,36701500,0.0,0.0
2023-03-08 00:00:00-05:00,181.60143591417528,183.9748560081389,180.08205065313675,183.68687438964844,19432400,0.0,0.0
2023-03-09 00:00:00-05:00,185.05731952586282,187.6194090554493,179.04928458509838,180.4296417236328,26582800,0.0,0.0
2023-03-10 00:00:00-05:00,179.75436531559095,183.48829266497177,177.5597041177782,178.2647705078125,25665000,0.0,0.0
2023-03-13 00:00:00-04:00,176.7255332709814,182.50515320013594,173.6073154373622,179.64512634277344,24728000,0.0,0.0
2023-03-14 00:00:00-04:00,186.27880363616384,192.97205530218403,185.2658748925714,192.67413330078125,41642600,0.0,0.0
2023-03-15 00:00:00-04:00,191.61154367511813,196.40804080618722,189.51617969222386,196.3782501220703,42123600,0.0,0.0
2023-03-16 00:00:00-04:00,196.88469349861998,204.3326670795369,194.7297482942276,203.5084228515625,50447100,0.0,0.0
2023-03-17 00:00:00-04:00,199.16875745432947,200.49945853560095,194.07433827462287,194.2530975341797,50141100,0.0,0.0
2023-03-20 00:00:00-04:00,197.10317093063804,197.9770713567288,192.29674889302132,196.4378204345703,25186300,0.0,0.0
2023-03-21 00:00:00-04:00,201.79043897159778,202.1380171523649,196.57685717774208,200.75765991210938,31827000,0.0,0.0
2023-03-22 00:00:00-04:00,201.095277091243,205.9314895234594,198.28490670909648,198.42393493652344,28477800,0.0,0.0
2023-03-23 00:00:00-04:00,201.4329169992156,206.43796354444146,200.74770103087417,202.86293029785156,27389700,0.0,0.0
2023-03-24 00:00:00-04:00,203.7566731929015,206.14003364990157,202.13799069467774,204.58091735839844,27716400,0.0,0.0
2023-03-27 00:00:00-04:00,203.38922713455202,204.43194629734506,199.96316287360796,201.43289184570312,18527200,0.0,0.0
2023-03-28 00:00:00-04:00,198.76156536376755,199.63546570535854,196.5271734791504,199.2878875732422,19127300,0.0,0.0
2023-03-29 00:00:00-04:00,202.14791521864234,204.29293507714553,201.1349866488592,203.92550659179688,18851100,0.0,0.0
2023-03-30 00:00:00-04:00,201.9691860222498,206.6465049204473,201.4130730889809,206.3982391357422,22608300,0.0,0.0
2023-03-31 00:00:00-04:00,205.8023942409932,210.69818785889007,205.33565339003295,210.46978759765625,25440300,0.0,0.0
2023-04-03 00:00:00-04:00,207.39128188847843,212.00903412184385,206.75572214822503,211.59194946289062,17924600,0.0,0.0
2023-04-04 00:00:00-04:00,211.90973875725146,214.73997471291952,211.06562904333202,213.2305145263672,21026400,0.0,0.0
2023-04-05 00:00:00-04:00,212.6644774037662,213.69727161345537,208.48368983343693,210.01300048828125,19396600,0.0,0.0
2023-04-06 00:00:00-04:00,207.79844875454816,215.4351062371905,207.20260484748098,214.60093688964844,26104400,0.0,0.0
2023-04-10 00:00:00-04:00,213.22059908205247,214.164006059354,209.19869022835502,213.26031494140625,16106100,0.0,0.0
2023-04-11 00:00:00-04:00,213.9852291542091,214.52149170535768,211.92959644931315,212.36654663085938,16710100,0.0,0.0
2023-04-12 00:00:00-04:00,213.34967229513575,215.3357984907403,211.1053551491611,212.5155029296875,18972200,0.0,0.0
2023-04-13 00:00:00-04:00,214.2335100899121,219.61591056926196,214.19379423102393,218.82147216796875,23310400,0.0,0.0
2023-04-14 00:00:00-04:00,216.3686088464835,220.5692618228154,216.04089618124604,219.9535675048828,21591200,0.0,0.0
2023-04-17 00:00:00-04:00,218.26533831094628,219.4470858581435,215.62380190579213,217.341796875,15481900,0.0,0.0
2023-04-18 00:00:00-04:00,218.3845319458601,218.91085422961788,214.71020113649635,216.3785400390625,12281000,0.0,0.0
2023-04-19 00:00:00-04:00,211.98920859488612,215.822433262919,211.4529459658617,214.2037353515625,15898100,0.0,0.0
2023-04-20 00:00:00-04:00,211.99909379355054,215.24641418111287,211.29402751994132,211.59194946289062,16475400,0.0,0.0
2023-04-21 00:00:00-04:00,208.75180610707153,211.92960507547147,208.12617148957972,211.4132080078125,17717200,0.0,0.0
2023-04-24 00:00:00-04:00,212.19771409502508,212.43605469201742,209.24833065429874,211.3138885498047,15750900,0.0,0.0
2023-04-25 00:00:00-04:00,209.3575962553831,209.79453134567675,205.69319053263195,206.1102752685547,19198200,0.0,0.0
2023-04-26 00:00:00-04:00,211.02590456421436,212.6247367296185,207.43102106246127,207.94740295410156,41992700,0.0,0.0
2023-04-27 00:00:00-04:00,238.22591187983951,240.0134285311485,235.12755978619774,236.90513610839844,71196500,0.0,0.0
2023-04-28 00:00:00-04:00,237.35201341308866,238.762161240327,234.11463306207162,238.65293884277344,39554000,0.0,0.0
2023-05-01 00:00:00-04:00,236.96472226230986,242.30740681898098,234.81971739031144,241.4930877685547,29143900,0.0,0.0
2023-05-02 00:00:00-04:00,241.4930540673154,243.22098914953378,237.33213280854153,237.5803985595703,24350100,0.0,0.0
2023-05-03 00:00:00-04:00,237.80883395896282,240.07301673078624,231.13544837265977,235.38575744628906,34463900,0.0,0.0
2023-05-04 00:00:00-04:00,234.42247432943262,236.54762876971571,231.3141819593542,231.9001007080078,17889400,0.0,0.0
2023-05-05 00:00:00-04:00,230.6289595495566,233.05202057233902,228.2555395550634,231.1652069091797,27000500,0.0,0.0
2023-05-08 00:00:00-04:00,229.8146522234274,233.98551405748157,228.6726357621418,231.65182495117188,16400500,0.0,0.0
2023-05-09 00:00:00-04:00,229.8543750252051,234.2437117886461,229.4770062257936,231.75111389160156,16865600,0.0,0.0
2023-05-10 00:00:00-04:00,234.5317268391623,235.1077052956207,229.11953559789785,231.46316528320312,19119000,0.0,0.0
2023-05-11 00:00:00-04:00,231.4333745254559,236.55758411330328,230.6885771488365,234.15435791015625,20449000,0.0,0.0
2023-05-12 00:00:00-04:00,235.0977780320759,235.31625313958426,229.84446542827206,232.18809509277344,16161400,0.0,0.0
2023-05-15 00:00:00-04:00,235.276534169513,238.59336165807903,233.69756730047578,237.2030792236328,20653200,0.0,0.0
2023-05-16 00:00:00-04:00,234.1543802254811,237.97767985100444,233.88626405446402,237.1633758544922,18163800,0.0,0.0
2023-05-17 00:00:00-04:00,236.79590818162305,242.14851802395924,236.48806102557035,240.80789184570312,21193100,0.0,0.0
2023-05-18 00:00:00-04:00,239.6261459129336,245.37597499901185,239.51690835813355,245.1376495361328,22943300,0.0,0.0
2023-05-19 00:00:00-04:00,245.75335793836166,246.96489628724342,241.72152366218964,243.93605041503906,21733600,0.0,0.0
2023-05-22 00:00:00-04:00,243.70762529469803,251.8110240364493,243.4196285026219,246.59744262695312,27738500,0.0,0.0
2023-05-23 00:00:00-04:00,245.09790314444322,249.8646090911643,244.93900941053306,245.0283966064453,17748100,0.0,0.0
2023-05-24 00:00:00-04:00,243.5785163383719,247.85861588162453,243.2508036965043,247.48126220703125,17724300,0.0,0.0
2023-05-25 00:00:00-04:00,251.64221545279156,253.84681702714616,247.44156224887473,250.93714904785156,22371400,0.0,0.0
2023-05-26 00:00:00-04:00,251.1754390496481,260.4903756445673,250.9569791114495,260.2222595214844,25727200,0.0,0.0
2023-05-30 00:00:00-04:00,263.4099867418485,266.7863952138384,259.4774653594547,260.69891357421875,23816500,0.0,0.0
2023-05-31 00:00:00-04:00,258.1963779397753,263.1616929001556,256.65714242440833,262.8836364746094,25473700,0.0,0.0
2023-06-01 00:00:00-04:00,264.055458030824,272.0992747694921,264.0455480083558,270.7189025878906,25609500,0.0,0.0
2023-06-02 00:00:00-04:00,270.7685739237483,273.43991594358334,269.23924834633203,270.7189025878906,19416900,0.0,0.0
2023-06-05 00:00:00-04:00,268.42495029713945,273.65841235642824,267.69009328325524,269.5074157714844,20742900,0.0,0.0
2023-06-06 00:00:00-04:00,268.26610579564505,274.65149486016855,267.81921523595554,269.2392883300781,19419000,0.0,0.0
2023-06-07 00:00:00-04:00,269.7855122477774,272.34760215313315,260.977015574431,261.771484375,26163600,0.0,0.0
2023-06-08 00:00:00-04:00,258.8121074074924,265.79333998070234,257.0841872637423,262.74462890625,20899400,0.0,0.0
2023-06-09 00:00:00-04:00,260.65916343027135,266.09121875819227,259.8845755729935,263.1120300292969,16949800,0.0,0.0
2023-06-12 00:00:00-04:00,265.31667943229814,269.8648950557806,263.48941667516516,269.16973876953125,15442500,0.0,0.0
2023-06-13 00:00:00-04:00,272.9731990602745,273.8073684559375,267.22335503008594,269.4378967285156,16164000,0.0,0.0
2023-06-14 00:00:00-04:00,270.0039631439923,273.0824347639781,266.45872031027324,271.4538269042969,19175100,0.0,0.0
2023-06-15 00:00:00-04:00,270.4110790356921,282.01998948674196,269.5372089354566,279.8749694824219,25973500,0.0,0.0
2023-06-16 00:00:00-04:00,282.77473761942036,285.85323950718237,278.18679062357944,279.0507507324219,43127700,0.0,0.0
2023-06-20 00:00:00-04:00,276.79647611939964,282.824345828367,274.30387815446664,282.35760498046875,20701600,0.0,0.0
2023-06-21 00:00:00-04:00,281.5631833397857,282.0299242153351,276.4290337087428,279.6863098144531,20556200,0.0,0.0
2023-06-22 00:00:00-04:00,277.14399478201034,283.2811468461537,275.86296539659975,282.9037780761719,17563100,0.0,0.0
2023-06-23 00:00:00-04:00,279.5571952211371,287.66059352897247,277.01495618015497,286.72711181640625,51092000,0.0,0.0
2023-06-26 00:00:00-04:00,286.69737824287836,287.77981357074214,275.67436988195124,276.538330078125,24232700,0.0,0.0
2023-06-27 00:00:00-04:00,280.0537302112872,287.3428096162056,278.7031486570512,285.0587463378906,26108300,0.0,0.0
2023-06-28 00:00:00-04:00,282.8442637293146,287.5414332003297,282.08952601055387,283.3110046386719,16722100,0.0,0.0
2023-06-29 00:00:00-04:00,282.52648638101715,284.58213452194684,278.74291793339063,279.57708740234375,15395700,0.0,0.0
2023-06-30 00:00:00-04:00,282.7846868116461,287.04490612365464,282.44704896001576,284.9892883300781,19694900,0.0,0.0
2023-07-03 00:00:00-04:00,284.71119459265833,287.392446700968,282.8740218500381,284.035888671875,8629300,0.0,0.0
2023-07-05 00:00:00-04:00,285.65464698058673,296.0520207544327,284.3735868612731,292.3280334472656,33865500,0.0,0.0
2023-07-06 00:00:00-04:00,293.83750962621986,296.0520213535965,289.2892628145652,289.96453857421875,47600500,0.0,0.0
2023-07-07 00:00:00-04:00,290.1531659549426,294.14529896689464,286.657594793173,288.5146179199219,25586000,0.0,0.0
2023-07-10 00:00:00-04:00,293.499768189484,296.0618877938484,285.0587323828502,292.0598449707031,37058300,0.0,0.0
2023-07-11 00:00:00-04:00,291.86126327728795,298.09769885118925,289.8751369122763,296.2208251953125,27585900,0.0,0.0
2023-07-12 00:00:00-04:00,299.6568071198081,307.30340553817604,298.01825897469564,307.19415283203125,36677100,0.0,0.0
2023-07-13 00:00:00-04:00,311.4444356382771,314.0462560366947,308.13754894473334,311.23590087890625,30281000,0.0,0.0
2023-07-14 00:00:00-04:00,309.6271747881225,312.69573635195104,305.227881905047,306.7274169921875,23054100,0.0,0.0
2023-07-17 00:00:00-04:00,305.4065893968223,309.5476449442271,302.5962042653618,308.4652099609375,25323100,0.0,0.0
2023-07-18 00:00:00-04:00,308.72347853869013,312.02045548737846,305.4860829548435,309.8853454589844,20731900,0.0,0.0
2023-07-19 00:00:00-04:00,310.85856245874305,316.4693633002309,308.3659642076415,313.8179016113281,21763700,0.0,0.0
2023-07-20 00:00:00-04:00,311.32529185234506,313.35114912707894,300.12354093668733,300.42144775390625,23836900,0.0,0.0
2023-07-21 00:00:00-04:00,302.4571962867923,303.34100657173906,289.17994921627593,292.2187194824219,42139300,0.0,0.0
2023-07-24 00:00:00-04:00,293.72824526758416,295.456165615258,286.300121288059,289.587158203125,24915700,0.0,0.0
2023-07-25 00:00:00-04:00,293.1423138094745,296.23072566058914,289.83539654714053,292.42730712890625,19585600,0.0,0.0
2023-07-26 00:00:00-04:00,299.1007222292205,299.67668557873986,289.8751561653458,296.4989013671875,47256900,0.0,0.0
2023-07-27 00:00:00-04:00,322.86467915054084,323.0930945799738,307.690675775202,309.5476989746094,64229200,0.0,0.0
2023-07-28 00:00:00-04:00,314.6818792177491,323.9372357373028,312.07011809012175,323.22222900390625,39220300,0.0,0.0
2023-07-31 00:00:00-04:00,321.44461085167063,323.40094645360466,315.38691962442203,316.3899230957031,25799600,0.0,0.0
2023-08-01 00:00:00-04:00,315.33725541627547,321.8914777328591,312.47722892861134,320.47137451171875,22817900,0.0,0.0
2023-08-02 00:00:00-04:00,315.794074554509,316.1813837210688,308.49505450598787,312.1296691894531,20461100,0.0,0.0
2023-08-03 00:00:00-04:00,307.7800302287447,313.75828931012387,307.7800302287447,311.0174255371094,15180200,0.0,0.0
2023-08-04 00:00:00-04:00,312.7751616601819,316.2012416546554,308.0482016678067,308.57452392578125,17612800,0.0,0.0
2023-08-07 00:00:00-04:00,311.05721788169274,314.87057718841726,308.3064132376697,314.3641052246094,16236500,0.0,0.0
2023-08-08 00:00:00-04:00,312.21905352423573,315.68486458374076,307.9588040537876,310.4712829589844,15183500,0.0,0.0
2023-08-09 00:00:00-04:00,310.70961186199514,311.45440924520847,300.749189402724,303.0928039550781,19955800,0.0,0.0
2023-08-10 00:00:00-04:00,305.80389184171617,310.17336396926396,301.76211724373354,303.619140625,14358900,0.0,0.0
2023-08-11 00:00:00-04:00,300.471148952911,302.6062288375017,298.276457393071,299.547607421875,14046300,0.0,0.0
2023-08-14 00:00:00-04:00,298.8921889735428,304.0858903940154,296.1811153811423,304.0660400390625,15641900,0.0,0.0
2023-08-15 00:00:00-04:00,304.0163444248996,305.09877954029145,297.9487132756446,299.85540771484375,11623600,0.0,0.0
2023-08-16 00:00:00-04:00,298.1175725827558,298.99144270611146,292.2386253443514,292.2485656738281,18547700,0.0,0.0
2023-08-17 00:00:00-04:00,291.01717116691407,293.9963608951782,282.97338314530896,283.1123962402344,23950100,0.0,0.0
2023-08-18 00:00:00-04:00,277.09439819859506,283.7082021437842,272.47666080114544,281.2851257324219,35347900,0.0,0.0
2023-08-21 00:00:00-04:00,281.4837086138186,288.48479037139333,279.8948018139368,287.8889465332031,20181500,0.0,0.0
2023-08-22 00:00:00-04:00,290.5205940494777,290.8681721911875,284.7608402658425,285.6049499511719,12980200,0.0,0.0
2023-08-23 00:00:00-04:00,286.4987104393685,295.3369661560445,285.6744813834375,292.1988830566406,18287000,0.0,0.0
2023-08-24 00:00:00-04:00,296.42938828405966,297.3827205446517,284.6516723617093,284.7608947753906,18360900,0.0,0.0
2023-08-25 00:00:00-04:00,284.145165887689,286.3894983198096,274.1152219434127,283.51953125,23701400,0.0,0.0
2023-08-28 00:00:00-04:00,286.0021582885092,289.4282379320253,283.81740745700915,288.2464904785156,14239300,0.0,0.0
2023-08-29 00:00:00-04:00,286.57818363862026,297.07486962159976,286.1809643938535,295.92291259765625,20844500,0.0,0.0
2023-08-30 00:00:00-04:00,295.1085653050081,296.22079109242657,291.3944888220246,293.05291748046875,17717000,0.0,0.0
2023-08-31 00:00:00-04:00,293.7480915365374,299.01134484309773,293.609078443291,293.8374938964844,17229900,0.0,0.0
2023-09-01 00:00:00-04:00,297.2933153323232,299.646870188194,292.42731187722154,294.3240661621094,12842300,0.0,0.0
2023-09-05 00:00:00-04:00,294.95963926885355,299.2993511822049,293.46013435072877,298.06793212890625,14956000,0.0,0.0
2023-09-06 00:00:00-04:00,299.61702368027,301.1959901842422,293.6090047641939,297.09466552734375,15418100,0.0,0.0
2023-09-07 00:00:00-04:00,295.93280942459444,304.92001852805595,290.1929058097352,296.5981750488281,33748700,0.0,0.0
2023-09-08 00:00:00-04:00,297.144338453534,303.13250766294516,294.72126209393633,295.8235778808594,17548000,0.0,0.0
2023-09-11 00:00:00-04:00,299.3191810869582,306.8962581098335,299.19007802273353,305.426513671875,19489300,0.0,0.0
2023-09-12 00:00:00-04:00,304.20506293760377,306.51891736430514,298.1474011402655,299.5674743652344,13480400,0.0,0.0
2023-09-13 00:00:00-04:00,300.26256497984866,305.04913672382065,299.22980110519165,302.94384765625,13210900,0.0,0.0
2023-09-14 00:00:00-04:00,304.61218228599614,310.6996642714737,302.9140527776012,309.5576477050781,19343100,0.0,0.0
2023-09-15 00:00:00-04:00,309.4483453266738,309.8356544415469,296.67756975773125,298.22674560546875,28131100,0.0,0.0
2023-09-18 00:00:00-04:00,296.1214622037027,301.49393673951823,295.7341530818992,300.4512023925781,14234200,0.0,0.0
2023-09-19 00:00:00-04:00,300.3817966050411,304.0462025907863,297.73030427082966,302.9538269042969,15924400,0.0,0.0
2023-09-20 00:00:00-04:00,302.93390184979273,305.92303162981295,297.3528917945429,297.59124755859375,19379500,0.0,0.0
2023-09-21 00:00:00-04:00,293.64876766916143,298.1771329325282,291.2356013293581,293.6785583496094,21319600,0.0,0.0
2023-09-22 00:00:00-04:00,297.223785161248,303.261626013211,296.20093134106725,297.00531005859375,25369600,0.0,0.0
2023-09-25 00:00:00-04:00,293.58919436823385,298.86235709344436,291.6626494973639,298.7431640625,18987000,0.0,0.0
2023-09-26 00:00:00-04:00,295.59513861033474,298.21680919250775,293.9565907082419,296.8861083984375,19417200,0.0,0.0
2023-09-27 00:00:00-04:00,298.3658446206744,299.20992407915827,284.80059794210763,295.67462158203125,36429800,0.0,0.0
2023-09-28 00:00:00-04:00,296.8662747588232,304.2049950422856,294.6418231934781,301.8514404296875,22167100,0.0,0.0
2023-09-29 00:00:00-04:00,305.2477791028233,308.48517491583306,297.2833926385552,298.12750244140625,25373700,0.0,0.0
2023-10-02 00:00:00-04:00,300.63993566847256,305.0491385865239,299.53765009190124,304.691650390625,16265600,0.0,0.0
2023-10-03 00:00:00-04:00,302.14942466981034,304.64199274116066,297.5614774475946,298.8524475097656,17362300,0.0,0.0
2023-10-04 00:00:00-04:00,296.65774717044013,304.7710556276171,296.429331750097,303.460205078125,16880500,0.0,0.0
2023-10-05 00:00:00-04:00,302.51682647716126,304.0858528897177,297.42240776565654,302.67572021484375,19130000,0.0,0.0
2023-10-06 00:00:00-04:00,299.3489685961365,314.1158132926194,298.8226463208752,313.2419128417969,21803900,0.0,0.0
2023-10-09 00:00:00-04:00,310.33221514145873,318.10788578945574,309.6569395147222,316.15155029296875,22503700,0.0,0.0
2023-10-10 00:00:00-04:00,316.9063193123349,322.40789785267475,315.9529871386854,319.6074523925781,19038000,0.0,0.0
2023-10-11 00:00:00-04:00,320.7693282869798,326.55887294556385,320.70974692421356,325.54595947265625,22036300,0.0,0.0
2023-10-12 00:00:00-04:00,325.72470520119657,328.24709402590145,320.45154242865993,321.9113464355469,20530500,0.0,0.0
2023-10-13 00:00:00-04:00,321.28572429519977,322.7951693946369,310.20313574623543,312.5070495605469,21341000,0.0,0.0
2023-10-16 00:00:00-04:00,316.42964290324574,319.58757630951493,313.3312605530342,318.9222106933594,16536100,0.0,0.0
2023-10-17 00:00:00-04:00,315.972776975224,322.1496300261243,315.098876689302,321.7524108886719,16387800,0.0,0.0
2023-10-18 00:00:00-04:00,319.1606238075437,323.679049633278,313.3710478829819,314.7712707519531,16851000,0.0,0.0
2023-10-19 00:00:00-04:00,317.6610080881102,319.6570744838491,309.58740077470026,310.6400451660156,18709200,0.0,0.0
2023-10-20 00:00:00-04:00,311.96087906686824,313.1128056759852,304.3440712111467,306.5089416503906,22312300,0.0,0.0
2023-10-23 00:00:00-04:00,307.35303227179605,315.1584937626349,305.12858060525525,311.8317565917969,17796800,0.0,0.0
2023-10-24 00:00:00-04:00,314.58253436849895,316.14165074242743,308.47520223338284,310.3818664550781,19525500,0.0,0.0
2023-10-25 00:00:00-04:00,307.8496136372505,308.72351416361414,296.7670239096032,297.4522399902344,42192500,0.0,0.0
2023-10-26 00:00:00-04:00,292.95359454940296,292.95359454940296,277.46180518324184,286.3497314453125,66684100,0.0,0.0
2023-10-27 00:00:00-04:00,292.4372388367085,297.2337203774448,290.93770382583693,294.671630859375,29596300,0.0,0.0
2023-10-30 00:00:00-04:00,297.0152734056479,307.25375273017136,296.97554239139123,300.5605163574219,28435100,0.0,0.0
2023-10-31 00:00:00-04:00,301.20591054466547,301.5733389745444,294.8006426158767,299.1800537109375,19434200,0.0,0.0
2023-11-01 00:00:00-04:00,299.7561059558693,310.57054746980504,299.7561059558693,309.6867370605469,20434600,0.0,0.0
2023-11-02 00:00:00-04:00,315.0989201697946,316.60839552863507,306.1911426491428,308.7135314941406,21631800,0.0,0.0
2023-11-03 00:00:00-04:00,310.38183567622644,313.3610247448418,308.8624504634677,312.4176330566406,16764300,0.0,0.0
2023-11-06 00:00:00-05:00,313.788118889779,316.1217931505225,312.2687334154871,313.6093444824219,12887700,0.0,0.0
2023-11-07 00:00:00-05:00,314.86059760841897,318.77326881523226,312.93405268705885,316.6083984375,14055600,0.0,0.0
2023-11-08 00:00:00-05:00,315.9330988711721,319.10094217538756,312.6957035729342,317.56170654296875,13609700,0.0,0.0
2023-11-09 00:00:00-05:00,317.2042495782576,321.9312096368401,316.588524958862,318.3263854980469,16103100,0.0,0.0
2023-11-10 00:00:00-05:00,317.7206153955323,326.81707716443447,317.24393419027814,326.4893493652344,19096200,0.0,0.0
2023-11-13 00:00:00-05:00,323.9371842361514,330.02463537350303,323.44065270317503,326.90643310546875,16908900,0.0,0.0
2023-11-14 00:00:00-05:00,332.2192792796757,335.754580866764,331.01765132068533,333.97698974609375,17179400,0.0,0.0
2023-11-15 00:00:00-05:00,335.58579853385356,336.05253939255226,327.7306659534748,330.4020080566406,14531200,0.0,0.0
2023-11-16 00:00:00-05:00,327.0851936445304,332.25904399287276,324.11594462578523,331.87176513671875,18932600,0.0,0.0
2023-11-17 00:00:00-05:00,327.96904077299916,333.17268190426256,327.06534968314025,332.71588134765625,14494400,0.0,0.0
2023-11-20 00:00:00-05:00,332.5669165974887,339.4984776499727,331.87176030410876,337.6116638183594,16960500,0.0,0.0
2023-11-21 00:00:00-05:00,335.983036522229,337.5421529147705,333.56990038195556,334.6424255371094,12027900,0.0,0.0
2023-11-22 00:00:00-05:00,336.85694150534493,340.5412275998249,336.2313068739848,339.1211242675781,10702700,0.0,0.0
2023-11-24 00:00:00-05:00,337.7706031488248,339.48858315052064,334.4338949183931,335.8837890625,5467500,0.0,0.0
2023-11-27 00:00:00-05:00,333.84797952206,337.54217584072387,331.88173378053295,332.3782653808594,15684500,0.0,0.0
2023-11-28 00:00:00-05:00,331.0872390330007,337.02576741661284,331.0872390330007,336.6384582519531,12637200,0.0,0.0
2023-11-29 00:00:00-05:00,337.3336328595528,337.5421676409766,328.48543631997484,329.8955993652344,16024500,0.0,0.0
2023-11-30 00:00:00-05:00,329.5877553439527,331.18657252656726,320.1635651009382,324.880615234375,23146400,0.0,0.0
2023-12-01 00:00:00-05:00,323.2222283416098,324.592630130751,318.534968722478,322.5668029785156,15276400,0.0,0.0
2023-12-04 00:00:00-05:00,315.08900590564207,318.6342182124183,311.4841819302408,317.800048828125,19037100,0.0,0.0
2023-12-05 00:00:00-05:00,316.76730831301273,319.64718551244295,313.20221508572604,316.08209228515625,16952100,0.0,0.0
2023-12-06 00:00:00-05:00,319.6967975944425,320.0145850609323,314.840734778022,315.2478942871094,11294300,0.0,0.0
2023-12-07 00:00:00-05:00,315.5656393804306,325.9630108873507,315.5656393804306,324.324462890625,15905100,0.0,0.0
2023-12-08 00:00:00-05:00,320.8488081569184,330.85890288636153,320.7594360993555,330.4418029785156,14087400,0.0,0.0
2023-12-11 00:00:00-05:00,327.11497463782547,327.60159615821783,317.7801876857331,323.0235595703125,25802500,0.0,0.0
2023-12-12 00:00:00-05:00,322.3483177648806,332.1498466082238,322.30858675160493,331.9015808105469,18485500,0.0,0.0
2023-12-13 00:00:00-05:00,331.613589975502,336.0227930461716,330.33256025664025,332.41796875,16353300,0.0,0.0
2023-12-14 00:00:00-05:00,331.5341318558429,332.3782415771225,326.3602814366217,330.8588562011719,19607300,0.0,0.0
2023-12-15 00:00:00-05:00,329.6870122597024,336.31075653936995,328.9223645749602,332.5967102050781,31776900,0.0,0.0
2023-12-18 00:00:00-05:00,335.13891597531506,345.1489777949815,334.68208516986897,342.2293701171875,18993900,0.0,0.0
2023-12-19 00:00:00-05:00,343.182755230737,351.14714120990925,342.72595466047795,347.9295959472656,17729400,0.0,0.0
2023-12-20 00:00:00-05:00,346.23145156558394,352.49767744349367,345.37743182713814,346.8570861816406,16369900,0.0,0.0
2023-12-21 00:00:00-05:00,350.53144247490695,353.9376418145249,346.787574994267,351.63372802734375,15289600,0.0,0.0
2023-12-22 00:00:00-05:00,353.1133483277579,354.7221359363727,348.7836079478467,350.9385681152344,11772800,0.0,0.0
2023-12-26 00:00:00-05:00,352.5274850525142,354.5037013689945,350.9981895908106,352.36859130859375,9898600,0.0,0.0
2023-12-27 00:00:00-05:00,353.6000077612428,356.50967555573715,352.84527005939833,355.3477783203125,13207900,0.0,0.0
2023-12-28 00:00:00-05:00,357.2048130452383,359.38953370527474,355.32790921917086,355.8343811035156,11798800,0.0,0.0
2023-12-29 00:00:00-05:00,356.4997453113809,357.5027488323767,349.3794992017642,351.504638671875,14987100,0.0,0.0
2024-01-02 00:00:00-05:00,348.8829543501039,350.71018691578075,337.65141250884125,343.8878479003906,19042200,0.0,0.0
2024-01-03 00:00:00-05:00,342.58694677323774,345.5363456303031,340.79941486556845,342.0804748535156,15451100,0.0,0.0
2024-01-04 00:00:00-05:00,342.1102764024705,345.7349510637001,341.0179008085137,344.71209716796875,12099900,0.0,0.0
2024-01-05 00:00:00-05:00,344.5829304814247,351.04778049334163,343.8580138665501,349.508544921875,13920700,0.0,0.0
2024-01-08 00:00:00-05:00,352.2395060594666,356.4898150644595,349.60786450736515,356.1720275878906,13890200,0.0,0.0
2024-01-09 00:00:00-05:00,353.92767724109865,358.13828532721635,352.89488314761167,354.9505310058594,13463900,0.0,0.0
2024-01-10 00:00:00-05:00,357.671577377967,370.35298322336445,356.58911184712105,367.9001159667969,22117200,0.0,0.0
2024-01-11 00:00:00-05:00,369.54857861141966,370.19406356936474,360.41238591073494,367.10565185546875,17205400,0.0,0.0
2024-01-12 00:00:00-05:00,367.59226177945345,374.44439150060066,366.97656747114235,371.8922119140625,19310000,0.0,0.0
2024-01-16 00:00:00-05:00,371.05804360841296,373.00443891602794,364.6825950936139,364.9109802246094,15306900,0.0,0.0
2024-01-17 00:00:00-05:00,363.7590794517547,365.9835618810138,356.12242014984747,365.8147277832031,12724800,0.0,0.0
2024-01-18 00:00:00-05:00,368.91304613290293,374.23588075452443,368.376813814001,373.5208740234375,16354300,0.0,0.0
2024-01-19 00:00:00-05:00,376.3709265262171,381.69373035981744,375.3480727138561,380.7900695800781,21670800,0.0,0.0
2024-01-22 00:00:00-05:00,385.25889688784116,387.64224260765957,378.5159889884605,379.1316833496094,17680500,0.0,0.0
2024-01-23 00:00:00-05:00,381.9519604782741,385.6858877821844,379.42957148217187,382.5279541015625,15506100,0.0,0.0
2024-01-24 00:00:00-05:00,387.29465076159596,393.4019834239674,385.1198399136178,387.98980712890625,15698500,0.0,0.0
2024-01-25 00:00:00-05:00,387.463476105673,392.74654921576047,382.98475144483166,390.45257568359375,15091100,0.0,0.0
2024-01-26 00:00:00-05:00,391.6144796109066,394.0375562472737,388.8736154766164,391.40594482421875,13163700,0.0,0.0
2024-01-29 00:00:00-05:00,392.24995975409985,400.13488270174474,390.3730863709906,398.2381286621094,18742400,0.0,0.0
2024-01-30 00:00:00-05:00,400.7903628671586,403.5411369497702,396.7982598167087,397.28485107421875,18614700,0.0,0.0
2024-01-31 00:00:00-05:00,386.30157872571164,395.23914738517544,384.41476473655706,387.4336853027344,20180800,0.0,0.0
2024-02-01 00:00:00-05:00,391.20730397034777,397.7217958803975,390.32346321045657,392.0414733886719,29727100,0.0,0.0
2024-02-02 00:00:00-05:00,456.4118123081212,482.5889413919977,449.86753003715205,471.6950378417969,84707600,0.0,0.0
2024-02-05 00:00:00-05:00,466.6205169046831,468.6264935538415,456.03446010862973,456.22314453125,40832400,0.0,0.0
2024-02-06 00:00:00-05:00,460.7812985876426,463.879650746446,449.8576040090562,451.565673828125,21655200,0.0,0.0
2024-02-07 00:00:00-05:00,454.8229212950101,468.2491241314177,453.0155390941815,466.33251953125,23066000,0.0,0.0
2024-02-08 00:00:00-05:00,465.07131581521656,467.32555813022316,461.8041297477829,466.7396545410156,18815100,0.0,0.0
2024-02-09 00:00:00-05:00,469.6692454531746,470.30479013249504,464.22724828942955,464.86279296875,18413100,0.0,0.0
2024-02-12 00:00:00-05:00,464.9422419936449,475.82620571090297,463.34339455149507,465.6473083496094,19382000,0.0,0.0
2024-02-13 00:00:00-05:00,453.70076734156714,464.64434291204145,451.93311610453003,456.92822265625,20916600,0.0,0.0
2024-02-14 00:00:00-05:00,464.6840540818281,470.82117736036906,462.8568214376938,469.9969482421875,16858400,0.0,0.0
2024-02-15 00:00:00-05:00,471.9830605741492,485.23051957889754,468.94428970905085,480.67236328125,24212300,0.0,0.0
2024-02-16 00:00:00-05:00,474.79337139427923,475.6374810676991,465.95511610372483,470.03662109375,23324600,0.0,0.0
2024-02-20 00:00:00-05:00,466.4616524748836,472.8768323294317,463.3235690928186,468.4775695800781,18015500,0.0,0.0
2024-02-21 00:00:00-05:00,463.75546133458766,466.24075319597347,459.0731799623868,465.2764587402344,12921800,0.5,0.0
2024-02-22 00:00:00-05:00,477.4145965433216,487.1072344138698,473.25919599892245,483.26995849609375,21625800,0.0,0.0
2024-02-23 00:00:00-05:00,485.1786810525682,491.45155549063116,479.51223362447035,481.1823425292969,18374300,0.0,0.0
2024-02-26 00:00:00-05:00,480.62562513120974,483.27993019579174,477.7725149199475,478.9057922363281,12101400,0.0,0.0
2024-02-27 00:00:00-05:00,477.1561876658758,484.40327721976644,477.0965430855337,484.1845703125,10809600,0.0,0.0
2024-02-28 00:00:00-05:00,482.1466697460405,488.16106452209016,479.90990684515685,481.17242431640625,12715500,0.0,0.0
2024-02-29 00:00:00-05:00,485.5664001835374,488.8072305793803,479.77068239389234,487.2464599609375,17732000,0.0,0.0
2024-03-01 00:00:00-05:00,489.2147961734658,501.28338849746706,488.95634643940537,499.3448486328125,16273600,0.0,0.0
2024-03-04 00:00:00-05:00,500.04073241207027,501.4523915660251,493.49945745211545,495.259033203125,12324100,0.0,0.0
2024-03-05 00:00:00-05:00,492.0877837615881,492.6643581190784,485.0196283389058,487.3359069824219,15325300,0.0,0.0
2024-03-06 00:00:00-05:00,494.7023656575051,500.01094591801206,491.38201906781137,493.1714172363281,11757900,0.0,0.0
2024-03-07 00:00:00-05:00,500.3190822784107,516.7915739517953,498.430266500058,509.1766662597656,18586400,0.0,0.0
2024-03-08 00:00:00-05:00,511.1649321102501,520.4897527725559,496.412242084079,502.9734191894531,18597100,0.0,0.0
2024-03-11 00:00:00-04:00,494.0859633671915,494.3941371250027,473.1995612597205,480.7449035644531,20428300,0.0,0.0
2024-03-12 00:00:00-04:00,490.3580671035689,499.3548120932543,481.87825193306827,496.80987548828125,15448200,0.0,0.0
2024-03-13 00:00:00-04:00,492.47554623392085,498.032655619547,488.1411811210766,492.65447998046875,12090700,0.0,0.0
2024-03-14 00:00:00-04:00,497.3168902547745,498.40047394838774,485.2880706609728,488.93646240234375,12620000,0.0,0.0
2024-03-15 00:00:00-04:00,486.13303946882996,488.93642563448503,478.46837751695034,481.2519226074219,29153600,0.0,0.0
2024-03-18 00:00:00-04:00,489.0159429440021,494.4935355953168,483.9459417747558,494.0561218261719,11755300,0.0,0.0
2024-03-19 00:00:00-04:00,485.2980263600341,493.7082462490932,478.4485468375205,493.3205261230469,10903100,0.0,0.0
2024-03-20 00:00:00-04:00,496.56135656046746,505.2101851162554,492.25684403551685,502.5459289550781,11711100,0.0,0.0
2024-03-21 00:00:00-04:00,511.68185921058966,512.0098740545075,503.03303126628924,504.7727355957031,9712500,0.0,0.0
2024-03-22 00:00:00-04:00,504.0172535891752,506.9697819095209,501.37289907179155,506.5820617675781,8120600,0.0,0.0
2024-03-25 00:00:00-04:00,502.81436147156455,504.23594126166455,497.2969948454398,500.0606384277344,8380600,0.0,0.0
2024-03-26 00:00:00-04:00,502.15819366550943,506.99953733459927,492.296542257246,492.9725646972656,11205400,0.0,0.0
2024-03-27 00:00:00-04:00,496.3625268537015,496.9490824876934,485.19861413937207,490.95452880859375,9989700,0.0,0.0
2024-03-28 00:00:00-04:00,489.9405029909663,489.9902270320551,482.2957426384375,482.72320556640625,15212800,0.0,0.0
2024-04-01 00:00:00-04:00,484.3337109507277,494.5035062693651,478.9455846143477,488.45928955078125,9247000,0.0,0.0
2024-04-02 00:00:00-04:00,482.24610547231356,494.60297103307335,481.79874074024735,494.44390869140625,11081000,0.0,0.0
2024-04-03 00:00:00-04:00,495.99464834551486,504.2557558702838,495.81571461685667,503.7586975097656,12099200,0.0,0.0
2024-04-04 00:00:00-04:00,513.3817659558945,526.8818886970938,507.5761276530795,507.9141540527344,26476300,0.0,0.0
2024-04-05 00:00:00-04:00,513.8191043018942,527.5777050911468,511.3835064351155,524.2374877929688,19263300,0.0,0.0
2024-04-08 00:00:00-04:00,526.1661496559301,528.363108870354,515.8372619219651,516.1951293945312,13260600,0.0,0.0
2024-04-09 00:00:00-04:00,519.1575460910624,522.7761454501457,503.7586880786701,513.8589477539062,10863800,0.0,0.0
2024-04-10 00:00:00-04:00,506.29378924573456,519.4857091896904,502.82430073937064,516.7717895507812,11418500,0.0,0.0
2024-04-11 00:00:00-04:00,518.0441650826642,520.7779861454409,514.2466318161514,520.0820922851562,10369500,0.0,0.0
2024-04-12 00:00:00-04:00,514.703986717133,517.1296341998783,506.3335096925716,508.8883972167969,11984500,0.0,0.0
2024-04-15 00:00:00-04:00,513.6800255378373,515.4794352711156,494.3544220379405,497.2870788574219,13512900,0.0,0.0
2024-04-16 00:00:00-04:00,495.1795072199256,501.8003287823735,494.185390414838,496.81982421875,9847900,0.0,0.0
2024-04-17 00:00:00-04:00,500.1401507465026,500.19979532538446,484.2740556651734,491.2626953125,12193700,0.0,0.0
2024-04-18 00:00:00-04:00,496.87944655072096,509.19656777647754,496.10403669099543,498.8477783203125,14808700,0.0,0.0
2024-04-19 00:00:00-04:00,499.8419152749836,499.8419152749836,472.93119653596085,478.2397766113281,25215400,0.0,0.0
2024-04-22 00:00:00-04:00,486.8388881901566,489.1154241927228,470.61489447706913,478.8959045410156,17271100,0.0,0.0
2024-04-23 00:00:00-04:00,488.35992348767746,495.82575105924457,486.09333818608064,493.181396484375,15079200,0.0,0.0
2024-04-24 00:00:00-04:00,505.0709875978213,506.99957664976733,481.72911381389923,490.5966491699219,37772700,0.0,0.0
2024-04-25 00:00:00-04:00,418.92080020267707,443.1474209983465,412.06140056723507,438.78326416015625,82890700,0.0,0.0
2024-04-26 00:00:00-04:00,438.8628170424118,443.8135298876652,429.41870694726816,440.68206787109375,32691400,0.0,0.0
2024-04-29 00:00:00-04:00,436.9739404903706,437.17277596843513,426.03865663357846,430.07476806640625,21502600,0.0,0.0
2024-04-30 00:00:00-04:00,428.5140490387037,437.0336375847917,427.19188699859626,427.6392517089844,18429500,0.0,0.0
2024-05-01 00:00:00-04:00,426.0784771215956,447.31279793430986,424.59722242297005,436.6061706542969,20344900,0.0,0.0
2024-05-02 00:00:00-04:00,436.2581939843876,441.34806692594435,429.7367904857635,439.08148193359375,15221300,0.0,0.0
2024-05-03 00:00:00-04:00,443.30647212359105,451.49801471944727,441.2387226459596,449.3009948730469,16489100,0.0,0.0
2024-05-06 00:00:00-04:00,452.89972179422654,463.41749460646207,450.67290985368646,462.9403076171875,15094600,0.0,0.0
2024-05-07 00:00:00-04:00,463.54668959129594,468.75585144791603,458.59597744963037,465.4851989746094,13406800,0.0,0.0
2024-05-08 00:00:00-04:00,460.7730816948324,472.7819978539155,460.276023354277,469.8195495605469,11683900,0.0,0.0
2024-05-09 00:00:00-04:00,467.23485985196453,473.2790761796121,464.87880807232847,472.62298583984375,9437700,0.0,0.0
2024-05-10 00:00:00-04:00,474.2831551113348,474.69074661810515,466.83723038564307,473.3984069824219,10750000,0.0,0.0
2024-05-13 00:00:00-04:00,469.96875715647985,470.5652333547993,460.1270060673471,465.25665283203125,14668800,0.0,0.0
2024-05-14 00:00:00-04:00,460.6438839752648,469.7599481269555,457.3732312994019,469.0740051269531,10478600,0.0,0.0
2024-05-15 00:00:00-04:00,472.18565731363447,479.6614054994127,468.427896635368,478.7070617675781,13100500,0.0,0.0
2024-05-16 00:00:00-04:00,472.20549873568376,474.87967546082996,469.9687358469358,470.4459228515625,16608200,0.0,0.0
2024-05-17 00:00:00-04:00,468.060003849129,470.0184151764491,465.6642090368279,469.1336669921875,10807300,0.0,0.0
2024-05-20 00:00:00-04:00,467.1852115197864,470.4160911835801,464.29232793410193,466.08172607421875,11745100,0.0,0.0
2024-05-21 00:00:00-04:00,464.37182544918653,467.93078051111434,459.55035299827114,461.896484375,11742200,0.0,0.0
2024-05-22 00:00:00-04:00,465.1174209727308,470.9330103029686,462.9104804698009,465.0279541015625,10078600,0.0,0.0
2024-05-23 00:00:00-04:00,470.0979384344224,471.56921182322856,458.824658013912,463.0397033691406,11747900,0.0,0.0
2024-05-24 00:00:00-04:00,464.8688807910191,477.0269398531673,463.556639368811,475.4065246582031,12024300,0.0,0.0
2024-05-28 00:00:00-04:00,473.77615043562696,478.0309689396704,472.0463969875921,477.0965270996094,10175800,0.0,0.0
2024-05-29 00:00:00-04:00,471.86746709937256,477.02693553440264,470.91312350005967,471.5692138671875,9226200,0.0,0.0
2024-05-30 00:00:00-04:00,468.895122080313,468.9547666660625,461.9760467529807,464.3022766113281,10719600,0.0,0.0
2024-05-31 00:00:00-04:00,463.05961798385624,466.3600932168862,451.7863365116036,464.08355712890625,16919800,0.0,0.0
2024-06-03 00:00:00-04:00,468.08981747441885,476.7784188544019,465.48523633705065,474.6808166503906,11279400,0.0,0.0
2024-06-04 00:00:00-04:00,474.1936972137186,476.07259246304915,470.44588792892165,474.1837463378906,7088700,0.0,0.0
2024-06-05 00:00:00-04:00,481.59989624411645,493.72810301008064,481.06306467707714,492.1474609375,15690500,0.0,0.0
2024-06-06 00:00:00-04:00,490.07969267755135,499.8617979835521,488.00199228373344,490.8551025390625,10667300,0.0,0.0
2024-06-07 00:00:00-04:00,492.99247117957646,495.97482161134235,487.28625039496967,490.059814453125,9380700,0.0,0.0
2024-06-10 00:00:00-04:00,490.95452567185265,499.70277202447545,490.5071912988335,499.64312744140625,11220900,0.0,0.0
2024-06-11 00:00:00-04:00,497.21744490879473,504.61367606871437,495.33854966036307,504.48443603515625,9673700,0.0,0.0
2024-06-12 00:00:00-04:00,510.966038992328,510.9859407429061,501.5020588176396,505.8463439941406,11983200,0.0,0.0
2024-06-13 00:00:00-04:00,502.7347908052071,506.36331100254307,498.4103767232153,501.13427734375,9954600,0.0,0.0
2024-06-14 00:00:00-04:00,500.1889118858626,504.6668789222054,498.29822076637157,501.6915283203125,10243300,0.5,0.0
2024-06-17 00:00:00-04:00,499.2137986578231,508.24932892109587,493.58150680670605,504.1495056152344,11266600,0.0,0.0
2024-06-18 00:00:00-04:00,502.0895867902152,503.5225387370223,492.596287734658,497.0444030761719,13060400,0.0,0.0
2024-06-20 00:00:00-04:00,499.54214083877173,501.2039776573373,494.3377366859417,499.2436218261719,11801200,0.0,0.0
2024-06-21 00:00:00-04:00,500.98504667305747,500.98504667305747,489.979200494197,492.35748291015625,22359200,0.0,0.0
2024-06-24 00:00:00-04:00,496.75584325197343,505.31371188112524,491.86987981067074,496.4672546386719,13525300,0.0,0.0
2024-06-25 00:00:00-04:00,494.6163313992583,508.2094529447459,493.07393265728075,508.1000061035156,12063200,0.0,0.0
2024-06-26 00:00:00-04:00,504.16940336673827,511.2943511964364,502.2090473970576,510.60772705078125,8882300,0.0,0.0
2024-06-27 00:00:00-04:00,511.73217509345994,520.319926517376,511.38391302671926,517.0161743164062,10121200,0.0,0.0
2024-06-28 00:00:00-04:00,514.6179667414566,519.3247883921233,501.37310690877666,501.7512512207031,15855100,0.0,0.0
2024-07-01 00:00:00-04:00,502.4777123736727,504.0997061759719,490.75538997483915,502.2090148925781,10328200,0.0,0.0
2024-07-02 00:00:00-04:00,498.30820385105653,508.00050544177236,497.0046202626273,507.0054016113281,7739500,0.0,0.0
2024-07-03 00:00:00-04:00,503.8907460042261,508.7767096909394,503.54245357318325,507.4631652832031,6005600,0.0,0.0
2024-07-05 00:00:00-04:00,509.09512300088096,538.2218010293692,509.09512300088096,537.2664794921875,21354100,0.0,0.0
2024-07-08 00:00:00-04:00,539.6946280782491,540.1523977816078,524.0715439259956,526.7284545898438,14917500,0.0,0.0
2024-07-09 00:00:00-04:00,531.1366686551077,534.8483865011414,525.6038937960874,527.405029296875,8753200,0.0,0.0
2024-07-10 00:00:00-04:00,528.1911531915238,536.241570100338,525.7730581128677,532.0720825195312,10983300,0.0,0.0
2024-07-11 00:00:00-04:00,528.2906366412508,532.8382680001971,505.8808810853549,510.189697265625,16458300,0.0,0.0
2024-07-12 00:00:00-04:00,495.3228785549261,505.6022874749347,491.8101633460848,496.42742919921875,19750500,0.0,0.0
2024-07-15 00:00:00-04:00,496.18865119987476,504.19922526492195,490.95439508743516,493.7307434082031,12539200,0.0,0.0
2024-07-16 00:00:00-04:00,499.0445639252562,501.4825804227028,483.411491472676,487.39190673828125,14075800,0.0,0.0
2024-07-17 00:00:00-04:00,476.8239032636759,476.8239032636759,456.87205376676457,459.7279968261719,28076600,0.0,0.0
2024-07-18 00:00:00-04:00,472.6743277747539,476.8935583722376,462.2655500283145,473.5201721191406,19267200,0.0,0.0
2024-07-19 00:00:00-04:00,473.7291296735296,484.3269794518845,473.38083725734424,474.45556640625,15149400,0.0,0.0
2024-07-22 00:00:00-04:00,484.197557461303,489.6507368103618,481.53068676493757,485.0135498046875,12023100,0.0,0.0
2024-07-23 00:00:00-04:00,487.4416655984561,492.79532916331743,485.3320502981374,486.29730224609375,9455500,0.0,0.0
2024-07-24 00:00:00-04:00,469.9974592525505,473.96791357765954,458.32488109609346,459.0115051269531,17649700,0.0,0.0
2024-07-25 00:00:00-04:00,460.99181179623156,461.28037004297926,440.4827059887369,451.1900329589844,18240500,0.0,0.0
2024-07-26 00:00:00-04:00,461.9272051107502,467.4699103049838,457.1706100687651,463.41986083984375,14222400,0.0,0.0
2024-07-29 00:00:00-04:00,467.57940602342404,471.63941640526457,462.7431854783001,463.4298095703125,11339600,0.0,0.0
2024-07-30 00:00:00-04:00,464.7134928556887,470.41544878621977,454.4639354603108,460.9221496582031,11390400,0.0,0.0
2024-07-31 00:00:00-04:00,468.7137838808179,474.166963671529,464.46470156072644,472.505126953125,24285800,0.0,0.0
2024-08-01 00:00:00-04:00,518.4490717442071,524.5888450886373,489.69057844469546,495.3029479980469,43083100,0.0,0.0
2024-08-02 00:00:00-04:00,486.6057441489951,498.6962488962436,473.8186546145976,485.7499694824219,24044700,0.0,0.0
2024-08-05 00:00:00-04:00,449.1401205576873,481.11281153240685,448.5927952293006,473.4007568359375,21396200,0.0,0.0
2024-08-06 00:00:00-04:00,476.65469498140897,500.0993368395598,476.30640259620463,491.6708068847656,20955000,0.0,0.0
2024-08-07 00:00:00-04:00,500.6666011821778,507.65221922463576,484.4762422275854,486.52618408203125,20105300,0.0,0.0
2024-08-08 00:00:00-04:00,495.0641514061811,507.4631365242445,492.2977639959644,507.134765625,16156800,0.0,0.0
2024-08-09 00:00:00-04:00,505.2241519485124,515.8021407821636,503.22401392066257,515.2349243164062,13696600,0.0,0.0
2024-08-12 00:00:00-04:00,514.3292847345034,515.4836390409224,506.6073006588977,513.4237670898438,9767400,0.0,0.0
2024-08-13 00:00:00-04:00,517.4639444796859,528.8976775945399,515.6130659607747,525.9521484375,13743800,0.0,0.0
2024-08-14 00:00:00-04:00,525.474592232972,531.3855121572074,520.5687370214526,524.1809692382812,11444200,0.0,0.0
2024-08-15 00:00:00-04:00,529.1861228164051,537.1270908636612,524.1210794928909,534.6990356445312,13482100,0.0,0.0
2024-08-16 00:00:00-04:00,529.2956914023695,531.047022925906,522.0910894723046,524.8375854492188,14776700,0.0,0.0
2024-08-19 00:00:00-04:00,524.2903035676547,529.0568286256623,520.2004417656934,526.6885375976562,9879700,0.0,0.0
2024-08-20 00:00:00-04:00,525.7630642608573,528.4896996697129,523.3051870478047,524.1510009765625,7944400,0.0,0.0
2024-08-21 00:00:00-04:00,524.5690033025425,536.759025104398,524.3500488791344,532.5397338867188,13423300,0.0,0.0
2024-08-22 00:00:00-04:00,534.3708067373781,541.5653886662076,526.0020094675776,529.3256225585938,15708300,0.0,0.0
2024-08-23 00:00:00-04:00,534.2911036177962,537.2266719109294,522.4891873843347,525.414794921875,11323900,0.0,0.0
2024-08-26 00:00:00-04:00,525.0167963537939,525.4148622106036,512.4287683884583,518.5685424804688,9584000,0.0,0.0
2024-08-27 00:00:00-04:00,516.4390030353331,521.4444048101191,512.7869887253286,516.5584106445312,6282700,0.0,0.0
2024-08-28 00:00:00-04:00,515.1353520558432,518.5386506823367,509.9409395253756,514.249755859375,9106100,0.0,0.0
2024-08-29 00:00:00-04:00,516.5086314086758,524.6187519270367,513.1551363566217,515.6826782226562,8317400,0.0,0.0
2024-08-30 00:00:00-04:00,518.7974116868138,520.9766917316866,512.6775589346211,518.7576293945312,9157500,0.0,0.0
2024-09-03 00:00:00-04:00,517.0957563465828,522.9170893173817,506.12969296841686,509.25433349609375,12459100,0.0,0.0
2024-09-04 00:00:00-04:00,503.59213699384,514.060647358583,501.6019295928659,510.2294616699219,8335200,0.0,0.0
2024-09-05 00:00:00-04:00,509.2145278610141,519.0760103589896,508.6473113953943,514.329345703125,8640900,0.0,0.0
2024-09-06 00:00:00-04:00,519.3247650985389,522.011557449387,495.8104579393683,497.820556640625,14744500,0.0,0.0
2024-09-09 00:00:00-04:00,503.6817382618634,508.82640785276607,499.62169779030836,502.3184509277344,11047800,0.0,0.0
2024-09-10 00:00:00-04:00,505.6719458429353,511.6624597294251,497.5817471669727,502.3184509277344,9899000,0.0,0.0
2024-09-11 00:00:00-04:00,504.5275670486504,510.6076364452127,493.1734295034738,509.3239440917969,10782500,0.0,0.0
2024-09-12 00:00:00-04:00,514.5184847109804,524.1312228711816,512.697427478041,523.026611328125,11970500,0.0,0.0
2024-09-13 00:00:00-04:00,517.7923180495212,524.9968595658981,514.5780915987693,522.0513305664062,10321400,0.0,0.0
2024-09-16 00:00:00-04:00,522.469676680895,531.9919419852342,515.3579036757625,531.1752319335938,9527600,0.5,0.0
2024-09-17 00:00:00-04:00,535.4782247044067,539.9604645120695,528.4760016845663,534.2033081054688,11690800,0.0,0.0
2024-09-18 00:00:00-04:00,534.9502506269691,542.0521141587554,531.7927792933529,535.8267822265625,10323500,0.0,0.0
2024-09-19 00:00:00-04:00,547.8292508952223,559.8516201147253,544.3630052709944,556.893310546875,15647000,0.0,0.0
2024-09-20 00:00:00-04:00,557.7898128965492,562.2720524644678,554.1044037596297,559.1344604492188,22066800,0.0,0.0
2024-09-23 00:00:00-04:00,567.2522491176607,571.7145476196829,560.1902057812791,562.1823120117188,12830700,0.0,0.0
2024-09-24 00:00:00-04:00,564.4433820957124,565.5091662433006,552.0026881920077,561.1066284179688,12993000,0.0,0.0
2024-09-25 00:00:00-04:00,561.8236989002396,574.6030762858749,561.4949843782488,566.06689453125,16543400,0.0,0.0
2024-09-26 00:00:00-04:00,573.4576286297669,575.12108106941,560.1304333621082,565.5988159179688,14400800,0.0,0.0
2024-09-27 00:00:00-04:00,567.8499035731115,568.587034006437,562.2820002439122,565.1207275390625,9398400,0.0,0.0
2024-09-30 00:00:00-04:00,565.4593818880203,572.4118133775064,562.5708034533277,570.1806640625,12792300,0.0,0.0
2024-10-01 00:00:00-04:00,575.6987520585425,580.7387783195545,567.8498487564399,574.1947021484375,15259300,0.0,0.0
2024-10-02 00:00:00-04:00,572.5910911056551,573.726606271189,567.0929191356522,570.5491943359375,6524700,0.0,0.0
2024-10-03 00:00:00-04:00,567.8996641519551,581.0574858806771,566.4852250655888,580.4698486328125,11581000,0.0,0.0
2024-10-04 00:00:00-04:00,581.4261200952628,594.494333330652,579.1352098739677,593.5879516601562,14169500,0.0,0.0
2024-10-07 00:00:00-04:00,595.8589431511809,600.5703163409895,581.7349154298203,582.4720458984375,12014200,0.0,0.0
2024-10-08 00:00:00-04:00,587.3626054402398,591.2173264049184,583.6572559768421,590.5499877929688,7857400,0.0,0.0
2024-10-09 00:00:00-04:00,591.645566596269,592.0440121509104,579.3144244494694,588.1793212890625,9529700,0.0,0.0
2024-10-10 00:00:00-04:00,585.2509246510792,587.900399135785,580.2208686773732,581.5256958007812,7740400,0.0,0.0
2024-10-11 00:00:00-04:00,582.5218551504805,588.876679922811,580.4102270662737,587.6216430664062,8587100,0.0,0.0
2024-10-14 00:00:00-04:00,591.8746503066451,597.731447461574,587.631515121897,588.0896606445312,8252000,0.0,0.0
2024-10-15 00:00:00-04:00,587.8306549386698,588.2788909804673,577.850244485156,583.9560546875,9564200,0.0,0.0
2024-10-16 00:00:00-04:00,579.1052785857133,579.7825873772659,571.7643723313396,574.513427734375,11268400,0.0,0.0
2024-10-17 00:00:00-04:00,581.0276570619114,582.6611379007146,572.9297407014117,574.6528930664062,8701200,0.0,0.0
2024-10-18 00:00:00-04:00,578.8064328711839,581.6651004084903,572.9795465460454,574.1947021484375,7694300,0.0,0.0
2024-10-21 00:00:00-04:00,573.756575861057,574.9617613706962,566.8638436822902,572.8899536132812,8171900,0.0,0.0
2024-10-22 00:00:00-04:00,572.0233890911012,581.226972027945,569.8619705986506,579.7129516601562,8544500,0.0,0.0
2024-10-23 00:00:00-04:00,577.6808610458894,582.6910370930768,560.2798433587277,561.4651489257812,14248400,0.0,0.0
2024-10-24 00:00:00-04:00,564.8916036624881,566.6346966004356,559.3037603206038,565.5390625,7184700,0.0,0.0
2024-10-25 00:00:00-04:00,571.6647966628544,578.9957335073058,569.4634972400297,570.9874877929688,11337900,0.0,0.0
2024-10-28 00:00:00-04:00,579.7029225322412,581.4460155123639,571.8540189924909,575.8780517578125,10925100,0.0,0.0
2024-10-29 00:00:00-04:00,577.8602930748424,591.3268911100713,573.1290403357294,590.9384765625,13019100,0.0,0.0
2024-10-30 00:00:00-04:00,598.6079319045934,598.8270951847134,587.0537410474774,589.4641723632812,26864900,0.0,0.0
2024-10-31 00:00:00-04:00,582.6910719821886,587.571756560939,560.7878737214265,565.33984375,26838400,0.0,0.0
2024-11-01 00:00:00-04:00,565.3696838064145,571.405763142559,560.339627825337,564.9214477539062,15303200,0.0,0.0
2024-11-04 00:00:00-05:00,561.8735255720723,566.4454360194603,555.6880747714519,558.467041015625,12064600,0.0,0.0
2024-11-05 00:00:00-05:00,565.0609576479214,571.2165590136462,564.4334392801001,570.1707153320312,9775400,0.0,0.0
2024-11-06 00:00:00-05:00,560.5288934332871,570.7384379160791,552.9787937592303,569.7921752929688,18305400,0.0,0.0
2024-11-07 00:00:00-05:00,574.6131397370345,592.4524256318628,572.9397776720764,589.3646850585938,14653700,0.0,0.0
2024-11-08 00:00:00-05:00,589.205245296399,590.7590857439004,582.2129936797714,587.0139770507812,9415700,0.0,0.0
2024-11-11 00:00:00-05:00,584.0456366766098,584.6831252027152,574.2345387059856,580.8682250976562,10209100,0.0,0.0
2024-11-12 00:00:00-05:00,586.2170067032824,597.2931111235839,578.0892410286386,582.51171875,16287700,0.0,0.0
2024-11-13 00:00:00-05:00,580.3104381986861,583.3285080451261,572.899801262269,577.7107543945312,10757600,0.0,0.0
2024-11-14 00:00:00-05:00,574.7227383039827,578.4679083361312,570.7484954732962,574.882080078125,11053700,0.0,0.0
2024-11-15 00:00:00-05:00,568.965368719872,570.3100767540825,549.3232326292208,551.89306640625,17712900,0.0,0.0
2024-11-18 00:00:00-05:00,554.8414482862169,557.690206619492,547.9189272359731,552.2119140625,14327300,0.0,0.0
2024-11-19 00:00:00-05:00,549.6818763732618,559.2141123072212,548.4268396780825,558.87548828125,9522400,0.0,0.0
2024-11-20 00:00:00-05:00,560.7081596102355,564.1146441614266,552.012635573936,563.2879638671875,9797300,0.0,0.0
2024-11-21 00:00:00-05:00,567.272167698836,567.7502537214924,546.8829296056848,560.8675537109375,11154700,0.0,0.0
2024-11-22 00:00:00-05:00,561.3257340956305,561.6046581556811,552.4011368821567,556.9331665039062,9164000,0.0,0.0
2024-11-25 00:00:00-05:00,559.8814479460827,570.3300964942197,554.1940234019514,562.8795776367188,13599800,0.0,0.0
2024-11-26 00:00:00-05:00,563.7660269968359,575.2206370859942,562.9691967147016,571.2762451171875,10356600,0.0,0.0
2024-11-27 00:00:00-05:00,572.6210363268373,572.7106470696727,561.8735834357757,566.9534912109375,7200200,0.0,0.0
2024-11-29 00:00:00-05:00,566.7542128784901,576.1768970734391,564.6625256899628,572.05322265625,7130500,0.0,0.0
2024-12-02 00:00:00-05:00,575.220721827725,592.1536261932165,573.2983464509542,590.490234375,12522400,0.0,0.0
2024-12-03 00:00:00-05:00,592.6515529773995,611.7757833163611,588.9163541140966,611.2279663085938,14907200,0.0,0.0
2024-12-04 00:00:00-05:00,610.5407730504924,615.3417566258435,602.7117489296108,611.3575439453125,14697000,0.0,0.0
2024-12-05 00:00:00-05:00,614.6444684702592,617.453345528134,604.6540266228751,606.526611328125,8081200,0.0,0.0
2024-12-06 00:00:00-05:00,607.6920148593949,627.3043042136323,606.1282648810326,621.30810546875,16935500,0.0,0.0
2024-12-09 00:00:00-05:00,621.4574408246348,623.9276938833166,603.7774980807178,611.1483154296875,11426000,0.0,0.0
2024-12-10 00:00:00-05:00,615.1226080382442,623.1209443670939,610.3216243479825,616.8756713867188,10938900,0.0,0.0
2024-12-11 00:00:00-05:00,620.9096094972598,635.8803166127035,619.0769058574836,630.182861328125,10837200,0.0,0.0
2024-12-12 00:00:00-05:00,629.0075125330641,634.1471196152161,624.7344667566571,628.30029296875,7474700,0.0,0.0
2024-12-13 00:00:00-05:00,624.7444306032417,628.5892419845969,614.455245285517,617.9015502929688,8453300,0.0,0.0
2024-12-16 00:00:00-05:00,627.9997182991576,629.1660843597223,616.6355892593001,622.2777709960938,10885600,0.5,0.0
2024-12-17 00:00:00-05:00,624.2016843799404,630.3822075101276,614.6019503899752,617.4928588867188,12897800,0.0,0.0
2024-12-18 00:00:00-05:00,619.0479587782994,625.387952256149,594.4455447869857,595.3128051757812,17075500,0.0,0.0
2024-12-19 00:00:00-05:00,608.4712976770209,609.5977504710141,593.1296604292414,593.6978759765625,14958100,0.0,0.0
2024-12-20 00:00:00-05:00,588.7235406079465,601.2141211648265,578.1767815903994,583.4102783203125,48989400,0.0,0.0
2024-12-23 00:00:00-05:00,587.746636194458,599.2005698155671,584.4071908696653,597.9644165039062,10205800,0.0,0.0
2024-12-24 00:00:00-05:00,600.8253211686514,606.0787743995681,597.3961932142544,605.8395385742188,4726100,0.0,0.0
2024-12-26 00:00:00-05:00,603.5767396891605,604.3941694362019,597.0573191588121,601.4534301757812,6081400,0.0,0.0
2024-12-27 00:00:00-05:00,597.5257325712804,599.958064884052,587.9459561336816,597.9244995117188,8084200,0.0,0.0
2024-12-30 00:00:00-05:00,586.8992458198082,595.0635027304218,583.739227850836,589.3814086914062,7025900,0.0,0.0
2024-12-31 00:00:00-05:00,590.4082547146103,592.1028621932754,582.0146786657892,583.6694946289062,6019500,0.0,0.0
2025-01-02 00:00:00-05:00,587.8662892601321,603.0085445892757,585.9722980833435,597.3563842773438,12682300,0.0,0.0
2025-01-03 00:00:00-05:00,602.8589663338769,607.5840565630332,594.5351777814667,602.7293701171875,11436800,0.0,0.0
2025-01-06 00:00:00-05:00,609.906744646259,629.0064888916852,603.7162437232414,628.218994140625,14560800,0.0,0.0
2025-01-07 00:00:00-05:00,629.7142790484268,630.112985152474,606.3180247667793,615.9476928710938,12071500,0.0,0.0
2025-01-08 00:00:00-05:00,611.4718611566152,614.5022833089956,600.895166417742,608.8002319335938,10085800,0.0,0.0
2025-01-10 00:00:00-05:00,608.112442272843,627.9298948978874,595.462329972656,613.924072265625,19256600,0.0,0.0
2025-01-13 00:00:00-05:00,605.1916106669787,607.0557276203978,596.5688376806378,606.4177856445312,10785000,0.0,0.0
2025-01-14 00:00:00-05:00,603.1679523273406,603.5866150091213,586.6998639533412,592.3819580078125,13598000,0.0,0.0
2025-01-15 00:00:00-05:00,608.2918626953108,620.5033555415417,604.5935029582943,615.1801147460938,15524300,0.0,0.0
2025-01-16 00:00:00-05:00,609.5778014543201,614.3128702309481,607.7934500715568,609.37841796875,8355300,0.0,0.0
2025-01-17 00:00:00-05:00,622.0883835023329,623.0054745889828,601.7724400021073,610.8438720703125,17280600,0.0,0.0
2025-01-21 00:00:00-05:00,615.8879054164239,619.5463519549992,607.0956232572347,614.522216796875,11674000,0.0,0.0
2025-01-22 00:00:00-05:00,621.3407166057895,631.7080497498704,617.482886369199,621.5401000976562,12274000,0.0,0.0
2025-01-23 00:00:00-05:00,625.3878883324852,634.5988327915112,619.197448317166,634.4493408203125,9910200,0.0,0.0
2025-01-24 00:00:00-05:00,634.3996055778308,649.9505452055507,632.2065087474339,645.4547119140625,19065300,0.0,0.0
2025-01-27 00:00:00-05:00,624.6402872001196,661.7831731182577,623.1350240288891,657.8057250976562,28399200,0.0,0.0
2025-01-28 00:00:00-05:00,663.9064946462431,680.434394086623,657.3969918528114,672.2103271484375,20950100,0.0,0.0
2025-01-29 00:00:00-05:00,672.8782187611764,678.9091891458575,663.5775294568425,674.363525390625,21377800,0.0,0.0
2025-01-30 00:00:00-05:00,694.6296546921253,708.5557128184324,673.9747533685537,684.8405151367188,29322900,0.0,0.0
2025-01-31 00:00:00-05:00,688.8279583138682,703.0829965126293,683.4250122037394,687.013671875,19303900,0.0,0.0
2025-02-03 00:00:00-05:00,673.7852712039112,701.786997935187,673.1273726643963,695.267578125,21415700,0.0,0.0
2025-02-04 00:00:00-05:00,700.291750368734,705.4853950757674,689.435967564897,701.9764404296875,13826300,0.0,0.0
2025-02-05 00:00:00-05:00,701.338499801199,715.8826654247008,696.8127924114283,702.6543579101562,17778200,0.0,0.0
2025-02-06 00:00:00-05:00,703.6611131134636,716.6402049884904,701.2885896343017,709.7518920898438,13080700,0.0,0.0
2025-02-07 00:00:00-05:00,714.5467269625192,722.7309407303161,709.5126138066624,712.27392578125,16427100,0.0,0.0
2025-02-10 00:00:00-05:00,716.3012242622654,718.932940098342,709.0939710353202,715.1448974609375,12904300,0.0,0.0
2025-02-11 00:00:00-05:00,711.077742352479,721.3852053088176,707.8080235680292,717.537353515625,12998000,0.0,0.0
2025-02-12 00:00:00-05:00,713.0515218383842,724.8144176821432,710.3599968194253,723.099853515625,12016500,0.0,0.0
2025-02-13 00:00:00-05:00,719.2519879198333,726.7084557601091,715.7828856053137,726.2698364257812,12569100,0.0,0.0
2025-02-14 00:00:00-05:00,723.8574410856692,738.5809711848887,723.3390562017464,734.3543090820312,16901200,0.0,0.0
